-- MySQL dump 10.13  Distrib 5.7.36, for Linux (x86_64)
--
-- Host: localhost    Database: api_3wings
-- ------------------------------------------------------
-- Server version	5.7.36

/*!40101 SET @OLD_CHARACTER_SET_CLIENT=@@CHARACTER_SET_CLIENT */;
/*!40101 SET @OLD_CHARACTER_SET_RESULTS=@@CHARACTER_SET_RESULTS */;
/*!40101 SET @OLD_COLLATION_CONNECTION=@@COLLATION_CONNECTION */;
/*!40101 SET NAMES utf8 */;
/*!40103 SET @OLD_TIME_ZONE=@@TIME_ZONE */;
/*!40103 SET TIME_ZONE='+00:00' */;
/*!40014 SET @OLD_UNIQUE_CHECKS=@@UNIQUE_CHECKS, UNIQUE_CHECKS=0 */;
/*!40014 SET @OLD_FOREIGN_KEY_CHECKS=@@FOREIGN_KEY_CHECKS, FOREIGN_KEY_CHECKS=0 */;
/*!40101 SET @OLD_SQL_MODE=@@SQL_MODE, SQL_MODE='NO_AUTO_VALUE_ON_ZERO' */;
/*!40111 SET @OLD_SQL_NOTES=@@SQL_NOTES, SQL_NOTES=0 */;

--
-- Table structure for table `adonis_schema`
--

DROP TABLE IF EXISTS `adonis_schema`;
/*!40101 SET @saved_cs_client     = @@character_set_client */;
/*!40101 SET character_set_client = utf8 */;
CREATE TABLE `adonis_schema` (
  `id` int(10) unsigned NOT NULL AUTO_INCREMENT,
  `name` varchar(255) NOT NULL,
  `batch` int(11) NOT NULL,
  `migration_time` timestamp NOT NULL DEFAULT CURRENT_TIMESTAMP,
  PRIMARY KEY (`id`)
) ENGINE=InnoDB AUTO_INCREMENT=11 DEFAULT CHARSET=utf8mb4;
/*!40101 SET character_set_client = @saved_cs_client */;

--
-- Dumping data for table `adonis_schema`
--

LOCK TABLES `adonis_schema` WRITE;
/*!40000 ALTER TABLE `adonis_schema` DISABLE KEYS */;
INSERT INTO `adonis_schema` VALUES (1,'database\\migrations\\1641576508625_companies',1,'2022-02-14 14:14:43'),(2,'database\\migrations\\1641577479365_clients',1,'2022-02-14 14:14:44'),(3,'database\\migrations\\1641577512351_sectors',1,'2022-02-14 14:14:45'),(4,'database\\migrations\\1641577582154_inpatient_units',1,'2022-02-14 14:14:46'),(5,'database\\migrations\\1641577610575_hospital_beds',1,'2022-02-14 14:14:47'),(6,'database\\migrations\\1641909682884_origins',1,'2022-02-14 14:14:48'),(7,'database\\migrations\\1641910529705_health_insurances',1,'2022-02-14 14:14:50'),(8,'database\\migrations\\1641910529706_attendances',1,'2022-02-14 14:14:56'),(9,'database\\migrations\\1643639618561_external_apis',1,'2022-02-14 14:14:58'),(10,'database\\migrations\\1644846888368_jobs',1,'2022-02-14 14:14:59');
/*!40000 ALTER TABLE `adonis_schema` ENABLE KEYS */;
UNLOCK TABLES;

--
-- Table structure for table `attendances`
--

DROP TABLE IF EXISTS `attendances`;
/*!40101 SET @saved_cs_client     = @@character_set_client */;
/*!40101 SET character_set_client = utf8 */;
CREATE TABLE `attendances` (
  `id` int(10) unsigned NOT NULL AUTO_INCREMENT,
  `client_id` int(10) unsigned DEFAULT NULL,
  `company_id` int(10) unsigned DEFAULT NULL,
  `inpatient_unit_id` int(10) unsigned DEFAULT NULL,
  `health_insurance_id` int(10) unsigned DEFAULT NULL,
  `hospital_bed_id` int(10) unsigned DEFAULT NULL,
  `origin_id` int(10) unsigned DEFAULT NULL,
  `sector_id` int(10) unsigned DEFAULT NULL,
  `i_code` varchar(255) DEFAULT NULL,
  `type` varchar(255) DEFAULT NULL,
  `start_date` varchar(255) DEFAULT NULL,
  `end_date` varchar(255) DEFAULT NULL,
  `created_at` timestamp NOT NULL DEFAULT CURRENT_TIMESTAMP,
  `updated_at` timestamp NOT NULL DEFAULT CURRENT_TIMESTAMP,
  PRIMARY KEY (`id`),
  KEY `attendances_client_id_foreign` (`client_id`),
  KEY `attendances_company_id_foreign` (`company_id`),
  KEY `attendances_inpatient_unit_id_foreign` (`inpatient_unit_id`),
  KEY `attendances_health_insurance_id_foreign` (`health_insurance_id`),
  KEY `attendances_hospital_bed_id_foreign` (`hospital_bed_id`),
  KEY `attendances_origin_id_foreign` (`origin_id`),
  KEY `attendances_sector_id_foreign` (`sector_id`),
  CONSTRAINT `attendances_client_id_foreign` FOREIGN KEY (`client_id`) REFERENCES `clients` (`id`),
  CONSTRAINT `attendances_company_id_foreign` FOREIGN KEY (`company_id`) REFERENCES `companies` (`id`),
  CONSTRAINT `attendances_health_insurance_id_foreign` FOREIGN KEY (`health_insurance_id`) REFERENCES `health_insurances` (`id`),
  CONSTRAINT `attendances_hospital_bed_id_foreign` FOREIGN KEY (`hospital_bed_id`) REFERENCES `hospital_beds` (`id`),
  CONSTRAINT `attendances_inpatient_unit_id_foreign` FOREIGN KEY (`inpatient_unit_id`) REFERENCES `inpatient_units` (`id`),
  CONSTRAINT `attendances_origin_id_foreign` FOREIGN KEY (`origin_id`) REFERENCES `origins` (`id`),
  CONSTRAINT `attendances_sector_id_foreign` FOREIGN KEY (`sector_id`) REFERENCES `sectors` (`id`)
) ENGINE=InnoDB AUTO_INCREMENT=1082 DEFAULT CHARSET=utf8mb4;
/*!40101 SET character_set_client = @saved_cs_client */;

--
-- Dumping data for table `attendances`
--

LOCK TABLES `attendances` WRITE;
/*!40000 ALTER TABLE `attendances` DISABLE KEYS */;
INSERT INTO `attendances` VALUES (2,2,3,103,2,2143,4,93,'3927539','I','2022-06-14 06:26:12',NULL,'2022-06-15 22:38:35','2022-06-15 22:38:35'),(3,3,3,104,3,2144,5,94,'3944258','I','2022-06-20 10:00:03',NULL,'2022-06-21 13:46:42','2022-06-21 13:46:42'),(4,4,3,105,2,2145,5,95,'3954490','I','2022-06-22 15:34:45',NULL,'2022-06-23 11:15:30','2022-06-23 11:15:30'),(5,5,3,104,3,2146,5,94,'3926361','I','2022-06-13 15:35:22',NULL,'2022-06-25 18:28:22','2022-06-25 18:28:22'),(6,6,3,104,3,2147,5,94,'3872317','I','2022-05-27 16:10:49',NULL,'2022-06-29 12:09:51','2022-06-29 12:09:51'),(7,7,3,106,5,2148,4,96,'3977024','I','2022-06-29 17:18:07',NULL,'2022-06-29 20:58:36','2022-07-01 01:34:15'),(8,8,3,105,2,2149,4,95,'3981521','I','2022-07-01 06:21:30',NULL,'2022-07-02 10:46:34','2022-07-02 10:46:34'),(9,9,3,106,6,2148,5,96,'4007305','I','2022-07-09 07:34:52',NULL,'2022-07-09 11:20:51','2022-07-09 11:20:51'),(10,10,3,107,7,2150,6,97,'4007958','I','2022-07-09 11:21:36',NULL,'2022-07-09 16:34:55','2022-07-09 16:34:55'),(11,11,3,108,7,2151,5,98,'4008591','I','2022-07-09 18:59:49',NULL,'2022-07-09 23:16:22','2022-07-09 23:16:22'),(12,12,3,109,8,2152,6,99,'4008332','I','2022-07-09 15:39:38',NULL,'2022-07-10 11:15:50','2022-07-10 11:15:50'),(13,13,3,108,2,2153,5,98,'4021462','I','2022-07-13 15:21:18',NULL,'2022-07-13 19:24:55','2022-07-13 19:24:55'),(14,14,3,106,2,2154,5,96,'4026263','I','2022-07-14 21:36:33',NULL,'2022-07-15 11:35:53','2022-07-15 11:35:53'),(15,15,3,110,2,2155,5,100,'4031950','I','2022-07-17 16:56:55',NULL,'2022-07-18 00:07:03','2022-07-18 00:07:03'),(16,16,3,105,6,2149,4,95,'4039434','I','2022-07-19 16:11:58',NULL,'2022-07-19 23:01:47','2022-07-19 23:01:47'),(17,17,3,106,4,2156,4,96,'4040276','I','2022-07-20 06:17:34',NULL,'2022-07-21 00:28:18','2022-07-21 00:28:18'),(18,18,3,103,6,2157,5,93,'4043887','I','2022-07-20 21:04:05',NULL,'2022-07-21 23:24:18','2022-07-21 23:24:18'),(19,19,3,110,7,2158,6,100,'4050868','I','2022-07-22 22:21:35',NULL,'2022-07-23 05:46:46','2022-07-23 05:46:46'),(20,20,3,110,9,2159,5,100,'4050859','I','2022-07-22 22:06:05',NULL,'2022-07-23 11:19:37','2022-07-23 11:19:37'),(21,21,3,109,4,2160,6,99,'4051118','I','2022-07-23 07:14:05',NULL,'2022-07-23 15:51:17','2022-07-23 15:51:17'),(22,22,3,106,7,2161,4,96,'4049415','I','2022-07-22 12:12:19',NULL,'2022-07-23 16:41:02','2022-07-23 16:41:02'),(23,23,3,103,6,2162,4,93,'4053434','I','2022-07-25 05:34:59',NULL,'2022-07-25 21:27:39','2022-07-25 21:27:39'),(24,24,3,107,10,2150,6,97,'4053214','I','2022-07-24 20:12:07',NULL,'2022-07-25 23:36:02','2022-07-25 23:36:02'),(25,25,3,111,7,2163,5,101,'4068424','I','2022-07-29 00:39:39',NULL,'2022-07-30 11:08:28','2022-07-30 11:08:28'),(26,26,3,106,7,2154,5,96,'4077907','I','2022-08-02 07:36:13',NULL,'2022-08-03 01:49:52','2022-08-03 19:48:27'),(27,27,3,103,7,2164,4,93,'4102658','I','2022-08-10 05:42:04',NULL,'2022-08-11 11:03:04','2022-08-11 11:03:04'),(28,28,3,107,2,2165,6,97,'4098449','I','2022-08-08 21:05:21',NULL,'2022-08-11 16:49:06','2022-08-11 16:49:06'),(29,29,3,106,4,2161,4,96,'4109196','I','2022-08-11 15:59:32',NULL,'2022-08-11 21:00:41','2022-08-11 21:00:41'),(30,30,3,112,7,2166,6,102,'4123352','I','2022-08-16 17:54:22',NULL,'2022-08-19 16:31:31','2022-08-19 16:31:31'),(31,31,3,106,4,2161,5,96,'4129839','I','2022-08-18 12:11:00',NULL,'2022-08-19 22:15:27','2022-08-19 22:15:27'),(32,32,3,111,2,2167,5,101,'4128830','I','2022-08-18 09:22:40',NULL,'2022-08-19 22:20:08','2022-08-19 22:20:08'),(33,33,2,113,11,2168,7,103,'3011207','I','2022-08-23 08:16:57',NULL,'2022-08-24 10:40:59','2022-08-24 10:40:59'),(34,34,2,114,12,2169,1,104,'2558209','I','2022-02-14 15:33:24','2022-02-15 18:55:17','2022-08-24 16:08:11','2022-08-24 16:08:11'),(35,35,3,106,4,2170,4,96,'4147921','I','2022-08-24 14:34:50',NULL,'2022-08-25 23:15:21','2022-08-25 23:15:21'),(36,36,3,103,4,2157,4,93,'4149412','I','2022-08-25 06:34:12',NULL,'2022-08-26 11:12:09','2022-08-26 11:12:09'),(37,37,3,106,7,2154,4,96,'4159622','I','2022-08-29 05:36:58',NULL,'2022-08-29 18:33:24','2022-08-29 18:33:24'),(38,38,3,103,2,2171,4,93,'4163517','I','2022-08-30 06:52:55',NULL,'2022-08-30 14:09:09','2022-08-30 14:09:09'),(39,39,3,103,2,2171,4,93,'4163426','I','2022-08-30 05:23:52',NULL,'2022-08-31 22:49:25','2022-08-31 22:49:25'),(40,40,3,107,13,2172,6,97,'4167232','I','2022-08-30 21:23:44',NULL,'2022-09-03 00:19:21','2022-09-03 00:19:21'),(41,41,3,107,3,2165,6,97,'4174620','I','2022-09-01 16:55:14',NULL,'2022-09-03 11:01:39','2022-09-03 11:01:39'),(42,42,3,110,2,2173,5,100,'4184107','I','2022-09-05 15:40:09',NULL,'2022-09-05 22:19:13','2022-09-05 22:19:13'),(43,43,3,110,7,2174,5,100,'4189300','I','2022-09-07 09:20:35',NULL,'2022-09-07 13:59:37','2022-09-07 15:20:42'),(44,44,3,110,2,2174,5,100,'4199469','I','2022-09-11 12:17:38',NULL,'2022-09-12 02:04:51','2022-09-12 02:04:51'),(45,45,3,110,2,2175,5,100,'4205509','I','2022-09-13 09:51:57',NULL,'2022-09-13 22:56:51','2022-09-13 22:56:51'),(46,46,3,108,2,2153,5,98,'4223949','I','2022-09-19 12:16:00',NULL,'2022-09-19 18:26:10','2022-09-19 18:26:10'),(47,47,3,109,14,2177,5,99,'4225672','I','2022-09-19 18:18:25',NULL,'2022-09-19 22:04:29','2022-09-19 22:05:49'),(48,48,3,111,13,2178,5,101,'4224140','I','2022-09-19 12:59:37',NULL,'2022-09-19 22:08:53','2022-09-19 22:08:53'),(49,49,3,105,2,2149,5,95,'4225629','I','2022-09-19 18:00:55',NULL,'2022-09-19 22:47:58','2022-09-19 22:47:58'),(50,50,4,116,15,2181,8,106,'9884349','I','2022-09-20 14:15:00',NULL,'2022-09-20 17:59:45','2022-09-21 14:17:09'),(51,51,3,104,2,2180,5,94,'4220447','I','2022-09-17 13:21:08',NULL,'2022-09-20 20:53:08','2022-09-20 20:53:08'),(52,52,4,117,16,2182,9,107,'9888155','I','2022-09-21 17:16:00',NULL,'2022-09-21 21:15:22','2022-09-21 21:15:22'),(53,53,4,118,17,2183,10,108,'9893135','I','2022-09-23 10:57:00',NULL,'2022-09-23 21:00:57','2022-09-23 21:00:57'),(54,54,3,103,6,2184,4,93,'4248143','I','2022-09-27 05:30:42',NULL,'2022-09-27 17:37:44','2022-09-27 17:37:44'),(55,55,3,106,18,2185,4,96,'4250505','I','2022-09-27 13:36:00',NULL,'2022-09-27 19:27:18','2022-09-27 19:27:18'),(56,56,4,118,19,2186,10,108,'9902103','I','2022-09-28 07:17:48',NULL,'2022-09-28 20:56:53','2022-09-28 20:56:53'),(57,57,3,107,10,2187,5,97,'4252143','I','2022-09-28 02:04:26',NULL,'2022-09-28 23:36:49','2022-09-28 23:36:49'),(58,58,3,105,7,2188,4,95,'4255030','I','2022-09-28 15:19:30',NULL,'2022-09-29 01:32:49','2022-09-29 01:32:49'),(59,59,4,118,20,2189,10,108,'9906470','I','2022-09-29 09:46:00',NULL,'2022-09-29 13:34:41','2022-09-29 13:34:41'),(60,60,3,103,21,2190,4,93,'4256115','I','2022-09-29 05:41:22',NULL,'2022-09-29 22:42:55','2022-09-29 22:42:55'),(61,61,3,112,22,2191,6,102,'4263329','I','2022-10-01 05:32:43',NULL,'2022-10-01 19:35:34','2022-10-01 19:35:34'),(62,62,3,112,2,2192,6,102,'4264381','I','2022-10-01 14:56:56',NULL,'2022-10-02 02:06:00','2022-10-02 02:06:00'),(63,63,3,109,2,2193,5,99,'4269418','I','2022-10-03 17:26:27',NULL,'2022-10-04 23:01:12','2022-10-04 23:01:12'),(64,64,4,118,19,2194,10,108,'9915705','I','2022-10-04 07:41:17',NULL,'2022-10-05 00:51:56','2022-10-05 00:51:56'),(65,65,4,118,20,2189,10,108,'9920245','I','2022-10-05 10:58:18',NULL,'2022-10-05 15:42:56','2022-10-05 15:42:56'),(66,66,4,118,23,2195,10,108,'9920637','I','2022-10-05 12:27:00',NULL,'2022-10-05 16:45:48','2022-10-05 16:45:48'),(67,67,4,119,24,2196,10,109,'9915130','I','2022-10-03 19:13:06',NULL,'2022-10-06 12:54:20','2022-10-06 12:54:20'),(68,68,4,118,25,2186,10,108,'9925936','I','2022-10-07 08:09:00',NULL,'2022-10-07 23:42:33','2022-10-07 23:42:33'),(69,69,4,119,23,2197,10,109,'9922632','I','2022-10-06 08:30:55',NULL,'2022-10-08 03:27:58','2022-10-08 03:27:58'),(70,70,3,107,5,2198,4,97,'4285755','I','2022-10-08 05:03:26',NULL,'2022-10-08 19:56:31','2022-10-08 19:56:31'),(71,71,4,119,17,2199,11,109,'9928323','I','2022-10-07 23:15:00',NULL,'2022-10-09 16:33:48','2022-10-09 16:33:48'),(72,72,4,118,19,2194,10,108,'9929509','I','2022-10-09 19:25:00',NULL,'2022-10-10 15:54:42','2022-10-10 15:54:42'),(73,73,3,103,4,2190,4,93,'4301873','I','2022-10-14 06:38:55',NULL,'2022-10-14 11:00:19','2022-10-14 11:00:19'),(74,74,4,118,26,2195,11,108,'9943930','I','2022-10-16 14:20:00',NULL,'2022-10-16 22:49:35','2022-10-16 22:49:35'),(75,75,4,118,23,2200,10,108,'9945653','I','2022-10-17 10:08:00',NULL,'2022-10-17 17:49:54','2022-10-17 17:49:54'),(76,76,3,107,3,2201,6,97,'4311436','I','2022-10-17 16:16:27',NULL,'2022-10-17 23:41:55','2022-10-17 23:41:55'),(77,77,4,118,23,2194,10,108,'9947379','I','2022-10-17 20:21:15',NULL,'2022-10-18 00:53:53','2022-10-18 00:53:53'),(78,78,4,119,27,2202,11,109,'9943669','I','2022-10-16 02:04:00',NULL,'2022-10-18 14:29:48','2022-10-18 14:29:48'),(79,79,4,120,24,2203,11,110,'9939884','I','2022-10-13 18:15:00',NULL,'2022-10-18 16:17:15','2022-10-18 16:17:15'),(80,80,4,118,25,2200,10,108,'9949779','I','2022-10-18 13:00:35',NULL,'2022-10-18 23:17:44','2022-10-18 23:17:44'),(81,81,4,119,28,2204,11,109,'9947525','I','2022-10-17 23:59:00',NULL,'2022-10-19 15:46:52','2022-10-19 15:46:52'),(82,82,4,119,24,2205,10,109,'9954177','I','2022-10-19 19:20:00',NULL,'2022-10-20 00:27:03','2022-10-20 00:27:03'),(83,83,4,118,29,2195,10,108,'9954165','I','2022-10-19 19:17:53',NULL,'2022-10-20 16:58:25','2022-10-20 16:58:25'),(84,84,4,118,25,2206,11,108,'9956664','I','2022-10-20 14:01:00',NULL,'2022-10-20 18:56:27','2022-10-20 18:56:27'),(85,85,3,106,4,2207,4,96,'4324685','I','2022-10-21 06:33:57',NULL,'2022-10-21 10:04:52','2022-10-21 10:04:52'),(86,86,3,109,3,2208,5,99,'4323590','I','2022-10-20 15:25:06',NULL,'2022-10-22 14:11:00','2022-10-22 14:11:00'),(87,87,4,119,17,2209,10,109,'9961988','I','2022-10-24 07:14:00',NULL,'2022-10-24 18:29:41','2022-10-24 18:29:41'),(88,88,4,115,15,2210,8,105,'9964969','I','2022-10-24 21:15:00',NULL,'2022-10-25 14:44:28','2022-10-25 14:44:28'),(89,89,4,118,30,2211,10,108,'9965546','I','2022-10-25 07:53:00',NULL,'2022-10-25 22:21:06','2022-10-25 22:21:06'),(90,90,4,118,24,2212,11,108,'9961489','I','2022-10-23 15:23:00',NULL,'2022-10-26 10:57:11','2022-10-26 10:57:11'),(91,91,4,119,23,2205,11,109,'9912861','I','2022-10-03 08:21:00',NULL,'2022-10-26 13:45:25','2022-10-26 13:45:25'),(92,92,3,106,2,2207,5,96,'4338379','I','2022-10-25 15:53:07',NULL,'2022-10-27 00:25:23','2022-10-27 00:25:23'),(93,93,4,118,20,2183,10,108,'9971290','I','2022-10-27 03:58:02',NULL,'2022-10-27 11:48:01','2022-10-27 11:48:01'),(94,94,4,119,31,2213,11,109,'9970342','I','2022-10-26 13:43:00',NULL,'2022-10-27 20:20:54','2022-10-27 20:20:54'),(95,95,3,103,2,2214,4,93,'4339394','I','2022-10-26 05:37:12',NULL,'2022-10-27 21:23:47','2022-10-27 21:23:47'),(96,96,4,119,15,2215,10,109,'9976272','I','2022-10-28 10:56:19',NULL,'2022-10-28 22:50:06','2022-10-28 22:50:06'),(97,84,4,120,25,2230,11,110,'9978292','I','2022-10-30 00:36:24',NULL,'2022-10-30 05:04:21','2022-11-12 01:27:52'),(98,97,4,118,20,2194,11,108,'9977872','I','2022-10-29 10:18:00',NULL,'2022-10-31 12:45:08','2022-10-31 12:45:08'),(99,98,3,103,3,2171,4,93,'4357390','I','2022-10-31 17:22:24',NULL,'2022-10-31 22:20:05','2022-10-31 22:20:05'),(100,99,3,105,4,2145,4,95,'4357441','I','2022-10-31 17:38:13',NULL,'2022-11-01 01:30:54','2022-11-01 01:30:54'),(101,100,4,118,17,2189,10,108,'9983483','I','2022-11-01 09:51:51',NULL,'2022-11-01 23:20:06','2022-11-01 23:20:06'),(102,101,4,120,23,2217,10,110,'9982065','I','2022-10-31 20:40:00',NULL,'2022-11-02 00:38:21','2022-11-02 00:38:21'),(103,102,3,103,32,2214,5,93,'4361335','I','2022-11-01 17:00:24',NULL,'2022-11-02 01:56:08','2022-11-02 01:56:08'),(104,103,4,118,20,2218,10,108,'9985760','I','2022-11-02 20:00:00',NULL,'2022-11-03 00:04:40','2022-11-03 00:04:40'),(105,104,3,111,2,2220,4,101,'4363313','I','2022-11-03 05:36:42',NULL,'2022-11-03 11:21:36','2022-11-03 20:17:50'),(106,105,4,119,23,2221,11,109,'9988980','I','2022-11-03 23:47:00',NULL,'2022-11-04 04:59:02','2022-11-04 04:59:02'),(107,106,4,118,33,2194,10,108,'9989035','I','2022-11-04 06:22:42',NULL,'2022-11-04 10:49:34','2022-11-04 10:49:34'),(108,107,4,116,15,2222,8,106,'9981572','I','2022-10-31 15:20:00',NULL,'2022-11-04 15:25:39','2022-11-04 15:25:39'),(109,108,4,118,25,2223,10,108,'9991140','I','2022-11-04 13:30:00',NULL,'2022-11-05 00:23:22','2022-11-05 00:23:22'),(110,109,4,116,20,2224,10,106,'9929189','I','2022-10-09 08:16:00',NULL,'2022-11-05 02:12:12','2022-11-05 02:12:12'),(111,110,4,120,23,2225,10,110,'9980939','I','2022-10-31 13:17:06',NULL,'2022-11-06 09:25:00','2022-11-06 09:25:00'),(112,111,3,106,6,2154,6,96,'4370423','I','2022-11-04 16:38:10',NULL,'2022-11-06 10:11:31','2022-11-06 10:11:31'),(113,112,3,108,3,2226,5,98,'4373492','I','2022-11-06 17:04:51',NULL,'2022-11-07 01:16:07','2022-11-07 01:16:07'),(114,113,4,118,23,2186,10,108,'9998057','I','2022-11-08 10:45:00',NULL,'2022-11-08 15:57:40','2022-11-08 15:57:40'),(115,114,4,118,25,2186,11,108,'10002725','I','2022-11-09 15:05:00',NULL,'2022-11-09 20:23:36','2022-11-09 20:23:36'),(116,115,3,103,3,2227,5,93,'4386658','I','2022-11-09 17:34:09',NULL,'2022-11-10 00:39:13','2022-11-10 00:39:13'),(117,116,4,118,24,2211,10,108,'10006600','I','2022-11-10 19:38:36',NULL,'2022-11-11 11:07:26','2022-11-11 11:07:26'),(118,117,4,118,17,2200,10,108,'10001461','I','2022-11-09 10:36:00',NULL,'2022-11-11 11:57:14','2022-11-11 11:57:14'),(119,92,3,106,2,2185,5,96,'4388833','I','2022-11-10 10:09:34',NULL,'2022-11-11 13:58:24','2022-11-11 13:58:24'),(120,118,4,122,23,2228,8,112,'9996201','I','2022-11-07 17:59:00',NULL,'2022-11-11 17:01:36','2022-11-11 17:01:36'),(121,119,3,107,7,2229,6,97,'4370323','I','2022-11-04 16:06:36',NULL,'2022-11-12 00:33:53','2022-11-12 00:33:53'),(122,120,4,119,15,2238,10,109,'9994252','I','2022-11-07 09:29:45',NULL,'2022-11-12 09:34:52','2022-11-27 21:06:15'),(123,121,4,120,20,2216,11,110,'9964991','I','2022-10-24 22:01:00',NULL,'2022-11-12 15:47:27','2022-11-12 15:47:27'),(124,90,4,118,24,2194,10,108,'10011217','I','2022-11-14 07:24:00',NULL,'2022-11-14 12:32:14','2022-11-14 12:32:14'),(125,122,4,118,20,2195,10,108,'10011951','I','2022-11-14 09:23:08',NULL,'2022-11-14 13:06:51','2022-11-14 13:06:51'),(126,123,4,120,17,2217,10,110,'9999557','I','2022-11-08 18:15:00',NULL,'2022-11-14 20:17:46','2022-11-14 20:17:46'),(127,124,4,120,20,2225,10,110,'10011375','I','2022-11-14 07:42:00',NULL,'2022-11-15 12:38:38','2022-11-15 12:38:38'),(128,125,4,119,17,2202,12,109,'9942749','I','2022-10-14 18:36:09',NULL,'2022-11-15 14:49:06','2022-11-15 14:49:06'),(129,126,3,103,2,2231,4,93,'4404349','I','2022-11-16 05:35:14',NULL,'2022-11-16 11:01:44','2022-11-16 11:01:44'),(130,127,4,118,20,2211,10,108,'10014227','I','2022-11-16 06:15:00',NULL,'2022-11-16 19:29:12','2022-11-16 19:29:12'),(131,128,3,106,2,2232,4,96,'4404442','I','2022-11-16 06:44:18',NULL,'2022-11-17 11:56:42','2022-11-17 11:56:42'),(132,129,4,118,17,2211,11,108,'10020828','I','2022-11-17 23:18:00',NULL,'2022-11-18 09:09:05','2022-11-18 09:09:05'),(133,130,4,118,23,2206,10,108,'10020697','I','2022-11-17 20:16:00',NULL,'2022-11-19 10:49:50','2022-11-19 10:49:50'),(134,131,3,108,7,2233,5,98,'4420298','I','2022-11-21 02:50:29',NULL,'2022-11-21 11:04:12','2022-11-21 11:04:12'),(135,132,4,118,34,2194,10,108,'10025216','I','2022-11-20 19:22:46',NULL,'2022-11-22 00:22:16','2022-11-22 00:22:16'),(136,133,3,103,7,2184,4,93,'4427682','I','2022-11-22 13:20:53',NULL,'2022-11-22 17:50:18','2022-11-22 17:50:18'),(137,134,3,106,2,2161,4,96,'4428843','I','2022-11-22 16:53:53',NULL,'2022-11-23 01:55:47','2022-11-23 01:55:47'),(138,135,3,103,6,2171,4,93,'4429651','I','2022-11-23 05:15:25',NULL,'2022-11-23 09:31:42','2022-11-23 09:31:42'),(139,136,3,123,9,2234,4,113,'4429885','I','2022-11-23 07:13:52',NULL,'2022-11-23 10:36:58','2022-11-23 10:36:58'),(140,137,3,106,2,2148,4,96,'4428333','I','2022-11-22 15:09:06',NULL,'2022-11-23 12:18:26','2022-11-23 12:18:26'),(141,138,4,124,16,2235,10,114,'10037518','I','2022-11-24 11:21:21',NULL,'2022-11-24 15:08:40','2022-11-24 15:08:40'),(142,139,4,120,35,2236,11,110,'10037671','I','2022-11-24 03:18:00',NULL,'2022-11-25 16:59:09','2022-11-25 16:59:09'),(143,140,4,119,15,2205,10,109,'10039251','I','2022-11-25 08:55:13',NULL,'2022-11-25 20:25:23','2022-11-25 20:25:23'),(144,141,4,125,16,2237,11,115,'9992919','I','2022-11-06 17:30:00',NULL,'2022-11-26 23:46:01','2022-11-26 23:46:01'),(145,142,4,119,23,2239,10,109,'10042349','I','2022-11-27 18:30:00',NULL,'2022-11-29 00:28:38','2022-11-29 00:28:38'),(146,143,4,126,15,2240,11,116,'10014066','I','2022-11-15 19:50:00',NULL,'2022-11-29 13:34:42','2022-11-29 13:34:42'),(147,144,4,127,16,2241,10,117,'10038863','I','2022-11-25 08:01:05',NULL,'2022-11-29 14:52:34','2022-11-29 14:52:34'),(148,145,3,105,2,2149,5,95,'4446325','I','2022-11-28 12:54:39',NULL,'2022-11-29 17:57:21','2022-11-29 17:57:21'),(149,146,4,126,15,2242,11,116,'10020022','I','2022-11-17 13:57:00',NULL,'2022-11-30 15:27:09','2022-11-30 15:27:09'),(150,147,4,118,20,2206,10,108,'10051344','I','2022-11-30 19:35:40',NULL,'2022-12-01 23:47:17','2022-12-01 23:47:17'),(151,148,3,105,2,2243,5,95,'4442120','I','2022-11-26 11:30:50',NULL,'2022-12-03 15:16:26','2022-12-03 15:16:26'),(152,149,3,107,10,2187,6,97,'4456032','I','2022-11-30 20:59:56',NULL,'2022-12-03 18:19:24','2022-12-03 18:19:24'),(153,150,4,128,15,2244,11,118,'10056724','I','2022-12-02 21:30:00',NULL,'2022-12-03 20:18:22','2022-12-03 20:18:22'),(154,151,4,120,15,2236,11,110,'10057180','I','2022-12-03 12:00:00',NULL,'2022-12-05 13:28:27','2022-12-05 13:28:27'),(155,152,4,118,23,2211,10,108,'10060258','I','2022-12-05 12:56:32',NULL,'2022-12-05 17:27:42','2022-12-05 17:27:42'),(156,153,4,119,24,2199,10,109,'10057901','I','2022-12-04 18:00:00',NULL,'2022-12-05 18:02:29','2022-12-05 18:02:29'),(157,154,4,119,31,2209,10,109,'10059489','I','2022-12-05 09:46:05',NULL,'2022-12-06 13:23:03','2022-12-06 13:23:03'),(158,155,4,119,23,2245,11,109,'10054669','I','2022-12-02 02:33:00',NULL,'2022-12-07 22:38:25','2022-12-21 15:31:57'),(159,156,4,118,25,2195,10,108,'10065652','I','2022-12-07 10:32:09',NULL,'2022-12-08 16:50:05','2022-12-08 16:50:05'),(160,157,4,118,17,2183,10,108,'10067840','I','2022-12-09 06:21:00',NULL,'2022-12-09 10:56:07','2022-12-09 10:56:07'),(161,158,3,103,3,2164,5,93,'4481687','I','2022-12-09 04:02:47',NULL,'2022-12-09 17:22:14','2022-12-09 17:22:14'),(162,159,4,119,31,2247,11,109,'10067790','I','2022-12-09 01:48:00',NULL,'2022-12-09 21:07:20','2022-12-09 21:07:20'),(163,160,4,118,26,2211,10,108,'10069928','I','2022-12-09 18:46:08',NULL,'2022-12-12 16:37:50','2022-12-12 16:37:50'),(164,161,4,130,24,2248,11,120,'9878572','I','2022-09-19 06:07:00',NULL,'2022-12-12 17:20:22','2022-12-12 17:20:22'),(165,162,4,119,24,2204,11,109,'10070613','I','2022-12-10 20:30:00',NULL,'2022-12-12 17:23:49','2022-12-12 17:23:49'),(166,163,1,94,36,1987,2,89,'4493018','I','2022-12-13 10:57:07','2022-12-23 20:15:00','2022-12-13 14:37:42','2023-02-06 00:53:26'),(167,164,3,134,37,2253,13,124,'4493018','I','2022-12-13 10:57:07',NULL,'2022-12-13 15:05:45','2022-12-19 18:21:34'),(168,165,3,103,3,2214,4,93,'4499502','I','2022-12-15 07:41:18',NULL,'2022-12-15 18:55:12','2022-12-15 18:55:12'),(169,166,4,119,23,2213,11,109,'10078165','I','2022-12-14 07:52:00',NULL,'2022-12-15 18:58:05','2022-12-15 18:58:05'),(170,167,4,119,15,2254,11,109,'10075259','I','2022-12-13 08:13:00',NULL,'2022-12-18 21:28:01','2022-12-18 21:28:01'),(171,168,4,135,16,2255,10,125,'10090024','I','2022-12-19 13:43:35',NULL,'2022-12-20 12:32:34','2022-12-20 12:32:34'),(172,169,4,118,29,2194,10,108,'10088488','I','2022-12-19 08:14:01',NULL,'2022-12-20 19:40:57','2022-12-20 19:40:57'),(173,170,1,88,38,1862,14,86,'4516680','I','2022-12-21 07:38:11',NULL,'2022-12-21 17:27:41','2022-12-21 17:27:41'),(174,171,1,81,38,1559,2,81,'4466035','I','2022-12-04 23:12:07',NULL,'2022-12-21 17:51:02','2022-12-21 17:51:02'),(175,172,1,83,39,1596,2,83,'4491242','I','2022-12-13 02:13:09',NULL,'2022-12-21 17:56:07','2023-02-04 14:00:39'),(176,173,1,88,40,1860,14,86,'4516258','I','2022-12-21 00:33:53',NULL,'2022-12-21 19:14:02','2022-12-21 19:14:02'),(177,174,4,130,23,2256,11,120,'10090750','I','2022-12-19 18:22:00',NULL,'2022-12-21 21:58:11','2022-12-21 21:58:11'),(178,175,4,118,20,2186,10,108,'10096248','I','2022-12-21 14:42:00',NULL,'2022-12-22 13:55:17','2022-12-22 13:55:17'),(179,176,1,76,36,1400,2,76,'4465918','I','2022-12-04 19:52:08',NULL,'2022-12-22 15:29:11','2022-12-28 19:46:45'),(180,114,4,120,25,2257,11,110,'10093990','I','2022-12-20 19:22:00',NULL,'2022-12-22 23:51:01','2022-12-22 23:51:01'),(181,177,1,88,38,1865,2,86,'4519875','I','2022-12-21 23:34:52',NULL,'2022-12-23 11:55:56','2022-12-23 11:55:56'),(182,178,1,88,41,1861,14,86,'4521128','I','2022-12-22 10:16:14',NULL,'2022-12-23 11:58:56','2022-12-23 11:58:56'),(183,179,1,88,42,1881,14,86,'4516218','I','2022-12-20 23:01:30',NULL,'2022-12-23 12:03:05','2022-12-23 12:03:05'),(184,180,1,88,43,1854,14,86,'4522151','I','2022-12-22 14:31:45',NULL,'2022-12-23 12:08:49','2022-12-23 12:08:49'),(185,181,1,83,44,1605,2,83,'4516138','I','2022-12-20 21:16:11',NULL,'2022-12-23 12:24:41','2022-12-23 12:24:41'),(186,182,1,83,44,1657,14,83,'4508871','I','2022-12-19 05:57:00',NULL,'2022-12-23 12:28:19','2022-12-23 12:28:19'),(187,183,1,83,40,1665,2,83,'4494305','I','2022-12-13 15:43:17',NULL,'2022-12-23 12:37:11','2022-12-23 12:37:11'),(188,184,1,83,43,1664,2,83,'4522490','I','2022-12-22 16:00:00',NULL,'2022-12-23 12:46:07','2022-12-23 12:46:07'),(189,185,1,81,41,1553,2,81,'4483298','I','2022-12-09 13:44:40',NULL,'2022-12-23 13:23:06','2022-12-23 13:23:06'),(190,186,1,81,36,1543,14,81,'4501982','I','2022-12-15 15:08:41',NULL,'2022-12-23 13:26:36','2022-12-23 13:26:36'),(191,187,1,81,44,1551,2,81,'4507889','I','2022-12-17 23:53:27',NULL,'2022-12-23 13:31:16','2022-12-23 13:31:16'),(192,188,4,118,20,2212,10,108,'10100644','I','2022-12-23 11:35:08',NULL,'2022-12-23 20:51:37','2022-12-23 20:51:37'),(193,189,4,119,30,2197,8,109,'10101205','I','2022-12-24 00:20:00',NULL,'2022-12-24 04:36:26','2022-12-24 04:36:26'),(194,190,1,81,41,1552,2,81,'4478329','I','2022-12-08 08:30:04','2023-01-13 14:23:00','2022-12-24 14:16:55','2023-02-03 13:13:55'),(195,191,1,83,38,1655,2,83,'4502968','I','2022-12-16 00:28:00',NULL,'2022-12-25 14:44:41','2022-12-25 14:44:41'),(196,192,4,120,20,2258,10,110,'10102030','I','2022-12-26 07:08:00',NULL,'2022-12-26 11:24:10','2022-12-26 11:24:10'),(197,193,1,83,38,1603,2,83,'4525614','I','2022-12-24 06:35:24',NULL,'2022-12-26 12:25:21','2022-12-26 12:25:21'),(198,194,1,86,40,1833,3,85,'4526341','I','2022-12-25 06:39:37',NULL,'2022-12-26 12:35:57','2022-12-26 12:35:57'),(199,195,1,81,43,1559,2,81,'4525319','I','2022-12-23 18:57:04',NULL,'2022-12-26 12:46:53','2022-12-26 12:46:53'),(200,196,1,86,45,1821,3,85,'4526748','I','2022-12-25 17:25:26',NULL,'2022-12-26 12:57:14','2022-12-26 12:57:14'),(201,197,1,83,42,1605,2,83,'4526803','I','2022-12-25 19:19:19',NULL,'2022-12-26 15:09:18','2022-12-26 15:09:18'),(202,198,1,83,38,1657,2,83,'4526893','I','2022-12-25 21:46:22',NULL,'2022-12-26 16:12:51','2022-12-26 16:12:51'),(203,199,1,81,46,1566,2,81,'4528772','I','2022-12-26 15:06:48',NULL,'2022-12-26 19:03:21','2022-12-26 19:03:21'),(204,200,1,86,36,1801,3,85,'4491214','I','2022-12-13 00:52:59',NULL,'2022-12-26 19:29:10','2022-12-26 19:29:10'),(205,201,1,79,36,1497,2,79,'4526168','I','2022-12-24 17:48:23','2022-12-29 12:51:21','2022-12-26 20:23:46','2023-02-03 16:23:39'),(206,202,1,76,47,1406,2,76,'4526808','I','2022-12-25 19:27:18','2023-01-03 10:39:16','2022-12-27 00:15:07','2023-02-02 02:02:33'),(207,203,1,79,41,1493,2,79,'4529383','I','2022-12-26 19:25:29',NULL,'2022-12-27 00:22:07','2022-12-27 00:22:07'),(208,204,1,81,36,1542,2,81,'4529233','I','2022-12-26 17:45:02',NULL,'2022-12-27 01:02:33','2022-12-27 01:02:33'),(209,205,1,102,38,2142,14,92,'4529717','I','2022-12-27 06:46:00',NULL,'2022-12-27 09:55:51','2022-12-27 09:55:51'),(210,206,1,79,38,1481,2,79,'4526628','I','2022-12-25 14:30:56',NULL,'2022-12-27 13:39:47','2022-12-27 13:39:47'),(211,207,1,86,38,1797,2,85,'4530029','I','2022-12-27 08:11:46',NULL,'2022-12-27 14:11:01','2022-12-27 14:11:01'),(212,208,1,81,41,1569,2,81,'4529569','I','2022-12-26 23:20:41',NULL,'2022-12-27 15:39:55','2022-12-27 15:39:55'),(213,209,1,81,38,1552,2,81,'4527035','I','2022-12-26 06:27:22',NULL,'2022-12-27 19:47:06','2022-12-27 19:47:06'),(214,210,1,86,40,1820,3,85,'4529596','I','2022-12-27 01:09:03',NULL,'2022-12-27 20:26:57','2022-12-27 20:26:57'),(215,211,1,86,48,1821,3,85,'4531811','I','2022-12-27 17:08:07',NULL,'2022-12-27 21:08:03','2022-12-27 21:08:03'),(216,212,4,130,17,2259,11,120,'10101890','I','2022-12-25 23:59:00',NULL,'2022-12-27 21:53:15','2022-12-27 21:53:15'),(217,213,1,79,45,1495,2,79,'4528415','I','2022-12-26 13:24:19',NULL,'2022-12-27 22:36:11','2022-12-27 22:36:11'),(218,214,1,86,41,1822,3,85,'4527002','I','2022-12-26 05:10:31',NULL,'2022-12-27 22:51:38','2022-12-27 22:51:38'),(219,215,1,81,40,1559,2,81,'4531366','I','2022-12-27 14:29:40',NULL,'2022-12-27 23:14:00','2022-12-27 23:14:00'),(220,216,1,76,44,1387,14,76,'4529590','I','2022-12-27 05:22:00','2022-12-28 11:24:11','2022-12-27 23:31:38','2023-02-02 01:18:42'),(221,217,1,76,36,1414,14,76,'4529625','I','2022-12-27 04:25:33',NULL,'2022-12-27 23:42:17','2022-12-27 23:42:17'),(222,218,1,76,45,1411,14,76,'4531041','I','2022-12-27 12:35:00',NULL,'2022-12-28 00:03:39','2022-12-28 00:03:39'),(223,219,1,83,40,1600,2,83,'4522783','I','2022-12-22 18:23:28',NULL,'2022-12-28 00:15:24','2022-12-28 00:15:24'),(224,220,1,86,36,1795,3,85,'4531449','I','2022-12-27 14:53:05',NULL,'2022-12-28 02:00:18','2022-12-28 02:00:18'),(225,221,1,86,49,1784,3,85,'4532167','I','2022-12-27 21:09:46',NULL,'2022-12-28 02:18:52','2022-12-28 02:18:52'),(226,222,1,86,40,1826,3,85,'4531435','I','2022-12-27 14:49:56',NULL,'2022-12-28 10:15:38','2022-12-28 10:15:38'),(227,223,4,119,24,2196,11,109,'10106442','I','2022-12-27 20:31:00',NULL,'2022-12-28 14:25:19','2022-12-28 14:25:19'),(228,224,1,77,46,1444,2,77,'4532948','I','2022-12-28 08:53:19',NULL,'2022-12-28 14:36:58','2022-12-28 14:36:58'),(229,225,1,86,50,1821,3,85,'4534469','I','2022-12-28 15:10:56',NULL,'2022-12-28 19:05:08','2022-12-28 19:05:08'),(230,226,1,86,51,1825,3,85,'4534100','I','2022-12-28 13:36:38',NULL,'2022-12-28 20:03:31','2022-12-28 20:03:31'),(231,227,4,119,23,2254,11,109,'10106210','I','2022-12-27 16:09:00',NULL,'2022-12-28 22:26:06','2022-12-28 22:26:06'),(232,228,1,76,40,1394,2,76,'4534900','I','2022-12-28 18:00:56',NULL,'2022-12-29 00:49:25','2022-12-29 00:49:25'),(233,229,1,79,36,1479,2,79,'4534873','I','2022-12-28 17:41:47',NULL,'2022-12-29 02:54:45','2022-12-29 02:54:45'),(234,230,1,76,40,1402,14,76,'4535193','I','2022-12-29 00:02:57',NULL,'2022-12-29 03:58:07','2022-12-29 03:58:07'),(235,231,1,76,52,1396,14,76,'4535214','I','2022-12-29 04:40:00',NULL,'2022-12-29 08:14:31','2022-12-29 08:14:31'),(236,232,4,127,15,2260,8,117,'10104097','I','2022-12-26 21:11:00',NULL,'2022-12-29 10:38:44','2022-12-29 10:38:44'),(237,233,1,81,41,1542,2,81,'4535053','I','2022-12-28 20:19:00',NULL,'2022-12-29 13:40:50','2022-12-29 13:40:50'),(238,234,4,127,15,2261,8,117,'10104078','I','2022-12-26 19:55:00',NULL,'2022-12-29 14:21:42','2022-12-29 14:21:42'),(239,235,1,81,41,1556,2,81,'4537599','I','2022-12-29 22:08:55',NULL,'2022-12-30 04:16:14','2022-12-30 04:16:14'),(240,236,1,79,41,1485,2,79,'4535249','I','2022-12-29 04:36:22',NULL,'2022-12-30 12:22:27','2022-12-30 12:22:27'),(241,237,1,86,42,1825,3,85,'4539193','I','2022-12-30 15:49:43',NULL,'2022-12-30 21:49:15','2022-12-30 21:49:15'),(242,238,1,79,40,1482,2,79,'4539358','I','2022-12-30 18:18:31',NULL,'2022-12-30 22:09:19','2022-12-30 22:09:19'),(243,239,1,79,53,1498,2,79,'4537655','I','2022-12-29 23:57:47',NULL,'2022-12-31 00:43:33','2022-12-31 00:43:33'),(244,240,1,83,41,1655,2,83,'4353843','I','2022-10-30 22:00:31',NULL,'2022-12-31 00:48:41','2023-01-19 13:31:14'),(245,241,1,83,38,1660,2,83,'4539487','I','2022-12-30 21:21:00',NULL,'2022-12-31 01:16:17','2022-12-31 01:16:17'),(246,242,1,79,36,1479,2,79,'4539346','I','2022-12-30 18:00:14',NULL,'2022-12-31 01:57:36','2022-12-31 01:57:36'),(247,243,1,86,38,1824,3,85,'4540162','I','2022-12-31 17:29:29',NULL,'2023-01-01 01:17:36','2023-01-01 01:17:36'),(248,244,1,77,40,1440,2,77,'4540230','I','2022-12-31 21:51:11',NULL,'2023-01-01 12:56:04','2023-01-06 17:19:27'),(249,245,1,81,36,1548,2,81,'4540613','I','2023-01-01 15:07:38',NULL,'2023-01-01 22:04:02','2023-01-04 02:00:50'),(250,246,1,79,53,1492,2,79,'4540736','I','2023-01-01 18:13:00',NULL,'2023-01-01 23:36:38','2023-01-01 23:36:38'),(251,247,1,94,38,1983,2,89,'4540607','I','2023-01-01 14:57:19',NULL,'2023-01-02 08:57:15','2023-01-02 08:57:15'),(252,248,1,81,38,1562,14,81,'4541568','I','2023-01-02 09:17:18',NULL,'2023-01-02 13:29:15','2023-01-02 13:29:15'),(253,249,1,79,38,1485,2,79,'4540924','I','2023-01-01 22:03:59',NULL,'2023-01-02 13:46:48','2023-01-02 13:46:48'),(254,250,1,86,36,1820,2,85,'4541431','I','2023-01-02 08:39:50',NULL,'2023-01-02 16:14:53','2023-01-02 16:14:53'),(255,251,1,86,41,1822,3,85,'4540665','I','2023-01-01 16:34:13',NULL,'2023-01-02 16:35:38','2023-01-02 16:35:38'),(256,252,1,83,36,1665,2,83,'4540212','I','2022-12-31 20:23:29',NULL,'2023-01-02 17:37:23','2023-01-02 17:37:23'),(257,253,1,86,50,1802,3,85,'4542502','I','2023-01-02 14:13:33',NULL,'2023-01-02 19:38:11','2023-01-02 19:38:11'),(258,254,1,79,36,1492,2,79,'4543042','I','2023-01-02 17:23:26',NULL,'2023-01-02 21:57:23','2023-01-03 18:32:37'),(259,255,1,79,42,1486,2,79,'4544477','I','2023-01-03 09:31:20',NULL,'2023-01-03 17:10:29','2023-01-03 17:10:29'),(260,256,1,83,54,1596,2,83,'4543667','I','2023-01-03 06:51:30',NULL,'2023-01-03 19:14:42','2023-01-03 19:14:42'),(261,257,1,81,45,1560,2,81,'4546167','I','2023-01-03 17:06:20',NULL,'2023-01-03 20:46:05','2023-01-03 20:46:05'),(262,258,1,82,42,1574,14,82,'4544476','I','2023-01-03 09:31:20',NULL,'2023-01-03 20:49:53','2023-01-03 20:49:53'),(263,187,1,83,44,1601,2,83,'4545746','I','2023-01-03 14:46:48',NULL,'2023-01-03 20:54:17','2023-01-03 20:54:17'),(264,259,1,86,49,1835,3,85,'4543034','I','2023-01-02 17:19:59',NULL,'2023-01-03 22:47:10','2023-01-03 22:47:10'),(265,260,1,79,55,1495,2,79,'4542690','I','2023-01-02 15:12:07',NULL,'2023-01-03 23:11:36','2023-01-03 23:11:36'),(266,261,1,76,41,1387,14,76,'4544638','I','2023-01-03 10:00:53',NULL,'2023-01-04 00:21:48','2023-01-04 00:21:48'),(267,262,1,76,38,1396,14,76,'4543524','I','2023-01-03 00:20:11',NULL,'2023-01-04 00:57:39','2023-01-04 00:57:39'),(268,263,1,81,47,1566,14,81,'4546687','I','2023-01-04 04:00:00',NULL,'2023-01-04 07:19:07','2023-01-04 07:19:07'),(269,264,1,82,43,1580,14,82,'4546766','I','2023-01-04 05:21:29',NULL,'2023-01-04 11:09:40','2023-01-04 11:09:40'),(270,265,1,82,41,1574,14,82,'4547244','I','2023-01-04 08:06:19',NULL,'2023-01-04 18:43:18','2023-01-04 18:43:18'),(271,266,1,76,41,1410,14,76,'4548805','I','2023-01-04 13:22:48',NULL,'2023-01-04 21:29:46','2023-01-04 21:29:46'),(272,267,1,81,42,1569,2,81,'4543472','I','2023-01-02 22:48:02',NULL,'2023-01-04 23:38:10','2023-01-04 23:38:10'),(273,268,1,83,56,1599,2,83,'4549891','I','2023-01-04 19:59:19',NULL,'2023-01-05 00:27:00','2023-01-05 00:27:00'),(274,269,1,76,38,1412,14,76,'4549049','I','2023-01-04 14:23:38',NULL,'2023-01-05 00:34:34','2023-01-05 00:34:34'),(275,270,1,81,41,1556,14,81,'4549965','I','2023-01-04 21:28:59',NULL,'2023-01-05 01:26:41','2023-01-05 01:26:41'),(276,271,1,86,41,1802,16,85,'4543375','I','2023-01-02 20:59:55',NULL,'2023-01-05 01:39:57','2023-01-05 01:39:57'),(277,272,1,82,38,1574,14,82,'4550050','I','2023-01-04 23:34:35',NULL,'2023-01-05 03:17:10','2023-01-05 03:17:10'),(278,273,1,83,36,1665,2,83,'4550031','I','2023-01-04 22:54:55',NULL,'2023-01-05 05:17:51','2023-01-05 05:17:51'),(279,274,1,83,36,1651,14,83,'4550080','I','2023-01-05 00:37:27',NULL,'2023-01-05 08:26:11','2023-01-06 20:22:06'),(280,275,1,86,45,1820,3,85,'4550005','I','2023-01-04 22:25:05',NULL,'2023-01-05 13:16:14','2023-01-05 13:16:14'),(281,276,1,82,38,1570,14,82,'4550164','I','2023-01-05 06:06:17',NULL,'2023-01-05 19:24:32','2023-01-05 19:24:32'),(282,277,1,84,40,1745,2,84,'4550102','I','2023-01-05 01:37:30',NULL,'2023-01-05 19:40:12','2023-01-05 19:40:12'),(283,278,1,81,40,1558,2,81,'4550106','I','2023-01-05 02:09:21',NULL,'2023-01-05 21:37:42','2023-01-05 21:37:42'),(284,279,1,84,38,1713,14,84,'4550529','I','2023-01-05 07:46:43',NULL,'2023-01-05 22:39:01','2023-01-05 22:39:01'),(285,280,1,83,40,1599,14,83,'4551585','I','2023-01-05 10:32:31',NULL,'2023-01-05 23:04:06','2023-01-05 23:04:06'),(286,281,1,81,45,1550,2,81,'4553443','I','2023-01-05 19:30:21',NULL,'2023-01-06 00:07:54','2023-01-06 00:07:54'),(287,282,1,86,36,1824,3,85,'4552655','I','2023-01-05 14:42:33',NULL,'2023-01-06 00:33:04','2023-01-06 00:33:04'),(288,283,1,81,40,1565,2,81,'4553495','I','2023-01-05 20:08:21',NULL,'2023-01-06 01:04:03','2023-01-06 01:04:03'),(289,284,1,86,40,1812,3,85,'4552441','I','2023-01-05 13:53:57',NULL,'2023-01-06 01:10:22','2023-01-06 01:10:22'),(290,155,4,119,23,2196,11,109,'10122678','I','2023-01-06 00:30:00',NULL,'2023-01-06 04:41:11','2023-01-18 01:13:39'),(291,285,1,76,38,1388,14,76,'4553741','I','2023-01-06 04:11:40',NULL,'2023-01-06 07:20:29','2023-01-06 07:20:29'),(292,286,1,84,41,1717,14,84,'4553819','I','2023-01-06 06:25:19',NULL,'2023-01-06 12:42:04','2023-01-06 12:42:04'),(293,287,1,86,38,1825,3,85,'4540953','I','2023-01-01 23:27:03',NULL,'2023-01-06 14:05:26','2023-01-06 14:05:26'),(294,288,1,84,40,1710,14,84,'4553840','I','2023-01-06 06:38:16',NULL,'2023-01-06 14:44:31','2023-01-06 14:44:31'),(295,289,1,80,38,1511,2,80,'4550008','I','2023-01-04 22:27:55',NULL,'2023-01-06 16:24:08','2023-01-08 01:31:47'),(296,290,1,83,41,1652,14,83,'4555510','I','2023-01-06 12:41:58',NULL,'2023-01-06 16:34:03','2023-01-06 16:34:03'),(297,291,1,84,38,1716,14,84,'4556226','I','2023-01-06 15:57:36',NULL,'2023-01-06 19:55:44','2023-01-06 19:55:44'),(298,292,4,118,19,2200,11,108,'10124102','I','2023-01-06 11:07:00',NULL,'2023-01-06 20:30:40','2023-01-06 20:30:40'),(299,293,1,84,41,1751,14,84,'4556339','I','2023-01-06 16:42:46',NULL,'2023-01-06 22:31:51','2023-01-06 22:31:51'),(300,294,4,130,25,2280,11,120,'10119791','I','2023-01-04 21:42:00',NULL,'2023-01-07 01:46:39','2023-01-07 01:46:39'),(301,295,1,83,38,1666,14,83,'4556793','I','2023-01-07 06:03:41',NULL,'2023-01-07 12:02:34','2023-01-07 12:02:34'),(302,296,1,79,52,1478,2,79,'4557780','I','2023-01-07 14:05:57','2023-01-12 13:20:45','2023-01-07 19:08:33','2023-02-02 10:41:16'),(303,297,1,83,41,1655,14,83,'4557001','I','2023-01-07 08:11:06',NULL,'2023-01-07 19:18:59','2023-01-07 19:18:59'),(304,298,1,83,54,1603,2,83,'4556766','I','2023-01-07 04:23:37',NULL,'2023-01-07 23:35:30','2023-01-07 23:35:30'),(305,299,1,83,40,1666,2,83,'4557817','I','2023-01-07 14:42:12',NULL,'2023-01-08 00:08:50','2023-01-08 00:08:50'),(306,300,1,81,36,1561,2,81,'4558186','I','2023-01-07 22:07:45',NULL,'2023-01-08 03:34:41','2023-01-08 03:34:41'),(307,301,1,76,41,1412,2,76,'4558206','I','2023-01-07 22:47:04',NULL,'2023-01-08 04:48:39','2023-01-08 04:48:39'),(308,302,1,79,39,1474,2,79,'4558256','I','2023-01-08 00:15:00',NULL,'2023-01-08 07:24:02','2023-01-10 00:44:02'),(309,303,1,81,38,1563,2,81,'4559074','I','2023-01-08 21:14:27',NULL,'2023-01-09 01:05:49','2023-01-09 01:05:49'),(310,304,1,80,38,1501,2,80,'4559110','I','2023-01-08 22:30:47',NULL,'2023-01-09 01:54:12','2023-01-09 01:54:40'),(311,305,1,81,38,1558,2,81,'4558885','I','2023-01-08 17:20:57',NULL,'2023-01-09 01:55:14','2023-01-09 01:55:14'),(312,306,1,76,38,1397,14,76,'4559113','I','2023-01-08 22:36:41',NULL,'2023-01-09 02:01:35','2023-01-09 02:01:35'),(313,307,1,81,36,1569,2,81,'4413260','I','2022-11-18 06:00:31',NULL,'2023-01-09 03:56:06','2023-01-10 23:59:21'),(314,308,1,83,57,1603,14,83,'4559181','I','2023-01-09 04:46:19',NULL,'2023-01-09 08:45:35','2023-01-09 08:45:35'),(315,309,1,82,38,2276,2,82,'4557653','I','2023-01-07 12:21:45',NULL,'2023-01-09 14:34:12','2023-01-09 14:34:12'),(316,310,1,83,50,1605,2,83,'4559042','I','2023-01-08 20:29:18',NULL,'2023-01-09 14:36:36','2023-01-09 14:36:36'),(317,183,1,83,40,1600,2,83,'4560660','I','2023-01-09 10:51:17',NULL,'2023-01-09 15:35:24','2023-01-09 15:35:24'),(318,311,4,118,24,2183,10,108,'10126756','I','2023-01-09 07:50:00',NULL,'2023-01-09 20:24:36','2023-01-09 20:24:36'),(319,312,1,81,48,1554,14,81,'4560547','I','2023-01-09 10:31:30',NULL,'2023-01-09 20:26:09','2023-01-09 20:26:09'),(320,313,1,82,38,2268,14,82,'4561319','I','2023-01-09 13:20:17',NULL,'2023-01-09 22:22:20','2023-01-09 22:22:20'),(321,314,1,82,41,2278,2,82,'4560951','I','2023-01-09 11:53:09',NULL,'2023-01-09 22:29:59','2023-01-09 22:29:59'),(322,315,1,81,45,1569,14,81,'4559198','I','2023-01-09 05:38:07',NULL,'2023-01-09 22:50:33','2023-01-09 22:50:33'),(323,316,1,82,41,2272,2,82,'4561825','I','2023-01-09 14:56:21',NULL,'2023-01-09 23:03:52','2023-01-09 23:03:52'),(324,317,1,83,36,1651,14,83,'4559900','I','2023-01-09 08:50:21',NULL,'2023-01-10 00:29:04','2023-01-10 00:29:04'),(325,318,1,76,38,1392,14,76,'4562868','I','2023-01-09 22:10:00',NULL,'2023-01-10 01:53:17','2023-01-10 01:53:17'),(326,319,1,76,38,1389,14,76,'4562327','I','2023-01-09 16:45:22',NULL,'2023-01-10 02:01:02','2023-01-10 02:01:02'),(327,320,1,86,58,1802,3,85,'4562766','I','2023-01-09 20:32:44',NULL,'2023-01-10 06:14:54','2023-01-11 14:52:19'),(328,321,1,78,41,1447,2,78,'4563112','I','2023-01-10 06:49:44',NULL,'2023-01-10 11:41:29','2023-01-10 11:41:29'),(329,322,1,86,40,1821,16,85,'4559191','I','2023-01-09 05:08:43',NULL,'2023-01-10 13:05:08','2023-01-10 13:05:08'),(330,323,1,81,40,1544,2,81,'4562618','I','2023-01-09 18:20:29',NULL,'2023-01-10 15:29:55','2023-01-10 15:29:55'),(331,324,1,84,39,1718,14,84,'4562974','I','2023-01-10 04:08:52',NULL,'2023-01-10 18:37:00','2023-01-10 18:37:00'),(332,325,1,88,41,1866,14,86,'4565510','I','2023-01-10 14:32:22',NULL,'2023-01-10 19:24:22','2023-01-10 19:24:22'),(333,326,1,88,38,1859,2,86,'4565815','I','2023-01-10 15:32:15',NULL,'2023-01-10 19:28:07','2023-01-10 19:28:07'),(334,327,1,76,38,1415,2,76,'4540414','I','2023-01-01 10:35:04','2023-01-14 12:20:00','2023-01-10 20:55:21','2023-02-03 00:06:33'),(335,328,1,84,41,1751,14,84,'4563068','I','2023-01-10 06:31:46',NULL,'2023-01-10 21:02:25','2023-01-10 21:02:25'),(336,329,1,88,38,1858,2,86,'4565693','I','2023-01-10 15:07:58',NULL,'2023-01-10 21:20:24','2023-01-10 21:20:24'),(337,330,1,83,38,1656,14,83,'4563633','I','2023-01-10 08:24:38',NULL,'2023-01-10 22:00:53','2023-01-10 22:00:53'),(338,331,1,83,41,1605,14,83,'4564838','I','2023-01-10 12:03:00',NULL,'2023-01-10 22:26:07','2023-01-10 22:26:07'),(339,332,1,84,38,1745,14,84,'4529555','I','2022-12-26 22:57:42',NULL,'2023-01-10 23:08:24','2023-01-10 23:08:24'),(340,333,1,88,38,1875,2,86,'4566367','I','2023-01-10 18:21:45',NULL,'2023-01-10 23:38:26','2023-01-10 23:38:26'),(341,334,1,88,38,1860,14,86,'4564763','I','2023-01-10 11:38:24',NULL,'2023-01-11 00:09:21','2023-01-11 00:09:21'),(342,335,1,81,36,1567,14,81,'4564913','I','2023-01-10 12:19:13','2023-01-11 09:29:34','2023-01-11 00:11:57','2023-02-02 00:13:49'),(343,336,1,88,38,1882,2,86,'4566566','I','2023-01-10 20:45:33','2023-01-12 12:16:39','2023-01-11 00:32:37','2023-02-03 17:07:18'),(344,337,1,76,36,1404,14,76,'4565894','I','2023-01-10 15:48:48',NULL,'2023-01-11 01:19:18','2023-01-11 01:19:18'),(345,338,1,88,46,1864,14,86,'4564205','I','2023-01-10 10:01:05',NULL,'2023-01-11 01:31:59','2023-01-11 01:31:59'),(346,339,1,83,42,1665,14,83,'4562023','I','2023-01-09 15:38:58',NULL,'2023-01-11 01:34:42','2023-01-11 01:34:42'),(347,340,1,88,40,1870,14,86,'4564636','I','2023-01-10 11:15:40',NULL,'2023-01-11 02:12:24','2023-01-11 02:12:24'),(348,341,1,88,41,1855,14,86,'4566649','I','2023-01-10 22:11:08',NULL,'2023-01-11 02:27:49','2023-01-11 02:27:49'),(349,342,1,82,45,2279,2,82,'4566795','I','2023-01-11 04:50:35',NULL,'2023-01-11 08:20:44','2023-01-11 08:20:44'),(350,343,1,88,40,1879,14,86,'4566803','I','2023-01-11 05:09:59',NULL,'2023-01-11 08:41:15','2023-01-11 08:41:15'),(351,344,1,82,40,2272,2,82,'4566756','I','2023-01-11 01:21:51',NULL,'2023-01-11 09:08:40','2023-01-14 22:50:26'),(352,345,1,88,38,1872,14,86,'4566812','I','2023-01-11 05:27:30',NULL,'2023-01-11 09:12:26','2023-01-11 09:12:26'),(353,346,1,86,45,1811,16,85,'4566817','I','2023-01-11 05:44:48',NULL,'2023-01-11 09:43:37','2023-01-11 09:43:37'),(354,347,1,82,36,2274,2,82,'4566767','I','2023-01-11 02:11:10',NULL,'2023-01-11 10:04:29','2023-01-11 10:04:29'),(355,348,1,86,41,1821,16,85,'4566792','I','2023-01-11 04:37:06',NULL,'2023-01-11 12:03:40','2023-01-11 12:03:40'),(356,349,1,84,38,1710,14,84,'4567920','I','2023-01-11 09:22:54',NULL,'2023-01-11 12:49:18','2023-01-11 12:49:18'),(357,350,1,76,36,1401,14,76,'4567190','I','2023-01-11 07:37:29',NULL,'2023-01-11 12:53:18','2023-01-11 12:53:18'),(358,351,1,82,38,2269,2,82,'4567830','I','2023-01-11 09:08:43',NULL,'2023-01-11 13:40:01','2023-01-11 13:40:01'),(359,352,1,82,57,2277,14,82,'4568082','I','2023-01-11 09:48:43',NULL,'2023-01-11 13:40:08','2023-01-11 13:40:08'),(360,353,1,84,40,1716,14,84,'4566832','I','2023-01-11 06:06:55',NULL,'2023-01-11 16:06:12','2023-01-11 16:06:12'),(361,354,1,86,49,1808,16,85,'4567422','I','2023-01-11 08:10:37',NULL,'2023-01-11 18:47:05','2023-01-11 18:47:05'),(362,355,1,88,45,1877,14,86,'4567136','I','2023-01-11 07:28:13',NULL,'2023-01-11 18:55:54','2023-01-11 18:55:54'),(363,356,1,76,46,1404,14,76,'4568656','I','2023-01-11 11:28:24',NULL,'2023-01-11 20:48:34','2023-01-11 20:48:34'),(364,357,1,84,36,1712,2,84,'4566780','I','2023-01-11 03:17:27',NULL,'2023-01-11 22:14:56','2023-01-11 22:14:56'),(365,358,1,88,41,1880,14,86,'4568910','I','2023-01-11 12:29:09',NULL,'2023-01-11 22:53:09','2023-01-11 22:53:09'),(366,359,1,88,47,1868,14,86,'4566881','I','2023-01-11 06:23:26',NULL,'2023-01-11 23:25:11','2023-01-11 23:25:11'),(367,360,1,76,40,1405,2,76,'4569605','I','2023-01-11 15:01:31',NULL,'2023-01-11 23:35:04','2023-01-11 23:35:04'),(368,361,1,81,38,1550,2,81,'4545887','I','2023-01-03 15:28:46',NULL,'2023-01-12 01:23:41','2023-01-12 01:23:41'),(369,362,1,81,59,1542,14,81,'4567298','I','2023-01-11 07:54:35',NULL,'2023-01-12 01:54:00','2023-01-12 01:54:00'),(370,363,1,88,38,1875,16,86,'4570589','I','2023-01-11 22:28:00',NULL,'2023-01-12 02:02:59','2023-01-12 02:02:59'),(371,364,1,88,38,1872,14,86,'4570638','I','2023-01-12 00:00:17',NULL,'2023-01-12 03:23:54','2023-01-12 03:23:54'),(372,365,1,88,38,1867,14,86,'4570642','I','2023-01-12 00:16:13',NULL,'2023-01-12 03:35:52','2023-01-12 03:35:52'),(373,366,1,86,41,1818,3,85,'4570612','I','2023-01-11 23:07:00',NULL,'2023-01-12 03:41:25','2023-01-12 03:41:25'),(374,367,1,88,38,1873,14,86,'4570677','I','2023-01-12 03:46:00',NULL,'2023-01-12 07:24:54','2023-01-12 07:24:54'),(375,368,1,88,41,1866,14,86,'4570682','I','2023-01-12 04:31:38',NULL,'2023-01-12 08:11:53','2023-01-12 08:11:53'),(376,369,1,82,42,2270,2,82,'4571017','I','2023-01-12 07:34:05','2023-01-14 09:36:22','2023-01-12 12:09:11','2023-02-03 19:59:27'),(377,370,1,82,46,2278,14,82,'4571168','I','2023-01-12 07:59:39',NULL,'2023-01-12 13:01:28','2023-01-12 13:01:28'),(378,371,1,79,41,1497,2,79,'4562933','I','2023-01-10 00:34:00',NULL,'2023-01-12 13:04:06','2023-01-12 13:04:06'),(379,372,4,136,17,2281,10,126,'10137175','I','2023-01-12 09:34:47',NULL,'2023-01-12 15:23:30','2023-01-12 15:23:30'),(380,373,1,88,36,1857,14,86,'4572094','I','2023-01-12 09:59:06',NULL,'2023-01-12 15:57:28','2023-01-12 15:57:28'),(381,374,1,88,54,1854,14,86,'4570776','I','2023-01-12 06:36:52',NULL,'2023-01-12 16:31:27','2023-01-12 16:37:51'),(382,375,1,86,40,1795,3,85,'4570321','I','2023-01-11 18:20:29',NULL,'2023-01-12 17:13:08','2023-01-12 17:13:08'),(383,376,4,120,20,2258,11,110,'10117326','I','2023-01-03 21:09:00',NULL,'2023-01-12 17:18:23','2023-01-12 17:18:23'),(384,377,1,83,40,1601,2,83,'4555283','I','2023-01-06 11:33:14',NULL,'2023-01-12 18:31:56','2023-01-12 18:31:56'),(385,378,1,82,41,2272,2,82,'4572833','I','2023-01-12 12:14:30',NULL,'2023-01-12 18:57:35','2023-01-12 18:57:35'),(386,379,1,79,41,1490,2,79,'4562794','I','2023-01-09 21:00:04',NULL,'2023-01-12 18:59:59','2023-01-12 18:59:59'),(387,380,1,83,36,1660,2,83,'4566770','I','2023-01-11 02:20:37',NULL,'2023-01-12 19:32:02','2023-01-12 19:32:02'),(388,381,1,81,41,1548,14,81,'4567620','I','2023-01-11 08:37:23',NULL,'2023-01-12 20:02:36','2023-01-19 16:51:37'),(389,382,4,136,19,2282,11,126,'10117314','I','2023-01-03 20:55:00',NULL,'2023-01-12 22:26:02','2023-01-12 22:26:02'),(390,383,1,88,38,1874,14,86,'4572016','I','2023-01-12 09:49:31',NULL,'2023-01-12 23:15:44','2023-01-12 23:15:44'),(391,384,1,79,38,1478,2,79,'4567719','I','2023-01-11 08:52:09',NULL,'2023-01-12 23:42:36','2023-01-12 23:42:36'),(392,385,1,88,41,1878,14,86,'4573994','I','2023-01-12 16:20:02',NULL,'2023-01-13 00:21:50','2023-01-13 00:21:50'),(393,386,1,88,40,1880,14,86,'4574530','I','2023-01-12 21:18:34',NULL,'2023-01-13 00:48:23','2023-01-13 00:48:23'),(394,387,1,84,41,1747,2,84,'4562983','I','2023-01-10 04:48:00',NULL,'2023-01-13 01:12:48','2023-01-13 01:12:48'),(395,388,1,82,46,2273,2,82,'4574509','I','2023-01-12 20:49:29',NULL,'2023-01-13 01:15:30','2023-01-13 01:15:30'),(396,389,1,86,41,1821,16,85,'4569219','I','2023-01-11 13:41:45',NULL,'2023-01-13 02:08:06','2023-01-17 17:19:59'),(397,390,1,83,41,1606,2,83,'4570111','I','2023-01-11 16:58:08',NULL,'2023-01-13 02:51:41','2023-01-13 02:51:41'),(398,391,1,78,58,1457,14,78,'4574721','I','2023-01-13 05:50:21',NULL,'2023-01-13 09:11:27','2023-01-13 09:11:27'),(399,392,1,88,40,1871,14,86,'4574712','I','2023-01-13 05:35:13',NULL,'2023-01-13 09:45:02','2023-01-13 09:45:02'),(400,393,1,84,54,1749,14,84,'4574703','I','2023-01-13 05:07:06',NULL,'2023-01-13 09:46:55','2023-01-13 09:46:55'),(401,394,1,84,41,1718,14,84,'4574709','I','2023-01-13 05:21:38',NULL,'2023-01-13 10:17:37','2023-01-13 10:17:37'),(402,395,1,88,41,1859,14,86,'4572630','I','2023-01-12 11:28:14',NULL,'2023-01-13 11:27:01','2023-01-13 11:27:01'),(403,396,1,79,45,1480,2,79,'4574554','I','2023-01-12 21:51:07',NULL,'2023-01-13 13:27:07','2023-01-16 23:23:29'),(404,397,4,130,20,2283,11,120,'10132891','I','2023-01-11 03:12:00',NULL,'2023-01-13 15:12:12','2023-01-13 15:12:12'),(405,398,1,88,38,1860,14,86,'4575035','I','2023-01-13 07:32:36',NULL,'2023-01-13 15:20:13','2023-01-13 15:20:13'),(406,399,1,80,38,1512,2,80,'4574221','I','2023-01-12 17:30:05',NULL,'2023-01-13 16:22:43','2023-01-13 16:22:43'),(407,400,1,92,58,1957,2,88,'4576572','I','2023-01-13 11:48:18',NULL,'2023-01-13 17:27:50','2023-01-13 17:27:50'),(408,401,1,86,41,1802,16,85,'4574580','I','2023-01-12 22:29:03',NULL,'2023-01-13 17:54:36','2023-01-13 17:54:36'),(409,402,1,79,38,1484,2,79,'4574453','I','2023-01-12 19:41:14',NULL,'2023-01-13 18:07:56','2023-01-13 18:07:56'),(410,403,1,76,40,1390,14,76,'4575562','I','2023-01-13 08:56:46',NULL,'2023-01-13 18:47:41','2023-01-13 18:47:41'),(411,404,1,88,38,1856,14,86,'4574779','I','2023-01-13 06:22:36',NULL,'2023-01-13 18:59:59','2023-01-13 18:59:59'),(412,405,1,88,38,1866,14,86,'4575942','I','2023-01-13 09:55:21',NULL,'2023-01-13 19:01:03','2023-01-13 19:01:03'),(413,406,1,76,45,1387,2,76,'4526691','I','2022-12-25 16:12:53',NULL,'2023-01-13 19:21:09','2023-01-13 19:21:09'),(414,407,1,83,58,1660,2,83,'4576795','I','2023-01-13 12:47:23',NULL,'2023-01-13 21:34:19','2023-01-13 21:34:19'),(415,408,1,86,45,1811,3,85,'4539878','I','2022-12-31 11:00:10',NULL,'2023-01-13 23:19:03','2023-01-13 23:19:03'),(416,409,1,86,45,1800,17,85,'4577803','I','2023-01-13 17:16:43',NULL,'2023-01-13 23:25:51','2023-01-13 23:25:51'),(417,410,1,86,36,1823,16,85,'4570809','I','2023-01-12 06:50:30',NULL,'2023-01-13 23:49:26','2023-01-13 23:49:26'),(418,411,1,86,36,1821,3,85,'4576719','I','2023-01-13 12:23:34',NULL,'2023-01-14 01:27:47','2023-01-14 01:27:47'),(419,412,1,88,56,1879,14,86,'4577939','I','2023-01-13 22:29:00',NULL,'2023-01-14 02:30:56','2023-01-14 02:30:56'),(420,413,1,81,45,1552,2,81,'4578202','I','2023-01-14 03:50:46',NULL,'2023-01-14 08:21:15','2023-01-14 08:21:15'),(421,414,4,120,23,2284,10,110,'10134536','I','2023-01-11 10:49:00',NULL,'2023-01-14 10:50:37','2023-01-14 10:50:37'),(422,415,1,79,38,1476,2,79,'4566448','I','2023-01-10 19:11:10',NULL,'2023-01-14 12:46:55','2023-01-14 12:46:55'),(423,416,1,86,38,1826,3,85,'4578620','I','2023-01-14 08:45:06',NULL,'2023-01-14 14:20:47','2023-01-14 14:20:47'),(424,417,1,83,38,1662,14,83,'4578831','I','2023-01-14 09:59:21',NULL,'2023-01-14 14:39:16','2023-01-14 14:39:16'),(425,418,1,88,48,1854,14,86,'4578788','I','2023-01-14 09:43:26',NULL,'2023-01-14 15:00:02','2023-01-14 15:00:02'),(426,419,1,76,51,1393,14,76,'4578402','I','2023-01-14 07:16:25',NULL,'2023-01-14 15:43:02','2023-01-14 15:43:02'),(427,420,1,83,60,1651,14,83,'4578327','I','2023-01-14 06:28:50',NULL,'2023-01-14 15:59:54','2023-01-14 23:33:26'),(428,421,1,83,41,1602,2,83,'4574431','I','2023-01-12 19:20:42',NULL,'2023-01-14 16:16:11','2023-01-14 16:16:11'),(429,422,1,79,36,1489,14,79,'4573114','I','2023-01-12 13:21:10',NULL,'2023-01-14 16:21:07','2023-01-14 16:21:07'),(430,423,1,82,40,2268,14,82,'4578338','I','2023-01-14 06:38:10',NULL,'2023-01-14 17:00:55','2023-01-14 17:00:55'),(431,424,1,83,38,1606,2,83,'4579177','I','2023-01-14 12:46:34',NULL,'2023-01-14 17:41:13','2023-01-14 17:41:13'),(432,425,1,82,55,2278,14,82,'4578399','I','2023-01-14 07:14:18',NULL,'2023-01-14 18:49:17','2023-01-14 18:49:17'),(433,426,1,83,36,1663,14,83,'4578469','I','2023-01-14 07:45:06',NULL,'2023-01-14 22:07:54','2023-01-14 22:07:54'),(434,427,1,88,38,1865,14,86,'4578272','I','2023-01-14 05:57:46',NULL,'2023-01-14 23:35:38','2023-01-14 23:35:38'),(435,428,1,76,41,1394,14,76,'4578914','I','2023-01-14 10:25:17',NULL,'2023-01-14 23:55:30','2023-01-14 23:55:30'),(436,429,1,81,45,1566,2,81,'4579526','I','2023-01-14 18:21:48',NULL,'2023-01-15 01:06:50','2023-01-15 01:06:50'),(437,430,1,76,42,1398,14,76,'4578984','I','2023-01-14 10:50:43',NULL,'2023-01-15 03:07:15','2023-01-15 03:07:15'),(438,431,1,88,57,1869,14,86,'4579781','I','2023-01-15 05:10:32',NULL,'2023-01-15 08:30:44','2023-01-15 08:30:44'),(439,432,1,83,38,1595,14,83,'4579981','I','2023-01-15 10:23:53',NULL,'2023-01-15 15:43:42','2023-01-15 15:43:42'),(440,433,1,80,39,1512,2,80,'4579940','I','2023-01-15 09:47:24',NULL,'2023-01-15 16:15:43','2023-01-16 21:48:26'),(441,434,4,119,17,2197,11,109,'10142452','I','2023-01-15 01:34:00',NULL,'2023-01-15 17:28:21','2023-01-15 17:28:21'),(442,435,1,76,41,1412,2,76,'4577600','I','2023-01-13 16:07:12',NULL,'2023-01-15 21:17:54','2023-01-15 21:17:54'),(443,436,1,88,38,1878,14,86,'4580547','I','2023-01-15 22:14:39',NULL,'2023-01-16 01:41:26','2023-01-16 01:41:26'),(444,437,1,76,40,1390,14,76,'4580068','I','2023-01-15 11:45:41',NULL,'2023-01-16 02:05:30','2023-01-16 02:05:30'),(445,438,1,88,38,1875,14,86,'4580539','I','2023-01-15 21:50:56',NULL,'2023-01-16 02:05:33','2023-01-16 02:05:33'),(446,439,1,88,43,1874,14,86,'4580555','I','2023-01-15 21:57:00',NULL,'2023-01-16 02:30:10','2023-01-16 02:30:10'),(447,440,1,88,42,1876,14,86,'4580579','I','2023-01-15 23:17:00',NULL,'2023-01-16 02:49:34','2023-01-16 02:49:34'),(448,441,1,82,61,2277,14,82,'4580652','I','2023-01-16 05:14:39',NULL,'2023-01-16 08:35:21','2023-01-16 08:35:21'),(449,442,1,88,41,1872,14,86,'4580679','I','2023-01-16 06:03:38',NULL,'2023-01-16 14:10:58','2023-01-16 14:10:58'),(450,443,1,76,54,1400,14,76,'4479170','I','2022-12-08 10:24:29',NULL,'2023-01-16 16:52:51','2023-02-06 22:11:15'),(451,444,1,88,36,1866,14,86,'4580719','I','2023-01-16 06:24:46',NULL,'2023-01-16 19:59:06','2023-01-16 19:59:06'),(452,445,1,88,38,1861,14,86,'4581050','I','2023-01-16 07:48:44',NULL,'2023-01-16 20:13:54','2023-01-16 20:13:54'),(453,446,1,86,41,1820,3,85,'4580735','I','2023-01-16 06:31:49',NULL,'2023-01-16 21:00:11','2023-01-16 21:00:11'),(454,447,1,78,38,1451,2,78,'4583946','I','2023-01-16 16:34:06',NULL,'2023-01-16 21:21:55','2023-01-16 21:21:55'),(455,448,1,81,36,1556,2,81,'4583061','I','2023-01-16 13:35:35',NULL,'2023-01-16 22:34:37','2023-01-23 16:39:50'),(456,449,1,81,41,1567,14,81,'4582672','I','2023-01-16 12:10:02',NULL,'2023-01-16 22:51:02','2023-01-16 22:51:02'),(457,450,1,88,41,1869,14,86,'4584167','I','2023-01-16 17:38:49',NULL,'2023-01-16 23:10:22','2023-01-16 23:10:22'),(458,451,1,80,41,1509,2,80,'4584396','I','2023-01-16 19:15:07',NULL,'2023-01-17 00:47:23','2023-01-17 00:47:23'),(459,452,1,84,39,1751,14,84,'4584557','I','2023-01-16 21:25:55',NULL,'2023-01-17 01:03:39','2023-01-17 01:03:39'),(460,453,1,78,38,1448,2,78,'4580607','I','2023-01-16 00:50:27',NULL,'2023-01-17 01:10:32','2023-01-17 01:10:32'),(461,454,1,76,38,1386,14,76,'4584602','I','2023-01-16 22:20:04',NULL,'2023-01-17 01:41:26','2023-01-17 01:41:26'),(462,455,1,76,38,1393,14,76,'4584566','I','2023-01-16 21:34:24',NULL,'2023-01-17 01:47:13','2023-01-22 22:22:40'),(463,456,1,84,38,1716,2,84,'4584459','I','2023-01-16 19:59:01',NULL,'2023-01-17 02:10:36','2023-01-17 02:10:36'),(464,457,1,88,38,1870,14,86,'4584594','I','2023-01-16 22:10:27',NULL,'2023-01-17 02:55:21','2023-01-17 02:55:21'),(465,458,1,83,41,1606,2,83,'4584622','I','2023-01-16 22:48:39',NULL,'2023-01-17 03:37:07','2023-01-17 03:37:07'),(466,459,1,84,41,1713,2,84,'4584689','I','2023-01-17 01:12:42',NULL,'2023-01-17 04:37:24','2023-01-17 04:37:24'),(467,460,1,86,38,1823,16,85,'4580654','I','2023-01-16 05:16:16',NULL,'2023-01-17 04:54:11','2023-01-17 04:54:11'),(468,461,1,88,38,1882,14,86,'4584714','I','2023-01-17 04:35:05',NULL,'2023-01-17 08:29:21','2023-01-17 08:29:21'),(469,462,1,88,41,1860,14,86,'4584733','I','2023-01-17 05:37:40',NULL,'2023-01-17 09:15:35','2023-01-17 09:15:35'),(470,463,1,80,40,1505,2,80,'4580351','I','2023-01-15 17:35:29',NULL,'2023-01-17 10:17:31','2023-01-19 00:06:26'),(471,464,1,88,39,1855,14,86,'4582313','I','2023-01-16 10:52:26',NULL,'2023-01-17 10:42:29','2023-01-17 10:42:29'),(472,465,1,88,38,1862,14,86,'4584718','I','2023-01-17 04:52:58',NULL,'2023-01-17 18:41:10','2023-01-17 18:41:10'),(473,466,1,81,36,1569,2,81,'4574362','I','2023-01-12 18:34:28',NULL,'2023-01-17 19:23:38','2023-01-22 00:37:39'),(474,467,1,79,46,1498,2,79,'4587083','I','2023-01-17 13:11:58',NULL,'2023-01-17 19:51:14','2023-01-17 19:51:14'),(475,468,1,81,45,1548,2,81,'4579655','I','2023-01-14 21:58:23',NULL,'2023-01-17 20:04:48','2023-01-17 20:04:48'),(476,469,1,81,43,1544,14,81,'4585482','I','2023-01-17 08:35:18',NULL,'2023-01-17 20:15:10','2023-01-17 20:15:10'),(477,470,1,83,36,1663,14,83,'4581455','I','2023-01-16 08:49:27',NULL,'2023-01-17 20:30:07','2023-01-17 20:30:07'),(478,471,1,81,56,1566,14,81,'4586495','I','2023-01-17 11:03:01',NULL,'2023-01-17 21:08:55','2023-01-17 21:08:55'),(479,404,1,79,38,1478,2,79,'4586405','I','2023-01-17 10:47:43',NULL,'2023-01-17 21:39:16','2023-01-17 21:39:16'),(480,472,1,99,48,2045,17,91,'4588277','I','2023-01-17 17:51:08',NULL,'2023-01-17 22:34:11','2023-01-17 22:34:11'),(481,473,1,86,51,1822,3,85,'4580332','I','2023-01-15 17:00:46',NULL,'2023-01-17 22:44:06','2023-01-17 22:44:06'),(482,474,1,86,51,1796,2,85,'4584653','I','2023-01-16 23:46:55',NULL,'2023-01-17 22:45:05','2023-01-17 22:45:05'),(483,475,1,86,54,1810,3,85,'4584281','I','2023-01-16 18:15:08',NULL,'2023-01-17 22:55:33','2023-01-17 22:55:33'),(484,476,1,83,38,1653,2,83,'4588394','I','2023-01-17 18:40:34',NULL,'2023-01-18 00:05:29','2023-01-18 00:05:29'),(485,477,1,83,36,1662,2,83,'4588479','I','2023-01-17 19:42:50',NULL,'2023-01-18 00:09:26','2023-01-18 00:09:26'),(486,478,1,86,58,1811,3,85,'4584314','I','2023-01-16 18:31:58',NULL,'2023-01-18 00:34:35','2023-01-18 00:34:35'),(487,479,1,83,36,1603,2,83,'4587200','I','2023-01-17 13:35:25',NULL,'2023-01-18 01:21:34','2023-01-18 01:21:34'),(488,480,1,88,40,1872,14,86,'4588592','I','2023-01-17 21:27:00',NULL,'2023-01-18 01:38:21','2023-01-18 01:38:21'),(489,481,1,83,57,1600,14,83,'4585781','I','2023-01-17 09:19:20',NULL,'2023-01-18 01:40:08','2023-01-18 01:40:08'),(490,482,1,88,38,1871,14,86,'4588611','I','2023-01-17 21:52:31',NULL,'2023-01-18 01:49:03','2023-01-18 01:49:03'),(491,483,1,88,38,1855,14,86,'4585921','I','2023-01-17 09:38:40',NULL,'2023-01-18 02:09:34','2023-01-18 02:09:34'),(492,484,1,81,36,1550,2,81,'4583407','I','2023-01-16 14:38:13',NULL,'2023-01-18 02:30:26','2023-01-18 02:30:26'),(493,485,1,88,36,1854,2,86,'4588708','I','2023-01-18 00:44:00',NULL,'2023-01-18 04:32:16','2023-01-18 04:32:16'),(494,486,1,76,38,1389,14,76,'4588736','I','2023-01-18 04:58:00',NULL,'2023-01-18 08:52:08','2023-01-18 08:52:08'),(495,487,1,88,48,1862,14,86,'4588743','I','2023-01-18 05:19:10',NULL,'2023-01-18 09:11:24','2023-01-18 09:11:24'),(496,488,1,88,41,1859,14,86,'4588737','I','2023-01-18 05:01:37',NULL,'2023-01-18 09:46:50','2023-01-18 09:46:50'),(497,489,1,78,45,1450,2,78,'4588650','I','2023-01-17 22:41:49',NULL,'2023-01-18 10:59:57','2023-01-18 10:59:57'),(498,490,1,82,42,2276,2,82,'4588642','I','2023-01-17 22:29:00',NULL,'2023-01-18 13:34:51','2023-01-18 13:34:51'),(499,491,4,120,23,2285,10,110,'10148949','I','2023-01-17 16:20:23',NULL,'2023-01-18 13:39:28','2023-01-18 13:39:28'),(500,358,1,81,41,1561,2,81,'4580331','I','2023-01-15 16:58:43',NULL,'2023-01-18 16:56:55','2023-01-18 16:56:55'),(501,492,1,81,60,1544,14,81,'4588739','I','2023-01-18 05:08:58',NULL,'2023-01-18 17:21:15','2023-01-18 17:21:15'),(502,493,1,82,41,2274,14,82,'4588795','I','2023-01-18 06:23:00',NULL,'2023-01-18 17:21:27','2023-01-18 17:21:27'),(503,494,1,78,43,1448,2,78,'4588707','I','2023-01-18 00:41:24',NULL,'2023-01-18 17:26:32','2023-01-18 17:26:32'),(504,495,1,76,41,1400,14,76,'4586262','I','2023-01-17 10:28:03',NULL,'2023-01-18 17:57:10','2023-01-18 17:57:10'),(505,496,1,76,36,1387,2,76,'4584703','I','2023-01-17 02:27:05',NULL,'2023-01-18 19:17:05','2023-01-18 19:17:05'),(506,497,1,86,40,1798,3,85,'4592001','I','2023-01-18 15:57:23',NULL,'2023-01-18 21:56:20','2023-01-18 21:56:20'),(507,498,1,76,36,1405,2,76,'4588559','I','2023-01-17 20:56:25',NULL,'2023-01-18 22:00:39','2023-01-18 22:00:39'),(508,499,1,86,36,1799,3,85,'4590888','I','2023-01-18 11:58:56',NULL,'2023-01-18 22:44:31','2023-01-18 22:44:31'),(509,500,1,86,42,1835,3,85,'4590818','I','2023-01-18 11:40:33',NULL,'2023-01-18 23:03:39','2023-01-18 23:03:39'),(510,501,1,82,40,2279,2,82,'4592215','I','2023-01-18 16:52:49',NULL,'2023-01-18 23:29:05','2023-01-18 23:29:05'),(511,502,4,136,19,2286,10,126,'10150960','I','2023-01-18 11:23:05',NULL,'2023-01-18 23:34:46','2023-01-18 23:34:46'),(512,503,1,83,40,1601,2,83,'4592510','I','2023-01-18 19:08:48',NULL,'2023-01-19 00:19:38','2023-01-19 00:19:38'),(513,504,1,78,62,1455,2,78,'4587178','I','2023-01-17 13:31:40',NULL,'2023-01-19 01:25:38','2023-01-19 01:25:38'),(514,505,1,79,36,1497,2,79,'4580549','I','2023-01-15 22:21:24',NULL,'2023-01-19 01:30:13','2023-01-19 01:30:13'),(515,506,1,82,38,2278,2,82,'4592747','I','2023-01-18 23:44:08',NULL,'2023-01-19 03:18:47','2023-01-19 03:18:47'),(516,507,1,86,40,1797,14,85,'4592825','I','2023-01-19 04:38:09',NULL,'2023-01-19 08:02:35','2023-01-19 08:02:35'),(517,508,1,88,41,1863,14,86,'4592821','I','2023-01-19 04:23:37',NULL,'2023-01-19 08:07:41','2023-01-19 08:07:41'),(518,509,1,81,41,1542,14,81,'4592837','I','2023-01-19 05:21:15',NULL,'2023-01-19 09:06:30','2023-01-19 09:06:30'),(519,510,1,86,38,1812,16,85,'4592852','I','2023-01-19 06:00:00',NULL,'2023-01-19 11:46:51','2023-01-19 11:46:51'),(520,511,1,81,41,1567,14,81,'4585452','I','2023-01-17 08:30:47',NULL,'2023-01-19 12:30:17','2023-01-19 12:30:17'),(521,512,1,88,40,1860,14,86,'4592826','I','2023-01-19 04:43:17',NULL,'2023-01-19 12:45:46','2023-01-19 12:45:46'),(522,513,1,79,36,1481,2,79,'4590488','I','2023-01-18 10:40:14',NULL,'2023-01-19 12:57:45','2023-01-19 12:57:45'),(523,514,1,86,38,1795,2,85,'4592748','I','2023-01-18 23:48:35',NULL,'2023-01-19 14:33:18','2023-01-19 14:33:18'),(524,515,1,88,41,1881,14,86,'4592908','I','2023-01-19 06:31:14',NULL,'2023-01-19 15:42:45','2023-01-19 15:42:45'),(525,516,1,88,59,1872,14,86,'4594788','I','2023-01-19 11:32:16',NULL,'2023-01-19 16:29:26','2023-01-19 16:29:26'),(526,517,1,76,40,1391,14,76,'4581895','I','2023-01-16 09:52:16',NULL,'2023-01-19 16:49:36','2023-01-19 16:49:36'),(527,518,1,88,36,1857,14,86,'4594687','I','2023-01-19 11:11:38',NULL,'2023-01-19 20:20:07','2023-01-19 20:20:07'),(528,519,1,81,38,1557,2,81,'4592795','I','2023-01-19 01:42:39','2023-01-25 14:20:31','2023-01-19 21:40:23','2023-02-02 03:04:54'),(529,520,1,84,38,1749,14,84,'4593394','I','2023-01-19 08:07:49',NULL,'2023-01-19 21:57:27','2023-01-19 21:57:27'),(530,521,1,88,40,1858,14,86,'4596521','I','2023-01-19 17:27:51',NULL,'2023-01-19 23:07:56','2023-01-19 23:07:56'),(531,522,1,88,41,1871,14,86,'4593520','I','2023-01-19 08:22:28',NULL,'2023-01-19 23:36:58','2023-01-19 23:36:58'),(532,523,1,77,38,1429,2,77,'4596732','I','2023-01-19 19:22:13',NULL,'2023-01-19 23:50:43','2023-01-19 23:50:43'),(533,524,1,88,38,1863,14,86,'4594355','I','2023-01-19 10:18:04',NULL,'2023-01-19 23:57:21','2023-01-19 23:57:21'),(534,525,1,88,40,1859,14,86,'4592817','I','2023-01-19 04:03:56',NULL,'2023-01-20 00:47:06','2023-01-20 00:47:06'),(535,526,1,76,46,1386,14,76,'4592844','I','2023-01-19 05:40:43',NULL,'2023-01-20 00:59:57','2023-01-20 00:59:57'),(536,527,1,79,53,1498,2,79,'4596356','I','2023-01-19 16:37:34',NULL,'2023-01-20 02:21:37','2023-01-20 02:21:37'),(537,528,1,84,41,1747,14,84,'4596957','I','2023-01-19 22:59:00',NULL,'2023-01-20 02:42:06','2023-01-20 02:42:06'),(538,529,1,88,38,1865,14,86,'4596191','I','2023-01-19 15:59:27',NULL,'2023-01-20 03:12:51','2023-01-20 03:12:51'),(539,530,1,83,38,1604,2,83,'4596832','I','2023-01-19 20:38:00',NULL,'2023-01-20 11:17:52','2023-01-20 11:17:52'),(540,531,1,88,38,1856,14,86,'4594820','I','2023-01-19 11:41:45',NULL,'2023-01-20 11:34:13','2023-01-20 11:34:13'),(541,532,1,83,38,1663,2,83,'4596351','I','2023-01-19 16:36:21',NULL,'2023-01-20 11:55:04','2023-01-20 11:55:04'),(542,533,1,86,60,1826,3,85,'4596534','I','2023-01-19 17:31:10',NULL,'2023-01-20 13:29:21','2023-01-20 13:29:21'),(543,534,1,82,43,2277,14,82,'4595317','I','2023-01-19 13:21:44',NULL,'2023-01-20 14:48:38','2023-01-20 14:48:38'),(544,535,1,81,51,1561,2,81,'4596961','I','2023-01-19 23:15:37',NULL,'2023-01-20 15:39:27','2023-01-20 15:39:27'),(545,536,1,86,41,1794,16,85,'4597347','I','2023-01-20 07:35:39',NULL,'2023-01-20 16:51:11','2023-01-20 16:51:11'),(546,537,1,88,45,1874,14,86,'4597064','I','2023-01-20 06:20:05',NULL,'2023-01-20 19:44:37','2023-01-20 19:44:37'),(547,538,1,83,57,1664,2,83,'4599311','I','2023-01-20 14:50:04',NULL,'2023-01-20 20:43:50','2023-01-21 17:43:11'),(548,539,1,88,41,1860,14,86,'4597119','I','2023-01-20 06:39:21',NULL,'2023-01-20 21:13:51','2023-01-20 21:13:51'),(549,540,1,81,38,1566,14,81,'4599255','I','2023-01-20 14:36:41',NULL,'2023-01-20 21:50:58','2023-01-20 21:50:58'),(550,541,1,80,42,1513,2,80,'4599643','I','2023-01-20 16:15:12',NULL,'2023-01-20 23:53:45','2023-01-20 23:53:45'),(551,542,1,79,39,1493,2,79,'4599941','I','2023-01-20 18:33:15',NULL,'2023-01-21 00:35:48','2023-01-21 00:35:48'),(552,543,1,84,38,1713,2,84,'4599872','I','2023-01-20 17:52:10',NULL,'2023-01-21 01:10:16','2023-01-21 01:10:16'),(553,544,1,84,60,1712,14,84,'4597014','I','2023-01-20 04:39:28',NULL,'2023-01-21 02:16:08','2023-01-21 02:16:08'),(554,545,1,79,41,1486,2,79,'4597016','I','2023-01-20 04:51:00',NULL,'2023-01-21 10:34:54','2023-01-21 10:34:54'),(555,546,1,79,36,1484,2,79,'4596654','I','2023-01-19 18:19:12',NULL,'2023-01-21 10:51:00','2023-01-21 10:51:00'),(556,547,1,76,51,1394,14,76,'4600475','I','2023-01-21 08:11:02',NULL,'2023-01-21 14:37:23','2023-01-21 14:37:23'),(557,548,1,83,36,1605,14,83,'4600339','I','2023-01-21 07:12:15',NULL,'2023-01-21 16:12:49','2023-01-21 16:12:49'),(558,549,1,81,41,1543,14,81,'4600426','I','2023-01-21 07:51:43',NULL,'2023-01-21 16:14:43','2023-01-21 16:14:43'),(559,550,1,86,42,1795,16,85,'4600292','I','2023-01-21 06:39:46',NULL,'2023-01-21 16:59:38','2023-01-21 16:59:38'),(560,551,1,80,41,1509,2,80,'4600203','I','2023-01-21 04:13:33',NULL,'2023-01-21 18:36:50','2023-01-21 18:36:50'),(561,552,1,86,40,1798,3,85,'4601151','I','2023-01-21 12:09:18',NULL,'2023-01-21 19:42:40','2023-01-24 12:11:16'),(562,553,1,84,57,1751,14,84,'4600474','I','2023-01-21 08:09:58',NULL,'2023-01-21 20:58:21','2023-01-21 20:58:21'),(563,554,1,88,41,1872,14,86,'4600204','I','2023-01-21 04:19:04',NULL,'2023-01-21 21:49:05','2023-01-21 21:49:05'),(564,555,1,81,38,1556,2,81,'4601191','I','2023-01-21 12:35:55','2023-01-22 18:33:32','2023-01-21 22:30:58','2023-02-04 02:58:13'),(565,556,1,88,40,1873,14,86,'4600996','I','2023-01-21 10:55:14',NULL,'2023-01-21 22:37:32','2023-01-21 22:37:32'),(566,557,1,83,48,1652,2,83,'4597041','I','2023-01-20 05:45:44',NULL,'2023-01-21 22:48:01','2023-01-21 22:48:01'),(567,558,1,79,59,1481,15,79,'4601472','I','2023-01-21 16:55:01',NULL,'2023-01-21 22:55:57','2023-01-21 22:55:57'),(568,559,1,83,36,1604,14,83,'4600461','I','2023-01-21 08:07:17',NULL,'2023-01-21 23:30:53','2023-01-21 23:30:53'),(569,560,1,76,41,1403,14,76,'4601166','I','2023-01-21 12:18:49',NULL,'2023-01-22 01:08:41','2023-01-22 01:08:41'),(570,561,1,88,57,1879,14,86,'4601805','I','2023-01-22 04:53:00',NULL,'2023-01-22 09:14:52','2023-01-22 09:14:52'),(571,562,1,88,58,1878,14,86,'4601908','I','2023-01-22 08:43:48',NULL,'2023-01-22 12:56:35','2023-01-22 12:56:35'),(572,563,4,119,23,2287,11,109,'10155385','I','2023-01-20 00:22:00',NULL,'2023-01-22 18:51:24','2023-01-22 18:51:24'),(573,564,1,86,38,1784,3,85,'4601097','I','2023-01-21 11:40:45',NULL,'2023-01-22 19:40:51','2023-01-22 19:40:51'),(574,565,1,86,36,1802,3,85,'4602304','I','2023-01-22 15:20:27',NULL,'2023-01-22 19:50:05','2023-01-22 19:50:05'),(575,566,1,83,36,1600,2,83,'4602437','I','2023-01-22 18:21:56',NULL,'2023-01-22 23:06:55','2023-01-22 23:06:55'),(576,567,4,130,25,2288,11,120,'10159282','I','2023-01-22 18:51:00',NULL,'2023-01-23 01:25:05','2023-01-23 01:25:05'),(577,568,1,88,48,1868,14,86,'4602645','I','2023-01-23 00:01:16',NULL,'2023-01-23 03:27:49','2023-01-23 03:27:49'),(578,569,1,88,45,1860,14,86,'4602665','I','2023-01-23 00:40:06',NULL,'2023-01-23 04:01:46','2023-01-23 04:01:46'),(579,570,1,80,40,1509,2,80,'4602676','I','2023-01-23 01:02:41',NULL,'2023-01-23 05:11:54','2023-01-28 13:11:29'),(580,571,1,81,36,1554,2,81,'4602599','I','2023-01-22 22:06:33',NULL,'2023-01-23 05:29:19','2023-01-23 05:29:19'),(581,572,1,83,42,1662,2,83,'4602652','I','2023-01-23 00:16:38',NULL,'2023-01-23 11:20:51','2023-01-23 11:20:51'),(582,573,4,119,17,2205,10,109,'10151951','I','2023-01-18 15:22:37',NULL,'2023-01-23 12:06:00','2023-01-23 12:06:00'),(583,574,1,86,41,1809,16,85,'4602710','I','2023-01-23 04:26:43',NULL,'2023-01-23 16:40:27','2023-01-23 16:40:27'),(584,575,4,120,23,2203,11,110,'10159298','I','2023-01-22 19:53:00',NULL,'2023-01-23 18:17:49','2023-01-23 18:17:49'),(585,576,1,88,41,1870,14,86,'4602718','I','2023-01-23 04:56:21',NULL,'2023-01-23 18:59:50','2023-01-23 18:59:50'),(586,577,4,118,15,2194,18,108,'10119599','I','2023-01-04 16:10:08',NULL,'2023-01-23 19:35:52','2023-02-02 21:29:46'),(587,578,1,79,41,1495,2,79,'4601654','I','2023-01-21 20:56:59',NULL,'2023-01-23 19:47:36','2023-01-23 19:47:36'),(588,579,1,88,42,1863,14,86,'4602715','I','2023-01-23 04:53:05',NULL,'2023-01-23 20:18:04','2023-01-23 20:18:04'),(589,580,1,83,36,1663,14,83,'4604298','I','2023-01-23 10:42:17',NULL,'2023-01-23 22:09:39','2023-01-23 22:09:39'),(590,581,1,86,38,1810,3,85,'4606054','I','2023-01-23 16:09:43',NULL,'2023-01-23 22:45:57','2023-01-23 22:45:57'),(591,582,1,86,36,1799,3,85,'4606485','I','2023-01-23 18:13:05',NULL,'2023-01-23 22:53:36','2023-01-23 22:53:36'),(592,583,4,118,25,2200,10,108,'10161846','I','2023-01-23 13:41:00',NULL,'2023-01-23 23:19:10','2023-01-23 23:19:10'),(593,584,1,88,57,1881,14,86,'4601744','I','2023-01-21 23:50:04',NULL,'2023-01-23 23:29:15','2023-01-23 23:29:15'),(594,585,1,81,42,1546,2,81,'4604989','I','2023-01-23 13:01:03',NULL,'2023-01-24 00:43:15','2023-01-24 00:43:15'),(595,586,1,88,41,1861,14,86,'4606762','I','2023-01-23 22:10:00',NULL,'2023-01-24 02:02:48','2023-01-24 02:02:48'),(596,587,1,88,41,1860,14,86,'4606799','I','2023-01-23 22:44:00',NULL,'2023-01-24 02:14:31','2023-01-24 02:14:31'),(597,588,1,86,36,1794,2,85,'4606771','I','2023-01-23 22:23:53',NULL,'2023-01-24 02:45:50','2023-01-24 02:45:50'),(598,589,1,88,58,1874,14,86,'4606843','I','2023-01-24 00:05:24',NULL,'2023-01-24 03:29:26','2023-01-24 03:29:26'),(599,590,1,81,36,1568,2,81,'4606818','I','2023-01-23 23:14:00',NULL,'2023-01-24 03:33:59','2023-01-24 03:33:59'),(600,591,1,81,41,1558,2,81,'4606869','I','2023-01-24 01:24:21',NULL,'2023-01-24 05:10:44','2023-01-24 05:10:44'),(601,592,1,83,48,1603,2,83,'4606864','I','2023-01-24 01:13:17',NULL,'2023-01-24 05:26:30','2023-01-24 05:26:30'),(602,593,1,86,40,1823,3,85,'4606895','I','2023-01-24 04:13:00',NULL,'2023-01-24 08:25:33','2023-01-24 08:25:33'),(603,594,1,81,36,1549,2,81,'4606892','I','2023-01-24 04:01:00',NULL,'2023-01-24 08:30:07','2023-01-24 08:30:07'),(604,595,1,88,41,1873,14,86,'4606896','I','2023-01-24 04:28:04',NULL,'2023-01-24 08:33:51','2023-01-24 08:33:51'),(605,596,1,88,38,1857,14,86,'4603422','I','2023-01-23 08:30:30',NULL,'2023-01-24 09:00:14','2023-01-24 09:00:14'),(606,597,1,83,41,1666,14,83,'4606913','I','2023-01-24 05:34:00',NULL,'2023-01-24 09:13:10','2023-01-24 09:13:10'),(607,598,1,83,41,1660,14,83,'4606908','I','2023-01-24 05:18:58',NULL,'2023-01-24 09:25:28','2023-01-24 09:25:28'),(608,599,1,80,40,1503,2,80,'4599658','I','2023-01-20 16:19:15',NULL,'2023-01-24 12:36:49','2023-01-24 12:36:49'),(609,600,1,83,38,1657,14,83,'4607189','I','2023-01-24 07:20:34',NULL,'2023-01-24 13:15:52','2023-01-24 13:15:52'),(610,601,1,84,41,1747,14,84,'4608825','I','2023-01-24 11:35:15',NULL,'2023-01-24 15:11:47','2023-01-24 15:11:47'),(611,602,1,88,55,1881,2,86,'4608851','I','2023-01-24 11:40:18',NULL,'2023-01-24 15:19:35','2023-01-24 15:19:35'),(612,603,4,130,63,2290,11,120,'10159320','I','2023-01-22 21:16:00',NULL,'2023-01-24 15:20:34','2023-01-24 15:20:34'),(613,604,1,88,44,1858,14,86,'4602743','I','2023-01-23 06:01:06',NULL,'2023-01-24 15:56:13','2023-01-24 15:56:13'),(614,605,1,86,45,1826,16,85,'4609168','I','2023-01-24 12:51:59',NULL,'2023-01-24 17:02:42','2023-01-24 17:02:42'),(615,606,1,82,41,2275,19,82,'4607047','I','2023-01-24 06:55:31',NULL,'2023-01-24 17:49:44','2023-01-24 17:49:44'),(616,607,1,86,38,1835,16,85,'4608414','I','2023-01-24 10:28:06',NULL,'2023-01-24 18:06:47','2023-01-24 18:06:47'),(617,608,1,84,39,1714,14,84,'4606904','I','2023-01-24 05:06:46',NULL,'2023-01-24 18:18:42','2023-01-24 18:18:42'),(618,609,1,84,45,1749,2,84,'4609228','I','2023-01-24 13:03:20',NULL,'2023-01-24 19:25:37','2023-01-24 19:25:37'),(619,610,1,88,41,1878,14,86,'4607666','I','2023-01-24 08:30:50',NULL,'2023-01-24 19:51:46','2023-01-24 19:51:46'),(620,611,1,83,41,1662,2,83,'4609740','I','2023-01-24 14:46:05',NULL,'2023-01-24 20:27:22','2023-01-24 20:27:22'),(621,612,1,84,41,1751,14,84,'4606817','I','2023-01-23 23:16:21',NULL,'2023-01-24 21:36:54','2023-01-24 21:36:54'),(622,613,1,83,62,1600,2,83,'4609725','I','2023-01-24 14:42:50',NULL,'2023-01-24 22:00:35','2023-01-27 17:39:45'),(623,614,1,86,42,1808,3,85,'4606642','I','2023-01-23 20:05:04',NULL,'2023-01-24 23:04:50','2023-01-24 23:04:50'),(624,615,1,88,41,1867,14,86,'4607838','I','2023-01-24 08:57:48',NULL,'2023-01-24 23:43:22','2023-01-24 23:43:22'),(625,616,1,88,41,1877,2,86,'4610311','I','2023-01-24 16:43:36',NULL,'2023-01-24 23:56:53','2023-01-24 23:56:53'),(626,617,1,84,38,1717,14,84,'4607793','I','2023-01-24 08:51:10',NULL,'2023-01-25 00:04:06','2023-01-25 00:04:06'),(627,618,1,84,47,1713,14,84,'4609031','I','2023-01-24 12:19:55',NULL,'2023-01-25 00:19:15','2023-01-25 00:19:15'),(628,619,1,88,38,1872,2,86,'4610642','I','2023-01-24 18:47:40',NULL,'2023-01-25 02:13:05','2023-01-25 02:13:05'),(629,620,1,82,44,2277,14,82,'4608822','I','2023-01-24 11:34:39',NULL,'2023-01-25 02:43:38','2023-01-25 02:43:38'),(630,621,1,76,40,1392,2,76,'4610771','I','2023-01-24 20:24:20',NULL,'2023-01-25 02:58:29','2023-02-06 19:03:36'),(631,622,1,86,36,1835,3,85,'4610904','I','2023-01-24 23:06:45',NULL,'2023-01-25 03:30:38','2023-01-25 03:30:38'),(632,623,1,83,38,1602,14,83,'4610941','I','2023-01-25 00:19:04',NULL,'2023-01-25 03:49:55','2023-01-25 03:49:55'),(633,624,1,83,59,1597,2,83,'4610919','I','2023-01-24 23:32:15',NULL,'2023-01-25 04:08:12','2023-01-25 04:08:12'),(634,625,1,76,36,1393,2,76,'4610946','I','2023-01-25 00:31:40',NULL,'2023-01-25 04:48:24','2023-01-25 04:48:24'),(635,626,1,81,38,1555,2,81,'4588600','I','2023-01-17 21:40:53',NULL,'2023-01-25 16:31:01','2023-01-25 16:31:01'),(636,627,1,84,44,1717,14,84,'4611556','I','2023-01-25 08:07:52',NULL,'2023-01-25 16:35:02','2023-01-25 16:35:02'),(637,628,1,88,38,1871,16,86,'4611725','I','2023-01-25 08:35:21',NULL,'2023-01-25 17:39:34','2023-01-25 17:39:34'),(638,629,1,82,41,2271,14,82,'4609426','I','2023-01-24 13:41:15',NULL,'2023-01-25 18:36:16','2023-01-25 18:36:16'),(639,630,1,86,41,1820,3,85,'4605489','I','2023-01-23 14:32:46',NULL,'2023-01-25 18:42:04','2023-01-25 18:42:04'),(640,631,1,81,38,1553,14,81,'4610991','I','2023-01-25 05:10:17',NULL,'2023-01-25 19:04:37','2023-01-25 19:04:37'),(641,632,1,80,41,1500,2,80,'4613230','I','2023-01-25 13:38:30',NULL,'2023-01-25 19:16:35','2023-01-25 19:16:35'),(642,633,1,88,38,1865,14,86,'4612430','I','2023-01-25 10:27:20',NULL,'2023-01-25 21:12:02','2023-01-25 21:12:02'),(643,634,1,88,64,1868,14,86,'4612315','I','2023-01-25 10:06:28',NULL,'2023-01-25 22:42:56','2023-01-25 22:42:56'),(644,635,1,88,41,1861,14,86,'4611965','I','2023-01-25 09:12:25',NULL,'2023-01-25 22:45:34','2023-01-25 22:45:34'),(645,636,1,81,42,1548,2,81,'4592520','I','2023-01-18 19:17:19',NULL,'2023-01-25 23:36:17','2023-01-25 23:36:17'),(646,637,1,86,36,1825,3,85,'4614175','I','2023-01-25 18:16:23',NULL,'2023-01-26 00:00:04','2023-01-26 00:00:04'),(647,638,1,88,38,1882,14,86,'4614353','I','2023-01-25 21:15:40',NULL,'2023-01-26 01:04:58','2023-01-26 01:04:58'),(648,639,1,81,38,1554,2,81,'4614418','I','2023-01-25 22:18:00',NULL,'2023-01-26 02:24:18','2023-02-02 15:13:31'),(649,640,1,88,41,1863,14,86,'4613395','I','2023-01-25 14:18:26',NULL,'2023-01-26 03:30:03','2023-01-26 03:30:03'),(650,641,1,88,36,1870,16,86,'4614610','I','2023-01-26 06:33:46',NULL,'2023-01-26 10:03:12','2023-01-26 10:03:12'),(651,642,1,88,41,1867,14,86,'4614530','I','2023-01-26 04:43:00',NULL,'2023-01-26 13:56:34','2023-01-26 13:56:34'),(652,643,1,88,41,1881,14,86,'4614607','I','2023-01-26 06:32:55',NULL,'2023-01-26 14:10:21','2023-01-26 14:10:21'),(653,644,1,86,38,1827,3,85,'4614522','I','2023-01-26 03:20:00',NULL,'2023-01-26 18:10:51','2023-01-26 18:10:51'),(654,645,1,76,43,1395,2,76,'4614415','I','2023-01-25 22:13:49',NULL,'2023-01-26 18:58:38','2023-01-26 18:58:38'),(655,646,1,84,36,1716,2,84,'4614520','I','2023-01-26 02:51:32',NULL,'2023-01-26 19:15:41','2023-01-26 19:15:41'),(656,647,1,84,42,1749,2,84,'4614511','I','2023-01-26 01:59:34',NULL,'2023-01-26 19:39:33','2023-01-26 19:39:33'),(657,648,1,81,45,1545,2,81,'4614493','I','2023-01-26 00:33:11',NULL,'2023-01-26 19:58:00','2023-01-26 19:58:00'),(658,649,1,88,38,1872,14,86,'4615270','I','2023-01-26 08:35:46',NULL,'2023-01-26 20:12:16','2023-01-26 20:12:16'),(659,650,1,99,41,2050,16,91,'4615342','I','2023-01-26 08:48:37',NULL,'2023-01-26 20:31:55','2023-01-27 08:15:36'),(660,651,1,86,38,1811,14,85,'4615856','I','2023-01-26 10:01:52',NULL,'2023-01-26 20:35:29','2023-01-26 20:35:29'),(661,652,1,88,38,1873,14,86,'4615963','I','2023-01-26 10:15:23',NULL,'2023-01-26 20:44:24','2023-01-26 20:44:24'),(662,653,1,83,41,1664,14,83,'4616752','I','2023-01-26 12:54:02',NULL,'2023-01-26 21:24:25','2023-01-26 21:24:25'),(663,654,1,82,60,2273,14,82,'4616074','I','2023-01-26 10:31:46',NULL,'2023-01-26 21:36:00','2023-01-26 21:36:00'),(664,655,1,83,40,1603,2,83,'4614510','I','2023-01-26 01:57:31',NULL,'2023-01-26 21:53:43','2023-01-26 21:53:43'),(665,656,1,88,36,1854,14,86,'4615006','I','2023-01-26 07:56:45',NULL,'2023-01-26 22:02:09','2023-01-26 22:02:09'),(666,657,1,81,51,1555,2,81,'4614284','I','2023-01-25 19:56:00',NULL,'2023-01-26 22:31:24','2023-01-26 22:31:24'),(667,658,1,88,60,1871,14,86,'4614592','I','2023-01-26 06:24:11',NULL,'2023-01-26 22:46:45','2023-01-26 22:46:45'),(668,659,4,118,17,2218,10,108,'10172047','I','2023-01-26 18:32:00',NULL,'2023-01-26 23:03:34','2023-01-26 23:03:34'),(669,660,1,84,38,1714,14,84,'4618460','I','2023-01-26 23:44:24',NULL,'2023-01-27 03:25:07','2023-01-27 03:25:07'),(670,661,1,83,41,1607,14,83,'4618455','I','2023-01-26 23:35:02',NULL,'2023-01-27 03:39:04','2023-01-31 19:45:20'),(671,662,1,88,51,1879,14,86,'4618513','I','2023-01-27 04:29:36',NULL,'2023-01-27 07:49:33','2023-01-27 07:49:33'),(672,663,1,83,36,1666,2,83,'4618108','I','2023-01-26 18:11:41',NULL,'2023-01-27 19:13:10','2023-01-27 19:13:10'),(673,664,1,84,38,1717,14,84,'4621294','I','2023-01-27 16:13:37',NULL,'2023-01-27 21:09:39','2023-01-27 21:09:39'),(674,665,1,84,41,1719,14,84,'4620417','I','2023-01-27 12:53:07',NULL,'2023-01-27 22:00:13','2023-01-27 22:00:13'),(675,666,1,81,41,1559,14,81,'4619773','I','2023-01-27 10:19:31',NULL,'2023-01-27 22:16:43','2023-01-27 22:16:43'),(676,667,1,86,59,1827,3,85,'4621413','I','2023-01-27 16:49:53',NULL,'2023-01-27 22:34:31','2023-01-27 22:34:31'),(677,668,1,88,41,1859,14,86,'4621482','I','2023-01-27 17:21:20',NULL,'2023-01-27 22:47:28','2023-01-27 22:47:28'),(678,669,1,88,39,1878,14,86,'4618638','I','2023-01-27 06:51:44',NULL,'2023-01-27 23:36:39','2023-01-27 23:36:39'),(679,670,1,83,38,1602,14,83,'4619897','I','2023-01-27 10:43:50',NULL,'2023-01-28 00:29:04','2023-01-28 00:29:04'),(680,671,1,86,40,1796,3,85,'4621760','I','2023-01-27 20:35:53',NULL,'2023-01-28 01:34:28','2023-02-03 00:11:59'),(681,672,1,88,41,1863,14,86,'4620582','I','2023-01-27 13:36:26',NULL,'2023-01-28 02:37:20','2023-01-28 02:37:20'),(682,673,1,81,41,1557,2,81,'4618506','I','2023-01-27 02:56:40',NULL,'2023-01-28 03:11:27','2023-01-28 03:11:27'),(683,674,1,86,38,1824,3,85,'4621884','I','2023-01-27 23:06:22',NULL,'2023-01-28 03:34:11','2023-01-28 03:34:11'),(684,675,1,99,38,2052,16,91,'4621926','I','2023-01-28 00:19:57',NULL,'2023-01-28 03:41:48','2023-01-28 17:21:18'),(685,676,1,88,38,1872,14,86,'4621975','I','2023-01-28 05:09:18',NULL,'2023-01-28 08:37:18','2023-01-28 08:37:18'),(686,677,1,80,38,1513,2,80,'4621983','I','2023-01-28 05:26:42',NULL,'2023-01-28 09:25:53','2023-01-30 03:29:59'),(687,678,1,86,45,1802,3,85,'4621911','I','2023-01-27 23:48:32',NULL,'2023-01-28 12:23:52','2023-01-28 12:23:52'),(688,679,1,88,38,1860,14,86,'4622103','I','2023-01-28 07:20:04',NULL,'2023-01-28 19:12:14','2023-01-28 19:12:14'),(689,680,1,88,36,1864,14,86,'4622884','I','2023-01-28 12:35:00',NULL,'2023-01-28 19:44:17','2023-01-28 19:44:17'),(690,681,1,92,38,1956,2,88,'4618411','I','2023-01-26 22:25:47',NULL,'2023-01-28 21:24:22','2023-01-29 11:56:51'),(691,682,1,88,38,1861,14,86,'4621987','I','2023-01-28 05:40:35',NULL,'2023-01-28 22:02:21','2023-01-28 22:02:21'),(692,683,1,86,42,1807,3,85,'4621961','I','2023-01-28 03:16:28',NULL,'2023-01-28 22:23:30','2023-01-28 22:23:30'),(693,684,1,76,41,1393,14,76,'4622229','I','2023-01-28 08:24:09',NULL,'2023-01-28 22:34:41','2023-01-28 22:34:41'),(694,685,1,82,36,2274,2,82,'4621929','I','2023-01-28 00:28:36',NULL,'2023-01-28 23:31:37','2023-01-28 23:31:37'),(695,686,1,88,38,1871,14,86,'4621977','I','2023-01-28 05:13:43',NULL,'2023-01-28 23:35:03','2023-01-28 23:35:03'),(696,687,1,86,56,1834,3,85,'4621985','I','2023-01-28 05:35:12',NULL,'2023-01-28 23:40:53','2023-01-28 23:40:53'),(697,688,1,88,50,1858,16,86,'4622180','I','2023-01-28 07:56:23',NULL,'2023-01-29 00:19:31','2023-01-29 00:19:31'),(698,689,1,88,38,1867,14,86,'4621979','I','2023-01-28 05:18:41',NULL,'2023-01-29 00:23:41','2023-01-29 00:23:41'),(699,690,1,86,41,1821,3,85,'4623342','I','2023-01-28 21:04:44',NULL,'2023-01-29 01:31:24','2023-01-29 01:31:24'),(700,691,1,86,51,1818,3,85,'4623406','I','2023-01-28 22:31:48',NULL,'2023-01-29 03:54:15','2023-01-29 03:54:15'),(701,692,1,86,36,1810,16,85,'4623531','I','2023-01-29 05:27:07',NULL,'2023-01-29 08:57:34','2023-01-29 08:57:34'),(702,693,1,83,48,1664,2,83,'4623718','I','2023-01-29 09:29:23',NULL,'2023-01-29 13:21:19','2023-01-29 13:21:19'),(703,694,1,81,36,1568,14,81,'4607485','I','2023-01-24 08:05:44',NULL,'2023-01-29 15:20:24','2023-01-29 15:20:24'),(704,695,1,86,50,1835,3,85,'4623449','I','2023-01-29 00:21:06',NULL,'2023-01-29 20:27:06','2023-01-29 20:27:06'),(705,696,1,80,38,1507,2,80,'4621880','I','2023-01-27 22:59:43',NULL,'2023-01-29 20:41:26','2023-01-29 20:41:26'),(706,697,1,81,38,1564,2,81,'4624170','I','2023-01-29 16:11:28','2023-01-31 Invalid date','2023-01-29 21:16:49','2023-02-01 12:05:48'),(707,698,1,80,36,1502,2,80,'4621542','I','2023-01-27 17:49:17',NULL,'2023-01-29 22:56:00','2023-01-29 22:56:00'),(708,699,1,88,57,1879,14,86,'4623537','I','2023-01-29 06:10:41',NULL,'2023-01-29 23:24:56','2023-01-29 23:24:56'),(709,700,1,79,40,1499,2,79,'4624274','I','2023-01-29 18:22:11',NULL,'2023-01-30 00:59:39','2023-02-01 18:36:35'),(710,701,1,83,45,1659,2,83,'4624380','I','2023-01-29 20:33:00',NULL,'2023-01-30 01:22:46','2023-01-30 01:22:46'),(711,255,1,80,42,1506,2,80,'4623557','I','2023-01-29 06:48:21',NULL,'2023-01-30 01:50:39','2023-01-30 01:50:39'),(712,702,1,79,36,1497,2,79,'4624210','I','2023-01-29 17:00:02',NULL,'2023-01-30 02:23:21','2023-01-30 02:23:21'),(713,703,1,83,40,1653,2,83,'4624476','I','2023-01-29 23:11:00',NULL,'2023-01-30 02:45:06','2023-01-30 02:45:06'),(714,704,1,81,40,1561,2,81,'4624514','I','2023-01-30 01:18:16',NULL,'2023-01-30 05:00:45','2023-01-30 05:00:45'),(715,705,1,88,38,1877,14,86,'4624539','I','2023-01-30 04:27:39',NULL,'2023-01-30 13:37:34','2023-01-30 13:37:34'),(716,706,1,84,58,1714,14,84,'4624839','I','2023-01-30 07:30:49',NULL,'2023-01-30 16:06:20','2023-01-30 16:06:20'),(717,707,1,88,38,1878,14,86,'4625247','I','2023-01-30 08:32:38',NULL,'2023-01-30 16:13:40','2023-01-30 16:13:40'),(718,708,1,81,38,1559,2,81,'4627292','I','2023-01-30 14:42:04',NULL,'2023-01-30 18:48:45','2023-01-30 18:48:45'),(719,709,1,83,39,1663,14,83,'4625311','I','2023-01-30 08:41:11',NULL,'2023-01-30 19:04:46','2023-01-30 19:04:46'),(720,710,1,81,41,1548,2,81,'4623654','I','2023-01-29 08:39:39',NULL,'2023-01-30 19:09:14','2023-01-30 19:09:14'),(721,711,4,116,15,2292,8,106,'10168928','I','2023-01-25 17:26:00',NULL,'2023-01-30 19:46:36','2023-01-30 19:46:36'),(722,712,1,79,38,1496,2,79,'4620832','I','2023-01-27 14:27:27',NULL,'2023-01-30 20:29:09','2023-01-30 20:29:09'),(723,713,1,84,36,1711,14,84,'4624984','I','2023-01-30 07:54:46',NULL,'2023-01-30 21:15:15','2023-01-30 21:15:15'),(724,714,4,119,30,2215,11,109,'10171980','I','2023-01-26 17:07:00',NULL,'2023-01-30 21:35:50','2023-01-30 21:35:50'),(725,390,1,83,41,1664,2,83,'4627485','I','2023-01-30 15:13:18',NULL,'2023-01-30 22:19:29','2023-01-30 22:19:29'),(726,715,1,84,38,1717,2,84,'4628053','I','2023-01-30 17:19:46',NULL,'2023-01-30 23:12:37','2023-01-30 23:12:37'),(727,716,1,88,41,1858,14,86,'4624880','I','2023-01-30 07:37:58',NULL,'2023-01-30 23:38:38','2023-01-30 23:38:38'),(728,717,1,88,58,1856,14,86,'4627074','I','2023-01-30 14:04:00',NULL,'2023-01-31 00:00:16','2023-01-31 00:00:16'),(729,718,1,84,36,1747,14,84,'4626542','I','2023-01-30 12:06:39',NULL,'2023-01-31 00:51:38','2023-01-31 00:51:38'),(730,719,1,88,44,1864,14,86,'4624927','I','2023-01-30 07:45:15',NULL,'2023-01-31 00:52:14','2023-01-31 00:52:14'),(731,720,1,88,41,1855,14,86,'4625770','I','2023-01-30 09:52:01',NULL,'2023-01-31 00:57:35','2023-01-31 00:57:35'),(732,721,1,88,36,1857,14,86,'4625051','I','2023-01-30 08:04:53',NULL,'2023-01-31 02:02:56','2023-01-31 02:02:56'),(733,722,1,79,38,1491,2,79,'4628490','I','2023-01-30 21:19:54',NULL,'2023-01-31 02:06:51','2023-01-31 02:06:51'),(734,723,1,82,41,2269,2,82,'4628135','I','2023-01-30 17:44:19',NULL,'2023-01-31 02:11:33','2023-01-31 02:11:33'),(735,724,1,76,40,1395,14,76,'4626803','I','2023-01-30 13:11:02','2023-01-31 13:34:00','2023-01-31 02:40:17','2023-02-02 01:04:49'),(736,725,1,84,38,1745,2,84,'4628592','I','2023-01-30 23:31:27',NULL,'2023-01-31 04:01:18','2023-01-31 04:01:18'),(737,726,1,88,45,1859,2,86,'4628608','I','2023-01-31 00:09:32',NULL,'2023-01-31 04:17:53','2023-01-31 04:17:53'),(738,727,1,81,36,1541,2,81,'4628568','I','2023-01-30 22:55:15',NULL,'2023-01-31 04:25:09','2023-01-31 04:25:09'),(739,728,1,81,48,1566,2,81,'4628634','I','2023-01-31 01:08:57',NULL,'2023-01-31 05:28:58','2023-01-31 05:28:58'),(740,729,1,83,40,1663,2,83,'4628638','I','2023-01-31 01:48:04',NULL,'2023-01-31 05:52:34','2023-01-31 05:52:34'),(741,730,1,88,41,1877,14,86,'4628651','I','2023-01-31 04:08:59',NULL,'2023-01-31 07:51:19','2023-01-31 07:51:19'),(742,731,1,88,36,1871,14,86,'4628561','I','2023-01-30 22:47:22',NULL,'2023-01-31 08:35:03','2023-01-31 08:35:03'),(743,732,1,76,40,1405,14,76,'4628670','I','2023-01-31 05:33:40',NULL,'2023-01-31 08:55:05','2023-01-31 08:55:05'),(744,733,1,82,40,2276,14,82,'4628847','I','2023-01-31 07:08:42',NULL,'2023-01-31 11:33:43','2023-01-31 11:33:43'),(745,734,4,130,25,2293,11,120,'10179494','I','2023-01-30 21:45:00',NULL,'2023-01-31 12:54:23','2023-01-31 12:54:23'),(746,735,4,119,19,2287,11,109,'10175128','I','2023-01-27 23:50:00',NULL,'2023-01-31 13:48:16','2023-01-31 13:48:16'),(747,736,1,83,39,1599,2,83,'4628502','I','2023-01-30 21:32:07',NULL,'2023-01-31 15:19:49','2023-01-31 15:19:49'),(748,737,1,86,36,1809,3,85,'4628640','I','2023-01-31 02:04:24',NULL,'2023-01-31 16:50:03','2023-01-31 16:50:03'),(749,738,1,88,41,1866,14,86,'4628657','I','2023-01-31 04:38:18',NULL,'2023-01-31 18:31:56','2023-01-31 18:31:56'),(750,739,1,83,38,1659,14,83,'4628700','I','2023-01-31 06:16:00',NULL,'2023-01-31 20:46:42','2023-01-31 20:46:42'),(751,740,1,79,40,1487,2,79,'4632241','I','2023-01-31 16:19:44',NULL,'2023-01-31 21:15:58','2023-02-01 21:58:13'),(752,741,1,88,38,1870,14,86,'4632494','I','2023-01-31 17:24:29',NULL,'2023-01-31 21:32:05','2023-01-31 21:32:05'),(753,742,1,79,48,1484,2,79,'4632104','I','2023-01-31 15:46:55',NULL,'2023-01-31 21:58:08','2023-01-31 21:58:08'),(754,743,1,88,41,1867,14,86,'4628577','I','2023-01-30 23:10:40',NULL,'2023-01-31 22:26:17','2023-01-31 22:26:17'),(755,744,1,82,38,2269,14,82,'4628686','I','2023-01-31 05:58:49',NULL,'2023-01-31 22:31:00','2023-01-31 22:31:00'),(756,745,1,86,59,1819,17,85,'4632564','I','2023-01-31 17:43:01',NULL,'2023-01-31 22:52:01','2023-01-31 22:52:01'),(757,746,1,81,41,1559,2,81,'4631077','I','2023-01-31 12:39:48',NULL,'2023-01-31 23:45:08','2023-01-31 23:45:08'),(758,747,1,86,38,1812,16,85,'4632787','I','2023-01-31 19:38:30',NULL,'2023-02-01 00:00:18','2023-02-01 00:00:18'),(759,748,1,84,41,1714,14,84,'4630936','I','2023-01-31 12:10:44',NULL,'2023-02-01 00:10:58','2023-02-01 00:10:58'),(760,749,1,86,59,1823,3,85,'4628603','I','2023-01-30 23:59:19',NULL,'2023-02-01 00:25:55','2023-02-01 00:25:55'),(761,750,1,81,42,1557,2,81,'4628513','I','2023-01-30 21:46:08',NULL,'2023-02-01 00:33:07','2023-02-01 00:33:07'),(762,751,1,84,36,1747,14,84,'4631567','I','2023-01-31 14:17:12',NULL,'2023-02-01 01:22:25','2023-02-01 01:22:25'),(763,752,1,88,45,1877,14,86,'4631717','I','2023-01-31 14:42:28',NULL,'2023-02-01 01:25:40','2023-02-01 01:25:40'),(764,753,1,86,44,1821,3,85,'4632784','I','2023-01-31 19:33:00',NULL,'2023-02-01 01:34:45','2023-02-03 02:21:17'),(765,754,1,83,44,1603,2,83,'4632912','I','2023-01-31 21:23:57',NULL,'2023-02-01 01:48:05','2023-02-01 01:48:05'),(766,755,1,96,42,2023,2,90,'4632882','I','2023-01-31 20:56:50',NULL,'2023-02-01 01:50:05','2023-02-01 17:26:08'),(767,756,1,88,36,1874,14,86,'4632953','I','2023-01-31 21:58:00',NULL,'2023-02-01 02:13:40','2023-02-01 02:13:40'),(768,757,1,81,51,1567,2,81,'4632868','I','2023-01-31 20:46:36',NULL,'2023-02-01 02:51:19','2023-02-01 02:51:19'),(769,758,1,88,43,1854,14,86,'4630143','I','2023-01-31 09:57:54','2023-02-01 15:40:00','2023-02-01 03:55:14','2023-02-01 20:43:50'),(770,759,1,84,46,1751,14,84,'4628453','I','2023-01-30 20:46:04',NULL,'2023-02-01 04:14:23','2023-02-01 04:14:23'),(771,760,1,81,36,1564,2,81,'4632999','I','2023-01-31 23:00:35',NULL,'2023-02-01 04:51:22','2023-02-01 04:51:22'),(772,761,4,116,17,2294,8,106,'10179450','I','2023-01-30 19:59:00',NULL,'2023-02-01 12:05:32','2023-02-01 12:05:32'),(773,762,1,88,36,1864,14,86,'4633082','I','2023-02-01 05:22:17',NULL,'2023-02-01 12:25:53','2023-02-01 12:25:53'),(774,763,1,80,41,1511,2,80,'4631046','I','2023-01-31 12:34:21',NULL,'2023-02-01 15:05:25','2023-02-01 15:05:25'),(775,764,1,84,40,1749,14,84,'4630563','I','2023-01-31 10:57:45','2023-02-01 14:05:25','2023-02-01 15:30:42','2023-02-01 23:05:23'),(776,765,1,83,40,1598,2,83,'4613973','I','2023-01-25 16:46:36',NULL,'2023-02-01 16:17:21','2023-02-01 16:17:21'),(777,766,1,86,41,1799,3,85,'4635252','I','2023-02-01 12:15:58',NULL,'2023-02-01 18:46:34','2023-02-01 18:46:34'),(778,767,1,84,42,1747,14,84,'4636416','I','2023-02-01 16:13:19',NULL,'2023-02-01 21:42:36','2023-02-01 21:42:36'),(779,768,1,79,38,1475,2,79,'4633064','I','2023-02-01 03:06:10',NULL,'2023-02-01 22:32:47','2023-02-01 22:32:47'),(780,769,1,86,40,1835,3,85,'4636902','I','2023-02-01 19:03:39',NULL,'2023-02-01 23:07:46','2023-02-01 23:07:46'),(781,770,1,80,40,1512,2,80,'4636627','I','2023-02-01 17:11:30',NULL,'2023-02-01 23:22:11','2023-02-01 23:22:11'),(782,771,1,84,41,1719,14,84,'4635112','I','2023-02-01 11:39:15',NULL,'2023-02-01 23:47:36','2023-02-01 23:47:36'),(783,772,1,76,40,1391,14,76,'4634042','I','2023-02-01 08:55:22',NULL,'2023-02-02 00:25:52','2023-02-02 00:25:52'),(784,773,1,80,36,1510,2,80,'4636852','I','2023-02-01 18:32:26',NULL,'2023-02-02 00:55:15','2023-02-02 00:55:15'),(785,774,1,88,41,1879,14,86,'4637082','I','2023-02-01 22:01:10',NULL,'2023-02-02 01:49:59','2023-02-02 01:49:59'),(786,775,1,80,38,1505,2,80,'4637119','I','2023-02-01 23:12:51',NULL,'2023-02-02 03:45:49','2023-02-07 01:19:46'),(787,776,1,88,38,1870,14,86,'4637186','I','2023-02-02 04:30:59',NULL,'2023-02-02 08:26:29','2023-02-02 08:26:29'),(788,777,1,80,38,1503,2,80,'4637162','I','2023-02-02 01:29:55',NULL,'2023-02-02 12:54:25','2023-02-02 12:54:25'),(789,778,1,83,36,1661,2,83,'4637164','I','2023-02-02 01:58:15',NULL,'2023-02-02 16:43:44','2023-02-02 16:43:44'),(790,779,1,88,38,1861,14,86,'4639022','I','2023-02-02 11:18:00',NULL,'2023-02-02 16:59:32','2023-02-02 16:59:32'),(791,780,4,116,15,2295,10,106,'10187716','I','2023-02-02 12:22:00',NULL,'2023-02-02 18:15:11','2023-02-02 18:15:11'),(792,781,1,88,41,1857,14,86,'4637395','I','2023-02-02 07:16:39',NULL,'2023-02-02 18:58:04','2023-02-02 18:58:04'),(793,782,1,83,41,1659,14,83,'4638007','I','2023-02-02 08:46:38',NULL,'2023-02-02 19:02:46','2023-02-02 19:02:46'),(794,783,1,92,58,1950,2,88,'4639155','I','2023-02-02 11:48:04',NULL,'2023-02-02 19:17:15','2023-02-02 19:17:15'),(795,784,1,88,58,1862,14,86,'4638927','I','2023-02-02 10:59:26',NULL,'2023-02-02 19:36:26','2023-02-02 19:36:26'),(796,785,1,76,38,1410,14,76,'4639718','I','2023-02-02 13:51:49',NULL,'2023-02-02 19:37:46','2023-02-02 19:37:46'),(797,786,1,79,38,1495,2,79,'4636909','I','2023-02-01 19:05:40',NULL,'2023-02-02 19:52:59','2023-02-02 19:52:59'),(798,787,1,88,36,1881,14,86,'4637190','I','2023-02-02 04:53:24',NULL,'2023-02-02 20:23:16','2023-02-02 20:23:16'),(799,788,1,82,41,2271,14,82,'4637103','I','2023-02-01 22:33:00',NULL,'2023-02-02 21:12:37','2023-02-02 21:12:37'),(800,789,1,86,41,1784,3,85,'4639138','I','2023-02-02 11:42:58',NULL,'2023-02-02 21:13:13','2023-02-02 21:13:13'),(801,790,4,119,31,2239,11,109,'10185961','I','2023-02-01 23:50:00',NULL,'2023-02-02 21:58:27','2023-02-02 21:58:27'),(802,791,1,83,51,1664,2,83,'4641101','I','2023-02-02 22:42:19',NULL,'2023-02-03 02:27:14','2023-02-03 02:27:14'),(803,792,1,81,38,1568,2,81,'4641138','I','2023-02-03 00:09:07',NULL,'2023-02-03 05:34:19','2023-02-03 05:34:19'),(804,793,1,81,41,1541,2,81,'4641148','I','2023-02-03 01:42:03',NULL,'2023-02-03 06:53:54','2023-02-03 06:53:54'),(805,794,1,83,41,1601,2,83,'4641207','I','2023-02-03 05:30:59',NULL,'2023-02-03 12:50:38','2023-02-03 12:50:38'),(806,190,1,79,41,1481,2,79,'4632982','I','2023-01-31 22:27:00',NULL,'2023-02-03 13:32:22','2023-02-05 02:30:23'),(807,795,1,82,38,2275,2,82,'4640581','I','2023-02-02 16:47:57',NULL,'2023-02-03 15:02:00','2023-02-03 15:02:00'),(808,796,1,78,54,1455,2,78,'4641032','I','2023-02-02 21:21:26',NULL,'2023-02-03 15:49:50','2023-02-03 15:49:50'),(809,797,4,130,24,2296,11,120,'10182775','I','2023-01-31 19:33:33',NULL,'2023-02-03 16:33:52','2023-02-03 16:33:52'),(810,798,1,79,54,1481,2,79,'4637044','I','2023-02-01 21:10:25',NULL,'2023-02-03 17:38:55','2023-02-03 17:38:55'),(811,799,1,88,38,1860,14,86,'4641210','I','2023-02-03 05:49:30',NULL,'2023-02-03 20:23:26','2023-02-03 20:23:26'),(812,800,1,80,40,1506,2,80,'4637273','I','2023-02-02 06:43:45',NULL,'2023-02-03 20:37:11','2023-02-03 20:37:11'),(813,801,1,76,56,1395,14,76,'4644264','I','2023-02-03 16:54:34',NULL,'2023-02-03 20:52:07','2023-02-03 20:52:07'),(814,802,1,88,65,1869,14,86,'4642176','I','2023-02-03 09:17:21',NULL,'2023-02-03 21:51:36','2023-02-03 21:51:36'),(815,803,1,88,38,1857,14,86,'4642911','I','2023-02-03 11:22:12',NULL,'2023-02-03 22:20:15','2023-02-03 22:20:15'),(816,804,1,88,36,1859,14,86,'4643119','I','2023-02-03 12:15:34',NULL,'2023-02-03 22:21:11','2023-02-03 22:21:11'),(817,805,1,88,45,1856,14,86,'4644837','I','2023-02-04 05:51:35',NULL,'2023-02-04 09:16:43','2023-02-04 09:16:43'),(818,806,1,88,36,1879,14,86,'4644817','I','2023-02-04 04:56:09',NULL,'2023-02-04 09:58:04','2023-02-04 09:58:04'),(819,807,1,80,38,1508,14,80,'4644839','I','2023-02-04 06:00:46',NULL,'2023-02-04 11:20:29','2023-02-09 13:06:32'),(820,808,1,79,36,1478,2,79,'4636722','I','2023-02-01 17:39:09',NULL,'2023-02-04 12:16:34','2023-02-04 12:16:34'),(821,809,1,82,38,2279,14,82,'4645361','I','2023-02-04 09:32:27',NULL,'2023-02-04 13:26:38','2023-02-04 13:26:38'),(822,810,1,76,41,1400,14,76,'4641535','I','2023-02-03 07:35:05',NULL,'2023-02-04 14:08:05','2023-02-04 14:08:05'),(823,811,1,84,41,1716,14,84,'4645193','I','2023-02-04 08:35:26',NULL,'2023-02-04 14:44:18','2023-02-04 14:44:18'),(824,812,1,84,41,1745,14,84,'4624555','I','2023-01-30 05:21:00',NULL,'2023-02-04 14:46:53','2023-02-11 14:12:39'),(825,813,1,88,66,1855,14,86,'4644904','I','2023-02-04 06:43:34',NULL,'2023-02-04 17:30:37','2023-02-04 17:30:37'),(826,814,1,81,38,1562,14,81,'4645281','I','2023-02-04 09:10:06',NULL,'2023-02-04 18:41:25','2023-02-04 18:41:25'),(827,815,1,88,38,1868,14,86,'4644901','I','2023-02-04 06:45:00',NULL,'2023-02-04 20:09:19','2023-02-04 20:09:19'),(828,816,1,83,38,1652,14,83,'4645827','I','2023-02-04 12:25:55',NULL,'2023-02-04 20:29:28','2023-02-04 20:29:28'),(829,817,1,86,36,1820,3,85,'4645668','I','2023-02-04 11:08:30',NULL,'2023-02-04 21:01:48','2023-02-04 21:01:48'),(830,818,1,81,36,1552,14,81,'4645140','I','2023-02-04 08:18:17',NULL,'2023-02-04 21:05:13','2023-02-04 21:05:13'),(831,819,1,86,45,1784,14,85,'4645697','I','2023-02-04 11:18:18',NULL,'2023-02-04 21:06:50','2023-02-04 21:06:50'),(832,820,1,88,40,1867,14,86,'4644832','I','2023-02-04 05:36:32',NULL,'2023-02-05 00:18:32','2023-02-05 00:18:32'),(833,821,1,88,55,1879,2,86,'4646048','I','2023-02-04 15:30:03',NULL,'2023-02-05 00:48:19','2023-02-05 00:48:19'),(834,299,1,83,40,1597,2,83,'4646318','I','2023-02-04 20:27:45',NULL,'2023-02-05 01:04:08','2023-02-05 01:04:08'),(835,822,1,80,41,1507,2,80,'4646278','I','2023-02-04 19:28:42',NULL,'2023-02-05 01:55:17','2023-02-07 00:19:39'),(836,823,1,83,36,1603,2,83,'4646411','I','2023-02-04 22:39:00',NULL,'2023-02-05 02:27:38','2023-02-05 03:49:07'),(837,824,1,81,38,1566,2,81,'4646470','I','2023-02-05 00:41:58',NULL,'2023-02-05 04:52:25','2023-02-05 04:52:25'),(838,825,1,83,40,1607,2,83,'4646474','I','2023-02-05 01:00:50',NULL,'2023-02-05 05:37:04','2023-02-05 05:37:04'),(839,716,1,82,41,2278,2,82,'4646492','I','2023-02-05 02:26:00',NULL,'2023-02-05 06:59:07','2023-02-05 06:59:07'),(840,826,1,81,41,1548,2,81,'4646496','I','2023-02-05 02:45:08',NULL,'2023-02-05 07:20:09','2023-02-05 07:20:09'),(841,827,1,86,42,1794,3,85,'4646499','I','2023-02-05 03:06:28',NULL,'2023-02-05 07:25:13','2023-02-05 07:25:13'),(842,828,4,127,15,2298,8,117,'10191856','I','2023-02-03 23:10:00',NULL,'2023-02-05 09:20:53','2023-02-05 09:20:53'),(843,829,1,86,38,1834,3,85,'4646638','I','2023-02-05 08:44:57',NULL,'2023-02-05 15:33:29','2023-02-05 15:33:29'),(844,830,1,86,38,1826,3,85,'4646778','I','2023-02-05 10:50:55',NULL,'2023-02-05 15:53:56','2023-02-05 15:53:56'),(845,831,1,81,41,1560,2,81,'4624277','I','2023-01-29 18:25:26',NULL,'2023-02-05 17:58:38','2023-02-05 17:58:38'),(846,832,1,86,41,1799,3,85,'4646906','I','2023-02-05 12:35:59',NULL,'2023-02-05 18:15:14','2023-02-05 18:15:14'),(847,833,4,120,23,2236,11,110,'10192589','I','2023-02-05 08:48:00',NULL,'2023-02-05 18:26:38','2023-02-05 18:26:38'),(848,834,1,86,38,1827,3,85,'4646703','I','2023-02-05 09:55:22',NULL,'2023-02-05 18:38:47','2023-02-05 18:38:47'),(849,835,1,79,38,1490,2,79,'4644824','I','2023-02-04 05:23:05',NULL,'2023-02-05 19:55:04','2023-02-05 19:55:04'),(850,836,1,82,38,2269,14,82,'4643918','I','2023-02-03 15:23:51',NULL,'2023-02-05 21:12:28','2023-02-05 21:12:28'),(851,837,1,86,48,1808,3,85,'4647098','I','2023-02-05 15:59:37',NULL,'2023-02-05 22:12:28','2023-02-05 22:12:28'),(852,838,1,137,67,2299,20,127,'464417','I','2018-10-16 21:16:40','2018-10-18 12:10:11','2023-02-05 23:38:28','2023-02-05 23:38:28'),(853,839,1,83,58,1654,2,83,'4647216','I','2023-02-05 18:03:22',NULL,'2023-02-05 23:43:07','2023-02-05 23:43:07'),(854,840,1,79,45,1488,2,79,'4647341','I','2023-02-05 20:17:18',NULL,'2023-02-06 00:20:48','2023-02-06 00:20:48'),(855,841,1,79,41,1485,2,79,'4644727','I','2023-02-03 22:46:59',NULL,'2023-02-06 01:04:51','2023-02-06 01:04:51'),(856,842,1,88,40,1882,14,86,'4647415','I','2023-02-05 21:41:05',NULL,'2023-02-06 01:21:35','2023-02-06 01:21:35'),(857,843,1,88,41,1871,14,86,'4647434','I','2023-02-05 22:05:33',NULL,'2023-02-06 01:47:33','2023-02-06 01:47:33'),(858,701,1,83,45,1606,2,83,'4647458','I','2023-02-05 22:39:12',NULL,'2023-02-06 02:39:40','2023-02-06 02:39:40'),(859,844,1,88,62,1870,14,86,'4647436','I','2023-02-05 22:10:23',NULL,'2023-02-06 02:44:19','2023-02-06 02:44:19'),(860,845,1,83,41,1605,2,83,'4647513','I','2023-02-06 00:14:06',NULL,'2023-02-06 04:59:51','2023-02-06 04:59:51'),(861,846,1,88,38,1880,14,86,'4647566','I','2023-02-06 05:04:14',NULL,'2023-02-06 09:13:49','2023-02-06 09:13:49'),(862,847,4,119,15,2247,9,109,'10191483','I','2023-02-03 15:03:00',NULL,'2023-02-06 10:33:06','2023-02-06 10:33:06'),(863,848,1,86,50,1807,3,85,'4646475','I','2023-02-05 01:02:00',NULL,'2023-02-06 13:27:59','2023-02-06 13:27:59'),(864,849,1,79,41,1476,2,79,'4647072','I','2023-02-05 15:27:53',NULL,'2023-02-06 15:50:53','2023-02-06 15:50:53'),(865,850,1,82,39,2279,14,82,'4649253','I','2023-02-06 11:08:54',NULL,'2023-02-06 16:01:43','2023-02-06 16:01:43'),(866,851,1,82,41,2276,14,82,'4648829','I','2023-02-06 10:03:22','2023-02-06 16:14:40','2023-02-06 17:14:20','2023-02-14 20:33:55'),(867,852,1,86,36,1809,3,85,'4646231','I','2023-02-04 18:24:37',NULL,'2023-02-06 17:57:19','2023-02-06 17:57:19'),(868,853,1,78,36,1450,2,78,'4647542','I','2023-02-06 01:36:46',NULL,'2023-02-06 18:52:48','2023-02-06 18:52:48'),(869,854,1,88,40,1855,14,86,'4649118','I','2023-02-06 10:44:56',NULL,'2023-02-06 19:26:00','2023-02-06 19:26:00'),(870,855,1,83,48,1661,14,83,'4649531','I','2023-02-06 12:07:09',NULL,'2023-02-06 21:42:14','2023-02-06 21:42:14'),(871,856,1,79,42,1487,2,79,'4646284','I','2023-02-04 19:34:05','2023-02-05 19:45:04','2023-02-06 21:56:23','2023-02-06 21:56:23'),(872,857,1,86,38,1824,3,85,'4650657','I','2023-02-06 15:39:30',NULL,'2023-02-06 22:30:02','2023-02-06 22:30:02'),(873,858,1,79,40,1485,2,79,'4650319','I','2023-02-06 14:41:45',NULL,'2023-02-06 22:49:40','2023-02-06 22:49:40'),(874,859,4,118,17,2206,10,108,'10192960','I','2023-02-06 04:49:28',NULL,'2023-02-06 23:04:08','2023-02-06 23:04:08'),(875,860,1,84,40,1713,14,84,'4648903','I','2023-02-06 10:12:41',NULL,'2023-02-06 23:23:55','2023-02-06 23:23:55'),(876,861,1,81,40,1565,15,81,'4650968','I','2023-02-06 16:44:47',NULL,'2023-02-06 23:50:39','2023-02-06 23:50:39'),(877,862,1,88,42,1880,14,86,'4651554','I','2023-02-06 20:40:36',NULL,'2023-02-07 01:41:27','2023-02-07 01:41:27'),(878,863,1,88,41,1876,14,86,'4651648','I','2023-02-06 22:09:28',NULL,'2023-02-07 01:55:34','2023-02-07 01:55:34'),(879,864,1,88,41,1877,14,86,'4651631','I','2023-02-06 21:50:00',NULL,'2023-02-07 02:32:46','2023-02-07 02:32:46'),(880,865,1,88,41,1864,14,86,'4651713','I','2023-02-06 23:46:46',NULL,'2023-02-07 03:19:47','2023-02-07 03:19:47'),(881,866,1,82,36,2276,2,82,'4651722','I','2023-02-06 23:56:55','2023-02-08 13:16:23','2023-02-07 03:50:26','2023-02-09 08:25:51'),(882,867,1,80,38,1513,2,80,'4651742','I','2023-02-07 00:40:00',NULL,'2023-02-07 04:19:38','2023-02-07 04:19:38'),(883,868,1,88,38,1865,14,86,'4651779','I','2023-02-07 04:04:59',NULL,'2023-02-07 07:48:16','2023-02-07 07:48:16'),(884,869,1,88,41,1871,14,86,'4651778','I','2023-02-07 03:57:00',NULL,'2023-02-07 08:18:58','2023-02-07 08:18:58'),(885,870,1,88,41,1857,14,86,'4651786','I','2023-02-07 04:55:00',NULL,'2023-02-07 09:04:35','2023-02-07 09:04:35'),(886,871,1,86,41,1825,16,85,'4652553','I','2023-02-07 08:29:36',NULL,'2023-02-07 14:23:30','2023-02-07 14:23:30'),(887,872,1,83,38,1597,2,83,'4647490','I','2023-02-05 23:27:12',NULL,'2023-02-07 16:13:51','2023-02-08 21:01:10'),(888,873,1,82,41,2272,14,82,'4651860','I','2023-02-07 06:25:00',NULL,'2023-02-07 17:36:34','2023-02-07 17:36:34'),(889,874,4,119,17,2197,9,109,'10198866','I','2023-02-07 12:57:00',NULL,'2023-02-07 18:28:42','2023-02-07 18:28:42'),(890,875,1,84,36,1715,14,84,'4653304','I','2023-02-07 10:26:06',NULL,'2023-02-07 18:31:38','2023-02-07 18:31:38'),(891,876,1,79,58,1490,2,79,'4651911','I','2023-02-07 06:46:00',NULL,'2023-02-07 19:31:00','2023-02-07 19:31:00'),(892,877,1,76,41,1403,14,76,'4651803','I','2023-02-07 05:34:00',NULL,'2023-02-07 19:45:00','2023-02-07 19:45:00'),(893,878,1,81,38,1553,14,81,'4654914','I','2023-02-07 15:58:12',NULL,'2023-02-07 20:37:11','2023-02-07 20:37:11'),(894,879,1,83,41,1664,14,83,'4652527','I','2023-02-07 08:26:00',NULL,'2023-02-07 20:41:29','2023-02-07 20:41:29'),(895,880,1,82,56,2279,14,82,'4654327','I','2023-02-07 14:05:54',NULL,'2023-02-07 20:49:52','2023-02-07 20:49:52'),(896,881,1,83,41,1605,14,83,'4653427','I','2023-02-07 10:47:00',NULL,'2023-02-07 21:03:25','2023-02-07 21:03:25'),(897,882,1,88,38,1871,14,86,'4655101','I','2023-02-07 16:45:34',NULL,'2023-02-07 21:37:07','2023-02-07 21:37:07'),(898,883,1,79,40,1495,2,79,'4646543','I','2023-02-05 06:33:00',NULL,'2023-02-07 23:00:40','2023-02-07 23:00:40'),(899,884,1,88,38,1856,14,86,'4651790','I','2023-02-07 05:07:26',NULL,'2023-02-07 23:19:52','2023-02-07 23:19:52'),(900,885,1,84,36,1747,2,84,'4655411','I','2023-02-07 18:32:34',NULL,'2023-02-07 23:44:45','2023-02-14 02:17:23'),(901,886,1,81,47,1561,14,81,'4653650','I','2023-02-07 11:29:00',NULL,'2023-02-08 00:41:14','2023-02-08 00:41:14'),(902,887,1,86,41,1822,3,85,'4655235','I','2023-02-07 17:18:09',NULL,'2023-02-08 00:47:37','2023-02-08 00:47:37'),(903,888,1,83,36,1654,16,83,'4655601','I','2023-02-07 21:22:24',NULL,'2023-02-08 01:19:01','2023-02-08 01:19:01'),(904,889,1,83,44,1656,14,83,'4651815','I','2023-02-07 05:58:55',NULL,'2023-02-08 01:51:59','2023-02-08 01:51:59'),(905,890,1,83,38,1657,14,83,'4655604','I','2023-02-07 21:26:42',NULL,'2023-02-08 01:58:43','2023-02-08 01:58:43'),(906,891,1,88,41,1867,14,86,'4655636','I','2023-02-07 22:00:45',NULL,'2023-02-08 02:20:32','2023-02-08 02:20:32'),(907,892,1,82,40,2273,14,82,'4655644','I','2023-02-07 22:10:29',NULL,'2023-02-08 02:39:43','2023-02-08 02:39:43'),(908,893,1,76,40,1408,14,76,'4655652','I','2023-02-07 22:18:31',NULL,'2023-02-08 03:01:39','2023-02-08 03:01:39'),(909,894,1,81,45,1555,14,81,'4655630','I','2023-02-07 21:55:03',NULL,'2023-02-08 03:04:33','2023-02-08 03:04:33'),(910,895,1,88,38,1873,14,86,'4655688','I','2023-02-07 23:06:49',NULL,'2023-02-08 03:15:19','2023-02-08 03:15:19'),(911,896,1,79,41,1496,2,79,'4655670','I','2023-02-07 22:41:12',NULL,'2023-02-08 04:06:26','2023-02-08 04:06:26'),(912,897,1,83,41,1651,2,83,'4655676','I','2023-02-07 22:49:03',NULL,'2023-02-08 04:47:22','2023-02-08 04:47:22'),(913,898,1,83,44,1659,14,83,'4655739','I','2023-02-08 00:54:10',NULL,'2023-02-08 04:48:54','2023-02-11 02:31:51'),(914,899,1,96,36,2014,2,90,'4655744','I','2023-02-08 01:09:22',NULL,'2023-02-08 05:20:58','2023-02-08 05:20:58'),(915,900,1,82,68,2272,2,82,'4655764','I','2023-02-08 02:47:07',NULL,'2023-02-08 07:51:33','2023-02-08 07:51:33'),(916,901,1,83,43,1599,14,83,'4655778','I','2023-02-08 04:37:46',NULL,'2023-02-08 09:03:12','2023-02-09 15:56:16'),(917,902,1,88,36,1876,14,86,'4655782','I','2023-02-08 04:45:41',NULL,'2023-02-08 09:14:08','2023-02-08 09:14:08'),(918,903,1,84,38,1711,14,84,'4656064','I','2023-02-08 07:21:18',NULL,'2023-02-08 10:32:45','2023-02-08 10:32:45'),(919,904,1,81,42,1558,2,81,'4647510','I','2023-02-05 23:58:08',NULL,'2023-02-08 12:04:54','2023-02-08 12:04:54'),(920,905,1,88,38,1870,14,86,'4656535','I','2023-02-08 08:21:37',NULL,'2023-02-08 12:46:11','2023-02-08 12:46:11'),(921,906,1,88,43,1874,14,86,'4655794','I','2023-02-08 05:16:30',NULL,'2023-02-08 13:51:23','2023-02-08 13:51:23'),(922,907,1,88,38,1859,14,86,'4657128','I','2023-02-08 09:41:58',NULL,'2023-02-08 14:33:47','2023-02-08 14:33:47'),(923,908,1,88,38,1861,14,86,'4656915','I','2023-02-08 09:10:40',NULL,'2023-02-08 14:35:25','2023-02-08 14:35:25'),(924,909,1,83,38,1662,14,83,'4657394','I','2023-02-08 10:19:35',NULL,'2023-02-08 16:40:14','2023-02-08 16:40:14'),(925,910,1,102,38,2118,14,92,'4658327','I','2023-02-08 13:21:27',NULL,'2023-02-08 16:42:06','2023-02-08 16:42:06'),(926,911,1,84,38,1718,14,84,'4656107','I','2023-02-08 07:27:07',NULL,'2023-02-08 18:04:36','2023-02-08 18:04:36'),(927,912,1,82,60,2276,14,82,'4657365','I','2023-02-08 10:14:37',NULL,'2023-02-08 20:12:45','2023-02-08 20:12:45'),(928,913,1,79,54,1491,2,79,'4657657','I','2023-02-08 11:00:24',NULL,'2023-02-08 21:28:02','2023-02-08 21:28:02'),(929,914,1,138,67,2300,21,128,'3439836','I','2022-01-01 20:59:47','2022-01-05 15:15:58','2023-02-08 21:43:46','2023-02-08 21:43:46'),(930,915,1,88,44,1856,14,86,'4657500','I','2023-02-08 10:35:07',NULL,'2023-02-08 22:23:24','2023-02-08 22:23:24'),(931,916,4,127,69,2301,8,117,'10137071','I','2023-01-12 09:07:00',NULL,'2023-02-08 22:36:58','2023-02-08 22:36:58'),(932,917,1,88,41,1866,14,86,'4658618','I','2023-02-08 14:15:41',NULL,'2023-02-09 01:02:45','2023-02-09 01:02:45'),(933,918,1,76,36,1407,2,76,'4659711','I','2023-02-08 18:25:35',NULL,'2023-02-09 01:05:05','2023-02-09 01:05:05'),(934,919,1,88,36,1867,14,86,'4656658','I','2023-02-08 08:37:03',NULL,'2023-02-09 01:48:23','2023-02-09 01:48:23'),(935,920,1,83,42,1607,2,83,'4659810','I','2023-02-08 19:25:01',NULL,'2023-02-09 02:28:40','2023-02-09 02:28:40'),(936,921,1,88,43,1874,14,86,'4660020','I','2023-02-08 22:45:58',NULL,'2023-02-09 03:11:31','2023-02-09 03:11:31'),(937,922,1,83,43,1603,14,83,'4658084','I','2023-02-08 12:26:41',NULL,'2023-02-09 03:14:08','2023-02-09 03:14:08'),(938,923,1,81,36,1567,2,81,'4660037','I','2023-02-08 23:08:00',NULL,'2023-02-09 03:28:13','2023-02-09 03:28:13'),(939,924,1,83,54,1663,2,83,'4659963','I','2023-02-08 21:33:00',NULL,'2023-02-09 04:41:49','2023-02-09 04:41:49'),(940,925,1,76,41,1391,2,76,'4660077','I','2023-02-09 00:46:00',NULL,'2023-02-09 05:41:45','2023-02-09 05:41:45'),(941,926,1,82,36,2276,14,82,'4660118','I','2023-02-09 04:23:00',NULL,'2023-02-09 08:20:00','2023-02-09 08:20:00'),(942,927,1,84,38,1717,14,84,'4660140','I','2023-02-09 05:37:40',NULL,'2023-02-09 09:24:09','2023-02-09 09:24:09'),(943,928,4,120,17,2302,10,110,'10199905','I','2023-02-07 20:07:00',NULL,'2023-02-09 13:12:56','2023-02-09 13:12:56'),(944,929,1,83,44,1605,2,83,'4659671','I','2023-02-08 18:09:41',NULL,'2023-02-09 14:08:23','2023-02-09 14:08:23'),(945,930,1,86,36,1799,2,85,'4659575','I','2023-02-08 17:38:11',NULL,'2023-02-09 14:54:38','2023-02-09 14:54:38'),(946,931,1,86,49,1822,3,85,'4660112','I','2023-02-09 03:47:51',NULL,'2023-02-09 15:14:01','2023-02-09 15:14:01'),(947,932,1,84,38,1718,14,84,'4660129','I','2023-02-09 04:58:00',NULL,'2023-02-09 18:07:41','2023-02-09 18:07:41'),(948,933,1,86,55,1784,3,85,'4655777','I','2023-02-08 04:17:15',NULL,'2023-02-09 19:29:50','2023-02-09 19:29:50'),(949,934,1,84,40,1718,2,84,'4662455','I','2023-02-09 13:13:05',NULL,'2023-02-09 21:10:03','2023-02-13 23:51:33'),(950,935,1,86,42,1795,3,85,'4662925','I','2023-02-09 14:35:02',NULL,'2023-02-09 21:43:57','2023-02-09 21:43:57'),(951,936,1,81,41,1565,14,81,'4663717','I','2023-02-09 17:26:49',NULL,'2023-02-09 23:12:01','2023-02-09 23:12:01'),(952,937,1,80,39,1507,2,80,'4647522','I','2023-02-06 00:40:16',NULL,'2023-02-09 23:24:18','2023-02-09 23:24:18'),(953,327,1,78,38,1451,2,78,'4662740','I','2023-02-09 14:02:25',NULL,'2023-02-09 23:31:41','2023-02-09 23:31:41'),(954,938,1,86,52,1820,3,85,'4663834','I','2023-02-09 18:18:53',NULL,'2023-02-09 23:38:15','2023-02-09 23:38:15'),(955,939,1,77,41,1419,2,77,'4659617','I','2023-02-08 17:54:17',NULL,'2023-02-10 00:01:41','2023-02-10 00:01:41'),(956,940,1,88,41,1867,14,86,'4660364','I','2023-02-09 07:18:35',NULL,'2023-02-10 00:17:24','2023-02-10 00:17:24'),(957,941,1,83,40,1658,2,83,'4604393','I','2023-01-23 10:59:00',NULL,'2023-02-10 00:23:12','2023-02-10 00:23:12'),(958,942,1,83,38,1665,14,83,'4660764','I','2023-02-09 08:17:57',NULL,'2023-02-10 01:31:10','2023-02-10 01:31:10'),(959,943,1,88,38,1855,14,86,'4663259','I','2023-02-09 15:28:51',NULL,'2023-02-10 01:32:45','2023-02-10 01:32:45'),(960,944,1,88,38,1871,14,86,'4663506','I','2023-02-09 16:24:22',NULL,'2023-02-10 02:02:50','2023-02-10 02:02:50'),(961,945,1,88,38,1861,14,86,'4664156','I','2023-02-09 22:15:20',NULL,'2023-02-10 02:05:54','2023-02-10 02:05:54'),(962,946,1,88,41,1864,14,86,'4664238','I','2023-02-10 00:07:00',NULL,'2023-02-10 03:36:12','2023-02-10 03:36:12'),(963,947,1,83,45,1661,2,83,'4664239','I','2023-02-10 00:09:38',NULL,'2023-02-10 04:32:41','2023-02-10 04:32:41'),(964,948,1,81,38,1552,2,81,'4664169','I','2023-02-09 22:26:39',NULL,'2023-02-10 04:40:56','2023-02-10 04:40:56'),(965,949,1,88,41,1881,3,86,'4664264','I','2023-02-10 00:58:00',NULL,'2023-02-10 04:54:04','2023-02-10 04:54:04'),(966,950,1,84,36,1751,2,84,'4664254','I','2023-02-10 00:33:54',NULL,'2023-02-10 05:30:25','2023-02-10 05:30:25'),(967,951,1,83,43,1601,2,83,'4663525','I','2023-02-09 16:29:11',NULL,'2023-02-10 06:02:03','2023-02-10 06:02:03'),(968,723,1,81,41,1563,2,81,'4664275','I','2023-02-10 01:35:13',NULL,'2023-02-10 06:14:55','2023-02-10 06:14:55'),(969,952,1,83,38,1599,14,83,'4664317','I','2023-02-10 05:21:27',NULL,'2023-02-10 08:37:54','2023-02-10 08:37:54'),(970,953,1,79,36,1480,2,79,'4664316','I','2023-02-10 05:16:41',NULL,'2023-02-10 09:41:20','2023-02-10 09:41:20'),(971,954,1,76,38,1403,2,76,'4664331','I','2023-02-10 05:42:20',NULL,'2023-02-10 09:55:03','2023-02-11 18:00:14'),(972,955,1,86,36,1808,16,85,'4664148','I','2023-02-09 22:06:36',NULL,'2023-02-10 10:04:05','2023-02-10 10:04:05'),(973,956,1,88,38,1860,14,86,'4661698','I','2023-02-09 10:30:20',NULL,'2023-02-10 11:17:18','2023-02-10 11:17:18'),(974,957,1,86,36,1821,3,85,'4664260','I','2023-02-10 00:44:44',NULL,'2023-02-10 11:30:31','2023-02-10 11:30:31'),(975,958,1,76,41,1410,14,76,'4664330','I','2023-02-10 05:40:06',NULL,'2023-02-10 11:57:26','2023-02-10 11:57:26'),(976,959,1,81,40,1548,14,81,'4664323','I','2023-02-10 05:29:51',NULL,'2023-02-10 12:53:34','2023-02-10 12:53:34'),(977,960,1,83,38,1663,14,83,'4665944','I','2023-02-10 10:57:35',NULL,'2023-02-10 17:25:17','2023-02-10 17:25:17'),(978,961,1,88,48,1856,14,86,'4666494','I','2023-02-10 13:08:28',NULL,'2023-02-10 17:40:49','2023-02-10 17:40:49'),(979,962,1,81,36,1569,2,81,'4660084','I','2023-02-09 01:21:48',NULL,'2023-02-10 19:00:35','2023-02-10 19:00:35'),(980,963,1,88,36,1854,14,86,'4664674','I','2023-02-10 07:38:41',NULL,'2023-02-10 19:59:52','2023-02-10 19:59:52'),(981,964,1,81,57,1565,14,81,'4664418','I','2023-02-10 06:38:29',NULL,'2023-02-10 22:26:18','2023-02-10 22:26:18'),(982,965,1,88,43,1860,14,86,'4666261','I','2023-02-10 12:03:49',NULL,'2023-02-10 22:38:28','2023-02-10 22:38:28'),(983,693,1,81,48,1562,2,81,'4666301','I','2023-02-10 12:12:51',NULL,'2023-02-10 23:18:56','2023-02-10 23:18:56'),(984,966,1,88,41,1858,19,86,'4667900','I','2023-02-10 22:53:21',NULL,'2023-02-11 02:23:17','2023-02-11 02:23:17'),(985,967,1,81,41,1543,2,81,'4667718','I','2023-02-10 19:27:00',NULL,'2023-02-11 02:33:48','2023-02-11 02:33:48'),(986,968,1,86,41,1822,3,85,'4667881','I','2023-02-10 22:28:00',NULL,'2023-02-11 05:12:38','2023-02-11 05:12:38'),(987,969,1,83,41,1599,2,83,'4667943','I','2023-02-11 00:16:13',NULL,'2023-02-11 05:33:36','2023-02-11 05:33:36'),(988,970,1,88,36,1877,14,86,'4667995','I','2023-02-11 03:54:00',NULL,'2023-02-11 07:30:52','2023-02-11 07:30:52'),(989,971,1,88,38,1871,14,86,'4668022','I','2023-02-11 05:47:00',NULL,'2023-02-11 13:12:40','2023-02-11 13:12:40'),(990,972,1,96,43,2015,14,90,'4661666','I','2023-02-09 10:25:09',NULL,'2023-02-11 13:25:08','2023-02-11 13:25:08'),(991,973,1,99,57,2054,3,91,'4659631','I','2023-02-08 17:58:29',NULL,'2023-02-11 14:39:37','2023-02-11 14:39:37'),(992,974,1,88,36,1857,14,86,'4668036','I','2023-02-11 06:12:51',NULL,'2023-02-11 15:22:41','2023-02-11 15:22:41'),(993,975,1,83,40,1663,2,83,'4669092','I','2023-02-11 13:20:10',NULL,'2023-02-11 18:08:55','2023-02-11 18:08:55'),(994,976,1,83,38,1652,14,83,'4647411','I','2023-02-05 21:36:24',NULL,'2023-02-11 18:29:38','2023-02-11 18:29:38'),(995,977,1,86,40,1824,3,85,'4669647','I','2023-02-11 23:50:09',NULL,'2023-02-12 03:26:11','2023-02-12 03:26:11'),(996,978,1,86,42,1826,16,85,'4669723','I','2023-02-12 05:24:03',NULL,'2023-02-12 09:35:40','2023-02-12 09:35:40'),(997,979,1,83,36,1602,14,83,'4660813','I','2023-02-09 08:24:59',NULL,'2023-02-12 12:08:28','2023-02-12 12:08:28'),(998,980,1,86,45,1795,3,85,'4669228','I','2023-02-11 15:05:33',NULL,'2023-02-12 19:50:36','2023-02-12 19:50:36'),(999,981,1,88,57,1876,14,86,'4669859','I','2023-02-12 09:06:57',NULL,'2023-02-12 20:48:35','2023-02-12 20:48:35'),(1000,982,1,83,38,1664,2,83,'4670570','I','2023-02-12 19:57:37',NULL,'2023-02-13 00:39:10','2023-02-13 00:39:10'),(1001,983,1,88,38,1878,14,86,'4670640','I','2023-02-12 21:35:41',NULL,'2023-02-13 01:55:25','2023-02-13 01:55:25'),(1002,984,1,88,38,1854,14,86,'4670691','I','2023-02-12 23:15:43',NULL,'2023-02-13 02:40:39','2023-02-13 02:40:39'),(1003,985,1,88,38,1862,14,86,'4670687','I','2023-02-12 23:12:06',NULL,'2023-02-13 02:55:02','2023-02-13 02:55:02'),(1004,986,1,84,38,1712,14,84,'4670702','I','2023-02-12 23:32:10',NULL,'2023-02-13 03:00:43','2023-02-13 03:00:43'),(1005,987,1,80,36,1500,2,80,'4670706','I','2023-02-12 23:39:05',NULL,'2023-02-13 03:41:02','2023-02-13 03:41:02'),(1006,988,1,83,36,1662,2,83,'4670718','I','2023-02-13 00:07:29',NULL,'2023-02-13 04:46:38','2023-02-13 04:46:38'),(1007,989,1,86,48,1809,3,85,'4670734','I','2023-02-13 01:31:19',NULL,'2023-02-13 05:38:37','2023-02-13 05:38:37'),(1008,990,1,81,38,1568,2,81,'4669800','I','2023-02-12 08:05:56',NULL,'2023-02-13 08:23:20','2023-02-13 08:23:20'),(1009,991,1,81,42,1563,2,81,'4670768','I','2023-02-13 04:37:22',NULL,'2023-02-13 08:55:46','2023-02-13 08:55:46'),(1010,992,1,86,36,1818,3,85,'4670760','I','2023-02-13 03:50:47',NULL,'2023-02-13 11:55:54','2023-02-13 11:55:54'),(1011,993,1,84,45,1715,14,84,'4670682','I','2023-02-12 22:54:58',NULL,'2023-02-13 11:56:38','2023-02-13 11:56:38'),(1012,994,1,81,42,1548,2,81,'4667723','I','2023-02-10 19:32:56',NULL,'2023-02-13 14:41:56','2023-02-13 14:41:56'),(1013,995,1,86,47,1819,3,85,'4670371','I','2023-02-12 16:17:51',NULL,'2023-02-13 15:26:18','2023-02-14 10:34:29'),(1014,996,1,88,39,1855,14,86,'4672703','I','2023-02-13 11:34:55',NULL,'2023-02-13 16:37:28','2023-02-13 16:37:28'),(1015,997,1,86,36,1807,3,85,'4670465','I','2023-02-12 17:48:23',NULL,'2023-02-13 17:00:30','2023-02-13 17:00:30'),(1016,998,1,81,46,1555,2,81,'4670769','I','2023-02-13 04:45:26',NULL,'2023-02-13 17:55:36','2023-02-13 17:55:36'),(1017,999,1,77,36,1427,2,77,'4670405','I','2023-02-12 16:47:58',NULL,'2023-02-13 18:11:07','2023-02-13 18:11:07'),(1018,1000,1,86,38,1824,3,85,'4673471','I','2023-02-13 14:03:44',NULL,'2023-02-13 19:16:25','2023-02-13 19:16:25'),(1019,1001,4,118,17,2303,10,108,'10210813','I','2023-02-12 18:34:00',NULL,'2023-02-13 19:23:17','2023-02-13 19:23:17'),(1020,1002,1,79,38,1485,2,79,'4672042','I','2023-02-13 09:46:19',NULL,'2023-02-13 21:38:48','2023-02-13 21:38:48'),(1021,1003,1,88,39,1882,14,86,'4672449','I','2023-02-13 10:46:41',NULL,'2023-02-13 22:39:52','2023-02-13 22:39:52'),(1022,1004,1,80,38,1504,2,80,'4674028','I','2023-02-13 15:31:36',NULL,'2023-02-13 23:25:20','2023-02-13 23:25:20'),(1023,1005,1,88,38,1861,14,86,'4673275','I','2023-02-13 13:30:13',NULL,'2023-02-13 23:59:48','2023-02-13 23:59:48'),(1024,1006,1,88,39,1854,14,86,'4673687','I','2023-02-13 14:36:48',NULL,'2023-02-14 00:21:31','2023-02-14 00:21:31'),(1025,1007,1,88,38,1857,14,86,'4672675','I','2023-02-13 11:27:45',NULL,'2023-02-14 00:41:53','2023-02-14 00:41:53'),(1026,1008,4,118,70,2218,10,108,'10211477','I','2023-02-13 07:55:57',NULL,'2023-02-14 00:48:38','2023-02-14 00:48:38'),(1027,1009,1,76,36,1397,2,76,'4670710','I','2023-02-12 23:50:49',NULL,'2023-02-14 01:07:42','2023-02-14 01:07:42'),(1028,1010,1,83,40,1663,2,83,'4674965','I','2023-02-13 20:44:57',NULL,'2023-02-14 01:09:59','2023-02-14 01:09:59'),(1029,1011,1,86,41,1827,3,85,'4668591','I','2023-02-11 09:51:33',NULL,'2023-02-14 01:25:29','2023-02-14 01:25:29'),(1030,1012,1,81,38,1552,2,81,'4674218','I','2023-02-13 16:09:14',NULL,'2023-02-14 01:32:35','2023-02-14 01:32:35'),(1031,1013,1,81,36,1564,2,81,'4674840','I','2023-02-13 19:10:04',NULL,'2023-02-14 01:40:08','2023-02-14 01:40:08'),(1032,1014,1,88,41,1858,14,86,'4675071','I','2023-02-13 22:20:41',NULL,'2023-02-14 01:45:12','2023-02-14 01:45:12'),(1033,1015,1,88,50,1879,3,86,'4675055','I','2023-02-13 22:08:53',NULL,'2023-02-14 02:37:46','2023-02-14 02:37:46'),(1034,1016,1,81,41,1541,2,81,'4675105','I','2023-02-13 23:05:14',NULL,'2023-02-14 02:43:02','2023-02-14 02:43:02'),(1035,1017,1,84,41,1715,14,84,'4675099','I','2023-02-13 22:59:57',NULL,'2023-02-14 03:16:35','2023-02-14 03:16:35'),(1036,1018,1,88,42,1866,14,86,'4675126','I','2023-02-13 23:34:00',NULL,'2023-02-14 03:33:13','2023-02-14 03:33:13'),(1037,1019,1,83,36,1659,2,83,'4675137','I','2023-02-13 23:50:39',NULL,'2023-02-14 04:48:33','2023-02-14 04:48:33'),(1038,1020,1,82,56,2270,2,82,'4675188','I','2023-02-14 03:17:46',NULL,'2023-02-14 07:17:19','2023-02-14 07:17:19'),(1039,1021,1,83,40,1606,2,83,'4675118','I','2023-02-13 23:23:11',NULL,'2023-02-14 07:18:51','2023-02-14 07:18:51'),(1040,381,1,82,41,2278,2,82,'4675170','I','2023-02-14 01:56:04',NULL,'2023-02-14 07:25:12','2023-02-14 07:25:12'),(1041,1022,1,82,40,2279,2,82,'4675116','I','2023-02-13 23:22:01',NULL,'2023-02-14 07:32:29','2023-02-14 07:32:29'),(1042,571,1,82,36,2276,2,82,'4675189','I','2023-02-14 03:30:28',NULL,'2023-02-14 08:26:12','2023-02-14 08:26:12'),(1043,1023,1,88,41,1864,14,86,'4675197','I','2023-02-14 04:23:14',NULL,'2023-02-14 08:31:52','2023-02-14 08:31:52'),(1044,1024,1,82,38,2272,2,82,'4675224','I','2023-02-14 05:26:41',NULL,'2023-02-14 08:52:40','2023-02-14 08:52:40'),(1045,1025,1,88,41,1881,16,86,'4675252','I','2023-02-14 06:13:02',NULL,'2023-02-14 09:47:21','2023-02-14 09:47:21'),(1046,1026,1,88,57,1877,14,86,'4675230','I','2023-02-14 05:40:47',NULL,'2023-02-14 09:55:38','2023-02-14 09:55:38'),(1047,1027,1,86,38,1794,3,85,'4675140','I','2023-02-13 23:52:13',NULL,'2023-02-14 12:58:32','2023-02-14 12:58:32'),(1048,1028,1,84,40,1712,2,84,'4676437','I','2023-02-14 09:29:23',NULL,'2023-02-14 16:24:17','2023-02-14 16:24:17'),(1049,1029,1,82,42,2269,2,82,'4675305','I','2023-02-14 06:35:08',NULL,'2023-02-14 19:21:44','2023-02-14 19:21:44'),(1050,1030,1,83,41,1653,2,83,'4676409','I','2023-02-14 09:25:47',NULL,'2023-02-14 19:31:38','2023-02-14 19:31:38'),(1051,1031,4,116,69,2304,8,106,'10213991','I','2023-02-13 15:18:00',NULL,'2023-02-14 19:33:27','2023-02-14 19:33:27'),(1052,1032,1,88,55,1855,3,86,'4678883','I','2023-02-14 16:17:36',NULL,'2023-02-14 19:52:12','2023-02-15 11:08:12'),(1053,1033,1,79,36,1487,2,79,'4678480','I','2023-02-14 15:05:33',NULL,'2023-02-14 20:45:36','2023-02-14 20:45:36'),(1054,1034,1,82,40,2273,14,82,'4675213','I','2023-02-14 05:02:05',NULL,'2023-02-14 22:12:54','2023-02-14 22:12:54'),(1055,1035,1,86,41,1802,3,85,'4679010','I','2023-02-14 16:49:25',NULL,'2023-02-14 22:56:48','2023-02-15 17:37:15'),(1056,1036,1,83,38,1602,14,83,'4676401','I','2023-02-14 09:24:55',NULL,'2023-02-14 23:49:29','2023-02-14 23:49:29'),(1057,1037,1,81,56,1563,14,81,'4677089','I','2023-02-14 10:57:40',NULL,'2023-02-15 00:22:23','2023-02-15 00:22:23'),(1058,1038,1,83,38,1654,2,83,'4677317','I','2023-02-14 11:32:42',NULL,'2023-02-15 00:30:12','2023-02-15 00:30:12'),(1059,1039,1,83,36,1662,2,83,'4679027','I','2023-02-14 16:53:14',NULL,'2023-02-15 00:33:30','2023-02-15 00:33:30'),(1060,1040,1,76,41,1406,2,76,'4675438','I','2023-02-14 07:07:37',NULL,'2023-02-15 00:43:02','2023-02-15 00:43:02'),(1061,1041,1,88,42,1882,16,86,'4679532','I','2023-02-14 21:23:39',NULL,'2023-02-15 01:13:29','2023-02-15 01:13:29'),(1062,1042,1,83,56,1607,14,83,'4677264','I','2023-02-14 11:23:04',NULL,'2023-02-15 01:30:13','2023-02-15 01:30:13'),(1063,1043,1,76,58,1388,14,76,'4677548','I','2023-02-14 12:18:14',NULL,'2023-02-15 02:56:23','2023-02-15 02:56:23'),(1064,1044,1,88,45,1861,14,86,'4677656','I','2023-02-14 12:46:24',NULL,'2023-02-15 03:01:43','2023-02-15 03:01:43'),(1065,1045,1,83,41,1665,14,83,'4679598','I','2023-02-14 22:56:21',NULL,'2023-02-15 03:08:22','2023-02-15 03:08:22'),(1066,1046,1,83,53,1600,14,83,'4678633','I','2023-02-14 15:30:59',NULL,'2023-02-15 03:09:45','2023-02-15 03:09:45'),(1067,1047,1,83,41,1657,14,83,'4677952','I','2023-02-14 13:42:30',NULL,'2023-02-15 05:17:42','2023-02-15 05:17:42'),(1068,1048,1,83,41,1663,2,83,'4679682','I','2023-02-15 02:51:41',NULL,'2023-02-15 07:00:18','2023-02-15 07:00:18'),(1069,1049,1,88,41,1881,14,86,'4679707','I','2023-02-15 04:56:24',NULL,'2023-02-15 08:16:33','2023-02-15 08:16:33'),(1070,1050,1,83,36,1656,14,83,'4679706','I','2023-02-15 04:47:00',NULL,'2023-02-15 08:17:01','2023-02-15 08:17:01'),(1071,1051,1,84,57,1716,14,84,'4679696','I','2023-02-15 03:54:59',NULL,'2023-02-15 08:29:52','2023-02-15 08:29:52'),(1072,1052,1,83,41,1599,14,83,'4679723','I','2023-02-15 05:28:26',NULL,'2023-02-15 09:01:24','2023-02-15 09:01:24'),(1073,1053,1,83,41,1661,14,83,'4679714','I','2023-02-15 05:11:00',NULL,'2023-02-15 09:03:21','2023-02-15 09:03:21'),(1074,1054,1,81,41,1566,19,81,'4679716','I','2023-02-15 05:13:47',NULL,'2023-02-15 09:33:15','2023-02-15 09:33:15'),(1075,1055,1,84,38,1749,2,84,'4679398','I','2023-02-14 19:23:00',NULL,'2023-02-15 12:28:49','2023-02-15 12:28:49'),(1076,1056,1,79,46,1473,14,79,'4673660','I','2023-02-13 14:33:23',NULL,'2023-02-15 14:18:57','2023-02-15 14:18:57'),(1077,1057,4,116,71,2307,12,106,'10159051','I','2023-01-22 08:01:00',NULL,'2023-02-15 14:42:37','2023-02-15 14:42:37'),(1078,1058,1,78,40,1455,2,78,'4679144','I','2023-02-14 17:26:53',NULL,'2023-02-15 15:28:03','2023-02-15 15:28:03'),(1079,1059,4,130,69,2308,10,120,'10215668','I','2023-02-14 09:33:48',NULL,'2023-02-15 17:20:18','2023-02-15 17:20:18'),(1080,435,1,81,41,1564,14,81,'4681799','I','2023-02-15 11:40:16',NULL,'2023-02-15 17:33:26','2023-02-15 17:33:26'),(1081,1060,4,127,69,2309,8,117,'10122002','I','2023-01-05 14:08:00',NULL,'2023-02-15 18:15:49','2023-02-15 18:15:49');
/*!40000 ALTER TABLE `attendances` ENABLE KEYS */;
UNLOCK TABLES;

--
-- Table structure for table `clients`
--

DROP TABLE IF EXISTS `clients`;
/*!40101 SET @saved_cs_client     = @@character_set_client */;
/*!40101 SET character_set_client = utf8 */;
CREATE TABLE `clients` (
  `id` int(10) unsigned NOT NULL AUTO_INCREMENT,
  `i_code` varchar(255) DEFAULT NULL,
  `company_id` int(10) unsigned DEFAULT NULL,
  `name` varchar(255) DEFAULT NULL,
  `birth_date` timestamp NOT NULL DEFAULT CURRENT_TIMESTAMP ON UPDATE CURRENT_TIMESTAMP,
  `is_vip` tinyint(1) DEFAULT NULL,
  `phone_number` varchar(255) DEFAULT NULL,
  `created_at` timestamp NOT NULL DEFAULT CURRENT_TIMESTAMP,
  `updated_at` timestamp NOT NULL DEFAULT CURRENT_TIMESTAMP,
  PRIMARY KEY (`id`),
  KEY `clients_company_id_foreign` (`company_id`),
  CONSTRAINT `clients_company_id_foreign` FOREIGN KEY (`company_id`) REFERENCES `companies` (`id`)
) ENGINE=InnoDB AUTO_INCREMENT=1061 DEFAULT CHARSET=utf8mb4;
/*!40101 SET character_set_client = @saved_cs_client */;

--
-- Dumping data for table `clients`
--

LOCK TABLES `clients` WRITE;
/*!40000 ALTER TABLE `clients` DISABLE KEYS */;
INSERT INTO `clients` VALUES (2,'2332869',3,'PAULA MATTOS LOPES MACIEL','1977-05-17 02:00:00',0,'21988691929','2022-06-15 22:38:35','2022-06-15 22:44:25'),(3,'3103289',3,'DEBORAH VIEIRA BURGER','1998-07-21 02:00:00',0,'24992913288','2022-06-21 13:46:42','2022-06-21 13:48:17'),(4,'3039858',3,'KYMBERLLY JANCY DA SILVA SALES','1996-08-11 02:00:00',0,'27998883837','2022-06-23 11:15:30','2022-06-23 11:17:30'),(5,'2471723',3,'GISELE SILVA RAMOS','1980-10-30 02:00:00',0,'24999095656','2022-06-25 18:28:22','2022-07-01 21:10:46'),(6,'2569445',3,'TAMIRES RODRIGUES DIAS PAIXAO','1989-10-26 02:00:00',0,'21972918019','2022-06-29 12:09:51','2022-06-29 21:06:52'),(7,'3208851',3,'FERNANDA CUNHA RIBEIRO ANTUNES','1990-11-29 02:00:00',0,'24981509434','2022-06-29 20:58:36','2022-07-01 01:35:40'),(8,'2993377',3,'CRISTIANE DAS GRACAS BATISTA','1983-05-17 02:00:00',0,'21986949882','2022-07-02 10:46:34','2022-07-02 10:48:13'),(9,'2653041',3,'MONIQUE DE PAIVA VITORINO','1985-01-10 02:00:00',0,'24988092075','2022-07-09 11:20:51','2022-07-10 00:45:51'),(10,'2676831',3,'MARIA LUIZA ALVES TORRES','2018-02-28 02:00:00',0,'24988090657','2022-07-09 16:34:55','2022-07-09 17:48:40'),(11,'3166277',3,'DANIELE MURUCI DE ARAUJO','1981-07-02 02:00:00',0,'991252945','2022-07-09 23:16:22','2022-07-09 23:16:22'),(12,'3283190',3,'LARA BENTO PIMENTEL','2022-05-30 02:00:00',0,'24992172847','2022-07-10 11:15:50','2022-07-10 11:17:40'),(13,'2645188',3,'JORGE LUIZ BARBOSA MARIANO DE SOUZA','1984-05-12 02:00:00',0,'21970360101','2022-07-13 19:24:55','2022-07-13 19:35:08'),(14,'2497130',3,'TERESA CRISTINA MOREIRA DE ABREU DOS SANTOS','1984-02-28 02:00:00',0,'24999464698','2022-07-15 11:35:53','2022-07-16 13:55:50'),(15,'2545614',3,'VITORIA DA COSTA PEREIRA','2007-03-11 02:00:00',0,'24988118310','2022-07-18 00:07:03','2022-07-18 00:10:11'),(16,'2667345',3,'TATIANE DA SILVA DEOCLECIO CLAUDINO','1985-12-11 02:00:00',0,'21975800148','2022-07-19 23:01:47','2022-07-19 23:02:43'),(17,'2495151',3,'BIANCA MARTINS ESTEVES ROCHA MELLO','1986-09-30 02:00:00',0,'24999749164','2022-07-21 00:28:18','2022-07-21 00:30:10'),(18,'2550707',3,'LUCIANA BARBOSA SILVA','1982-04-06 02:00:00',0,'21986145710','2022-07-21 23:24:18','2022-07-25 18:05:46'),(19,'3001621',3,'LORENZO PINHEIRO MACIEL','2019-09-05 02:00:00',0,'22992170466','2022-07-23 05:46:46','2022-07-23 05:47:44'),(20,'3154792',3,'MARCOS HENRIQUE TAVARES DA CRUZ','2005-01-13 02:00:00',0,'31983257814','2022-07-23 11:19:37','2022-07-23 11:21:10'),(21,'3244028',3,'MIGUEL GUEDES DA GAMA RAMOS PAIVA','2015-08-28 02:00:00',0,'21985609999','2022-07-23 15:51:17','2022-07-23 16:10:19'),(22,'2901869',3,'SILVIA CALVANO ORLANDO DE CARVALHO','1987-06-10 02:00:00',0,'21987906659','2022-07-23 16:41:02','2022-07-23 16:41:34'),(23,'2619082',3,'ALEXANDRE CORREA DA ROCHA','1975-04-17 02:00:00',0,'24988369616','2022-07-25 21:27:39','2022-07-25 21:28:31'),(24,'2931810',3,'VALENTINA BISSOLI MATTOS RIBEIRO','2016-08-03 02:00:00',0,'21964023598','2022-07-25 23:36:02','2022-07-25 23:38:11'),(25,'3276092',3,'SIMONE CARVALHO LUTZ','1974-12-13 02:00:00',0,'24999876705','2022-07-30 11:08:28','2022-08-01 11:24:14'),(26,'2970976',3,'CLAUDIA TEIXEIRA DOS SANTOS','1985-03-01 02:00:00',0,'24999278474','2022-08-03 01:49:52','2022-08-03 22:08:01'),(27,'2508749',3,'PEDRO HENRIQUE GONCALVES NOVAES','1998-04-17 02:00:00',0,'22992075168','2022-08-11 11:03:04','2022-08-11 11:04:51'),(28,'2966919',3,'LUISA CAPUTO BRAGA','2018-07-07 02:00:00',0,'24998386124','2022-08-11 16:49:06','2022-08-11 16:50:21'),(29,'2504723',3,'LILIANE RUFINO SALVAYA','1984-05-15 02:00:00',0,'000000000','2022-08-11 21:00:41','2022-08-12 01:17:50'),(30,'3258124',3,'MARIA CECILIA GOUVEA RIBEIRO','2022-04-02 02:00:00',0,'24993170344','2022-08-19 16:31:31','2022-08-19 16:32:50'),(31,'3295339',3,'BARBARA BLANCA PEREIRA MAIA','1994-10-20 02:00:00',0,'24992151546','2022-08-19 22:15:27','2022-08-19 22:16:33'),(32,'2997343',3,'DAYANE DE OLIVEIRA PIZZANO','1991-06-29 02:00:00',0,'24992650256','2022-08-19 22:20:08','2022-08-20 00:49:30'),(33,'196041',2,'RENATA DE AREA LEAO MATOS','1980-12-02 02:00:00',0,'992274951','2022-08-24 10:40:57','2022-08-24 10:40:57'),(34,'552023',2,'EDGAR CORREA DE AMORIM FILHO','1989-02-26 02:00:02',0,'992389056','2022-08-24 16:08:08','2022-08-24 16:08:08'),(35,'3228559',3,'ANA PAULA VIEIRA SILVA','1986-12-31 02:00:00',0,'21983516468','2022-08-25 23:15:21','2022-08-25 23:16:40'),(36,'2861048',3,'VANESSA DE FATIMA TEIXEIRA LOPES BORBA','1985-06-23 02:00:00',0,'24992255624','2022-08-26 11:12:09','2022-08-26 11:13:26'),(37,'2518559',3,'DANIELA CONTAGE SICCARDI MENEZES','1974-06-15 02:00:00',0,'24988145009','2022-08-29 18:33:24','2022-08-29 18:37:00'),(38,'2582930',3,'FLAVIA OLIVEIRA','1978-05-10 02:00:00',0,'24992146371','2022-08-30 14:09:09','2022-08-31 00:43:40'),(39,'3160848',3,'ANDRE LUIZ MAYWORM','1978-10-30 02:00:00',0,'24992794843','2022-08-31 22:49:25','2022-08-31 22:52:00'),(40,'3299041',3,'LUISA SOARES MENDES','2018-05-01 02:00:00',0,'22998647291','2022-09-03 00:19:21','2022-09-04 18:04:38'),(41,'3284825',3,'LIZ CABRAL QUIRINO','2020-01-02 02:00:00',0,'21970526773','2022-09-03 11:01:39','2022-09-03 11:04:30'),(42,'2457903',3,'FLAVIA SIMAS MARTINHO AMARO','1983-08-02 02:00:00',0,'2422452815','2022-09-05 22:19:13','2022-09-05 22:21:31'),(43,'2637294',3,'LARAH MARIA OLIVEIRA CARVALHO','2002-03-05 02:00:00',0,'24992226212','2022-09-07 13:59:37','2022-09-07 15:21:26'),(44,'2615004',3,'VITOR FURTADO CARVALHAL','1986-04-30 02:00:00',0,'21988336310','2022-09-12 02:04:51','2022-09-12 02:06:11'),(45,'2665112',3,'RAFAEL DA COSTA CARVALHO','1990-06-24 02:00:00',0,'24992204765','2022-09-13 22:56:51','2022-09-13 22:57:55'),(46,'2639287',3,'TATIANA DE CARVALHO SILVEIRA','1985-05-14 02:00:00',0,'24981568058','2022-09-19 18:26:10','2022-09-19 18:29:49'),(47,'2646889',3,'MARIANA DE SOUZA MARTINS MELLO','1985-02-19 02:00:00',0,'24988261060','2022-09-19 22:04:29','2022-09-19 22:10:02'),(48,'2826101',3,'DANIELA CALEGARI','1977-01-19 02:00:00',0,'24992133215','2022-09-19 22:08:53','2022-09-19 22:10:30'),(49,'2999755',3,'KARINA NEVES MACIEL','1993-12-02 02:00:00',0,'24999587682','2022-09-19 22:47:58','2022-09-19 22:52:40'),(50,'2156769',4,'LAURA ZANUNCIO CAVALCANTI','2020-09-16 02:00:00',0,'71993194479','2022-09-20 17:59:45','2022-09-23 14:10:11'),(51,'2660514',3,'ANDRESA RIVELLO FIGUEIREDO','1985-12-20 02:00:00',0,'24992253012','2022-09-20 20:53:08','2022-09-22 14:05:50'),(52,'2215265',4,'ANA PAULA DIAS SOUZA','1982-05-08 02:00:00',0,'71981384419','2022-09-21 21:15:22','2022-09-21 21:17:48'),(53,'2152774',4,'FELIPE SALES DOS SANTOS','1991-06-12 02:00:00',0,'71991870767','2022-09-23 21:00:57','2022-09-23 21:03:25'),(54,'2645377',3,'BRUNA REGINA THIMOTEO PRIORI','1987-06-13 02:00:00',0,'24992523715','2022-09-27 17:37:44','2022-09-27 18:16:20'),(55,'3230291',3,'ANA CECILIA NEVES RAMALHETE','1998-11-23 02:00:00',0,'24992212459','2022-09-27 19:27:18','2022-09-27 21:50:50'),(56,'2243320',4,'LARISSA DA SILVA DO NASCIMENTO','1999-01-02 02:00:00',0,'75988810402','2022-09-28 20:56:53','2022-09-28 20:57:05'),(57,'3067600',3,'MURILO SOUZA PERICO','2019-11-29 02:00:00',0,'24993231294','2022-09-28 23:36:49','2022-09-28 23:36:49'),(58,'2472655',3,'ADRIANA NOGUEIRA GARCIA','1978-09-12 02:00:00',0,'24988157108','2022-09-29 01:32:49','2022-09-29 01:33:41'),(59,'2232699',4,'EDUARDO DE OLIVEIRA E OLIVEIRA','2005-01-10 02:00:00',0,'71991322244','2022-09-29 13:34:41','2022-09-29 19:40:07'),(60,'2669813',3,'DOUGLAS ZANELATTO CARNEIRO','1993-04-03 02:00:00',0,'24999409737','2022-09-29 22:42:55','2022-09-29 22:44:50'),(61,'2535147',3,'GABRIEL DA GAMA BARBOSA','2007-10-14 02:00:00',0,'21987694519','2022-10-01 19:35:34','2022-10-07 11:26:12'),(62,'2922555',3,'ISABELLA LOPES LOBIANCO','2018-07-17 02:00:00',0,'24999781993','2022-10-02 02:06:00','2022-10-02 02:08:06'),(63,'2457102',3,'NATASHA COUTINHO DA COSTA BRAGA','1986-04-03 02:00:00',0,'24988268174','2022-10-04 23:01:12','2022-10-04 23:03:34'),(64,'2250062',4,'MAITE DANIELE RENZ VIEIRA','1983-04-28 02:00:00',0,'71997394147','2022-10-05 00:51:56','2022-10-05 01:25:34'),(65,'920670',4,'FERNANDA MARIA CARTEADO LEAL DO NASCIMENTO','1982-02-14 00:00:00',0,'7135651941','2022-10-05 15:42:56','2022-10-05 15:43:47'),(66,'2250985',4,'CHARLENE QUEIROZ PEREIRA','1982-03-30 02:00:00',0,'77999626803','2022-10-05 16:45:48','2022-10-06 11:28:21'),(67,'2229034',4,'CRISTIANO SANTANA LEAO','1988-05-14 02:00:00',0,'71996019487','2022-10-06 12:54:19','2022-10-06 12:55:18'),(68,'2249395',4,'CLARA CUNHA RAMALHO','1996-02-14 02:00:00',0,'71988045428','2022-10-07 23:42:33','2022-10-07 23:43:43'),(69,'2244604',4,'YSIS VASCONCELOS DOS SANTOS','1984-02-06 02:00:00',0,'71999241611','2022-10-08 03:27:58','2022-10-08 03:31:40'),(70,'2544980',3,'MARCELO AUGUSTO PAIVA LIMA','2011-12-26 02:00:00',0,'24988299488','2022-10-08 19:56:31','2022-10-08 19:58:31'),(71,'2185102',4,'LAIZA MARCELE BISPO MENEZES','2003-07-22 02:00:00',0,'71993101746','2022-10-09 16:33:48','2022-10-09 16:35:32'),(72,'2250318',4,'RENATA LAGO E LEITE','1976-07-24 02:00:00',0,'73999720141','2022-10-10 15:54:42','2022-10-10 17:38:13'),(73,'3251419',3,'CATARINA DE LIMA E SILVA BORZINO','1980-09-22 02:00:00',0,'21988719885','2022-10-14 11:00:19','2022-10-15 09:01:50'),(74,'1862340',4,'ISABELA SOARES CARVALHO','1979-06-25 02:00:00',0,'71999339946','2022-10-16 22:49:35','2022-10-18 23:34:53'),(75,'443467',4,'ORLANDILSON SILVA DOS SANTOS','1976-03-12 00:00:00',0,'71988949050','2022-10-17 17:49:54','2022-10-17 17:50:56'),(76,'2674614',3,'LUIZA CAMPOS DE SOUZA','2017-05-29 02:00:00',0,'24988112247','2022-10-17 23:41:55','2022-10-17 23:42:51'),(77,'2251380',4,'MARIANA NOSSA ARAGAO','1987-09-22 02:00:00',0,'71999738060','2022-10-18 00:53:53','2022-10-18 08:59:27'),(78,'2259333',4,'FELIPE CUNHA LANDIM PEREIRA','1991-11-29 02:00:00',0,'71988658611','2022-10-18 14:29:48','2022-10-20 15:45:16'),(79,'1050417',4,'JOSE MELO MENDES DA SILVA JUNIOR','1984-12-11 02:00:00',0,'71991177547','2022-10-18 16:17:15','2022-10-19 18:28:05'),(80,'1254275',4,'THIAGO ALMEIDA SALES DIAS','1985-01-12 00:00:00',0,'7133956152','2022-10-18 23:17:44','2022-10-19 10:01:34'),(81,'732000',4,'TATIANE SANTOS DOS SANTOS','1976-08-04 02:00:00',0,'71987440962','2022-10-19 15:46:52','2022-10-21 14:54:16'),(82,'2212387',4,'SUZANA LIMA CONCEICAO E SILVA','1988-03-11 02:00:00',0,'79981418151','2022-10-20 00:27:03','2022-10-20 02:02:15'),(83,'2209487',4,'FABIANA OLIVEIRA DA SILVA','1993-11-07 02:00:00',0,'7534860118','2022-10-20 16:58:25','2022-10-20 17:00:25'),(84,'2176164',4,'RODRIGO CALAZANS DE ANDRADE','1983-03-12 02:00:00',0,'73991911003','2022-10-20 18:56:27','2022-11-12 01:29:55'),(85,'3404406',3,'ANA LUIZA AUGUSTO DE ABREU','1986-08-19 02:00:00',0,'24988826130','2022-10-21 10:04:52','2022-10-21 16:34:50'),(86,'2453689',3,'ELISANGELA DO CARMO CARDOSO REIS','1975-07-14 02:00:00',0,'24988026301','2022-10-22 14:11:00','2022-10-22 14:11:00'),(87,'1623744',4,'DIEGO MERCES DA CONCEICAO','1988-08-30 02:00:00',0,'71993780217','2022-10-24 18:29:41','2022-10-24 18:30:49'),(88,'1515750',4,'WILLIAM LUCAS LIMA DA SILVA','2015-05-04 02:00:00',0,'71997206640','2022-10-25 14:44:28','2022-10-25 14:45:03'),(89,'1877703',4,'LUCIANA CARVALHO DE MOURA BASTOS','1979-07-08 02:00:00',0,'71981940425','2022-10-25 22:21:06','2022-10-26 10:20:23'),(90,'777792',4,'VANESSA BONIN SEIXAS RAMOS','1984-11-30 02:00:00',0,'71999724964','2022-10-26 10:57:10','2022-11-14 12:32:47'),(91,'2255679',4,'MESSIAS DE OLIVEIRA SOARES','1984-09-10 02:00:00',0,'73981110313','2022-10-26 13:45:25','2022-10-26 13:48:39'),(92,'2603743',3,'DANIELE LIMA FARIAS','1986-11-13 02:00:00',0,'24988518502','2022-10-27 00:25:23','2022-11-13 18:11:51'),(93,'2255453',4,'FRANCISCO JOSE SOUZA GUIMARAES OLIVEIRA','1981-05-07 02:00:00',0,'71992429775','2022-10-27 11:48:01','2022-10-27 14:36:35'),(94,'2201848',4,'HOSANA OLIVEIRA DA SILVA','1994-05-04 02:00:00',0,'71996611878','2022-10-27 20:20:54','2022-10-27 22:04:25'),(95,'2523583',3,'CLEIDE LUCIA RAMOS ROBAINO','1970-01-13 02:00:00',0,'21985110285','2022-10-27 21:23:47','2022-10-28 11:06:10'),(96,'1307771',4,'PAULO ROGERIO SILVA DANTAS','1977-09-05 02:00:00',0,'71988305453','2022-10-28 22:50:06','2022-10-28 22:51:46'),(97,'2262165',4,'RODRIGO FERNANDES PINTO','1997-01-04 02:00:00',0,'31973257990','2022-10-31 12:45:08','2022-11-02 19:30:23'),(98,'2602388',3,'DIEGO CARDOSO DA SILVA','1989-10-12 02:00:00',0,'21991831771','2022-10-31 22:20:05','2022-10-31 22:21:40'),(99,'3408837',3,'RAFAELA DA MATTA ALENCAR DE SOUZA','1987-02-18 02:00:00',0,'21986022086','2022-11-01 01:30:54','2022-11-01 01:41:30'),(100,'2243298',4,'JOYCE DAIANE BARRETO RIBEIRO','1990-12-03 02:00:00',0,'21965680254','2022-11-01 23:20:06','2022-11-01 23:27:01'),(101,'2249497',4,'JULIANA TELES AZEVEDO','1981-08-07 02:00:00',0,'71992676978','2022-11-02 00:38:21','2022-11-02 06:33:07'),(102,'3410042',3,'MAIRA KNUPP TOLEDO COSTA','1988-05-09 02:00:00',0,'21965504691','2022-11-02 01:56:08','2022-11-02 15:54:50'),(103,'2203758',4,'DAVID QUEIROZ JUNIOR','1984-06-05 02:00:00',0,'71991622930','2022-11-03 00:04:40','2022-11-04 02:39:35'),(104,'2499969',3,'HERITON DE MIRANDA VIVEIROS','1982-09-20 02:00:00',0,'24981729174','2022-11-03 11:21:36','2022-11-03 20:17:50'),(105,'1500922',4,'LAICIA JESUS DE OLIVEIRA','1987-01-24 00:00:00',0,'71981587844','2022-11-04 04:59:02','2022-11-04 14:15:55'),(106,'1840317',4,'ALESSANDRA SILVA FLORES','1972-08-12 02:00:00',0,'71993761272','2022-11-04 10:49:34','2022-11-04 10:53:35'),(107,'2022282',4,'ISABELLE DOS ANJOS CARNEIRO','2019-12-26 02:00:00',0,'71993228081','2022-11-04 15:25:39','2022-11-04 15:26:15'),(108,'2246751',4,'MARTINA GUIMARAES PEREIRA','1988-03-04 02:00:00',0,'71987179406','2022-11-05 00:23:22','2022-11-05 01:06:56'),(109,'1593969',4,'MARINA VALOIS PIAUHY NASCIMENTO','2015-11-30 02:00:00',0,'74991103846','2022-11-05 02:12:12','2022-11-05 11:15:46'),(110,'2247283',4,'ANFRISIO XAVIER GOES NETO','1971-07-14 02:00:00',0,'73991417892','2022-11-06 09:25:00','2022-11-07 14:46:26'),(111,'3293122',3,'MARIA CELESTE LOURDES GONCALVES','2022-06-24 02:00:00',0,'24992559519','2022-11-06 10:11:31','2022-11-06 10:55:07'),(112,'2956101',3,'LARISSA BASTOS AFFONSO','1998-01-26 02:00:00',0,'24988083038','2022-11-07 01:16:07','2022-11-07 01:17:45'),(113,'2176375',4,'WLADMIR SANTANA SILVA','1983-07-14 02:00:00',0,'71999738554','2022-11-08 15:57:40','2022-11-08 15:58:30'),(114,'2266144',4,'VINICIUS FIALHO VIEIRA DE MELO','2005-11-25 02:00:00',0,'71991536373','2022-11-09 20:23:36','2022-12-23 19:15:42'),(115,'2538838',3,'DANIELLE JEANINE DA SILVA','1992-09-24 02:00:00',0,'24992710067','2022-11-10 00:39:13','2022-11-10 00:41:10'),(116,'2225401',4,'MARCELA DAIANE ANDRADE CLEOMENDES DOS SANTOS','1994-04-05 02:00:00',0,'71984001845','2022-11-11 11:07:26','2022-11-12 10:09:24'),(117,'2123138',4,'MARCUS ANTONIO KALIL MIRANDA','1974-07-25 02:00:00',0,'71992055507','2022-11-11 11:57:14','2022-11-11 11:57:53'),(118,'2104542',4,'HENZO GUILHERME MACHADO MOTA','2019-03-28 02:00:00',0,'75991588202','2022-11-11 17:01:36','2022-11-11 17:31:09'),(119,'3141676',3,'MIGUEL WOSYLUS CORTAZIO','2012-09-28 02:00:00',0,'24992466364','2022-11-12 00:33:52','2022-11-16 16:07:25'),(120,'2178323',4,'WILDSON TINOCO SENTO SE RIBEIRO','1970-08-11 02:00:00',0,'71981111036','2022-11-12 09:34:52','2022-11-28 08:43:51'),(121,'2243252',4,'LUCAS VALENTIM DE SOUZA','2003-05-15 02:00:00',0,'75991827981','2022-11-12 15:47:27','2022-11-12 15:47:27'),(122,'2256181',4,'FRANKLIN DOS REIS GUEDES','1975-04-28 02:00:00',0,'75992229860','2022-11-14 13:06:51','2022-11-14 20:15:44'),(123,'876620',4,'CRISTIANO BITENCOURT NETTO','1973-03-22 00:00:00',0,'71988569221','2022-11-14 20:17:46','2022-11-16 19:19:14'),(124,'869837',4,'BARBARA CRISTINA SAMPAIO SANTANA','1972-01-14 02:00:00',0,'71999057600','2022-11-15 12:38:38','2022-11-15 12:44:24'),(125,'2259213',4,'ALEXANDRE QUIRINO DA SILVA','1979-07-08 02:00:00',0,'74991980799','2022-11-15 14:49:06','2022-11-16 23:36:34'),(126,'2568046',3,'ANA CLARA FERNANDES DA SILVA MACHADO','2002-12-23 02:00:00',0,'24988360344','2022-11-16 11:01:44','2022-11-16 11:02:48'),(127,'2254285',4,'SUSIANE BENVINDO LIMA','1973-03-20 02:00:00',0,'71999893468','2022-11-16 19:29:12','2022-11-16 19:29:36'),(128,'2650655',3,'INGRIDE LOPES DUARTE','1997-08-02 02:00:00',0,'21964626231','2022-11-17 11:56:42','2022-11-17 11:57:40'),(129,'2268405',4,'ROBERTA SANTOS DE SANTANA BISPO','1982-03-04 02:00:00',0,'71988129380','2022-11-18 09:09:05','2022-11-18 11:27:12'),(130,'2184577',4,'RENATA LIMA MARINHO','1981-06-11 02:00:00',0,'75991649626','2022-11-19 10:49:50','2022-11-19 22:32:28'),(131,'3112442',3,'LEANDRO GONCALVES DA SILVA','1983-08-01 02:00:00',0,'2422353654','2022-11-21 11:04:12','2022-11-21 11:05:56'),(132,'1023173',4,'IRAGEL DE SOUZA DO NASCIMENTO','1975-05-15 02:00:00',0,'71983489834','2022-11-22 00:22:16','2022-11-22 00:24:46'),(133,'2458855',3,'KELLY CRISTINA DA SILVA PRADO BENEDICTO','1975-04-03 02:00:00',0,'21994070058','2022-11-22 17:50:18','2022-11-22 18:28:31'),(134,'2491578',3,'JULIA DE CARVALHO SOUZA COUTINHO','1993-03-23 02:00:00',0,'21998652916','2022-11-23 01:55:47','2022-11-23 01:59:51'),(135,'2497011',3,'ROBSON DA COSTA FERREIRA DA SILVA','1974-01-05 02:00:00',0,'24999467090','2022-11-23 09:31:42','2022-11-23 09:33:20'),(136,'2843403',3,'FABIANO PEREIRA BASTOS MARCHIORI','1971-06-15 02:00:00',0,'21976498250','2022-11-23 10:36:58','2022-11-23 10:37:26'),(137,'2504050',3,'BARBARA CHEHAB MARTINHO CAVALCANTI COSSA','1988-04-15 02:00:00',0,'24988541504','2022-11-23 12:18:26','2022-11-23 12:23:50'),(138,'2258778',4,'MARIA ROSIVANIA DOS SANTOS LEITAO SOUZA','1978-03-19 02:00:00',0,'71996981847','2022-11-24 15:08:40','2022-11-24 15:59:51'),(139,'2060784',4,'IAN ISALTINO DOS SANTOS','1995-01-22 02:00:00',0,'71992688192','2022-11-25 16:59:09','2022-11-26 01:12:12'),(140,'2254304',4,'MARIA CARLA DE SANTANA CASTRO','1988-03-12 02:00:00',0,'74988599001','2022-11-25 20:25:23','2022-11-27 02:10:03'),(141,'2265213',4,'LEANDRO PORTO DA LUZ','1985-09-08 02:00:00',0,'71986347375','2022-11-26 23:46:01','2022-11-26 23:48:23'),(142,'2253443',4,'ALMIRACI DE JESUS PEREIRA','1980-07-18 02:00:00',0,'71988599429','2022-11-29 00:28:38','2022-11-29 00:31:06'),(143,'2041237',4,'ANA CRISTINA SOUSA NASCIMENTO','1971-08-10 02:00:00',0,'71987982707','2022-11-29 13:34:42','2022-11-29 18:54:40'),(144,'2128320',4,'DAVID FERREIRA SANTOS','2012-12-11 02:00:00',0,'71986479763','2022-11-29 14:52:34','2022-11-29 18:34:27'),(145,'2673833',3,'ANA CLARA NOVAN FONTES','2004-06-30 02:00:00',0,'21987292982','2022-11-29 17:57:21','2022-11-29 18:10:00'),(146,'1899918',4,'JEFTE KAUAN SANTOS VIEIRA PEREIRA','2000-08-28 02:00:00',0,'7536342453','2022-11-30 15:27:09','2022-12-01 13:24:09'),(147,'2262591',4,'JULIA ANDRADE SILVEIRA SARTURI SERAFINI','1996-04-02 02:00:00',0,'71999121248','2022-12-01 23:47:17','2022-12-01 23:48:30'),(148,'3099074',3,'CLAUCIO JORGE DE JESUS CARVALHO','1990-04-22 02:00:00',0,'24988084012','2022-12-03 15:16:26','2022-12-03 15:22:19'),(149,'3405658',3,'BRYAN BORGES DE CASTRO','2020-07-07 02:00:00',0,'24992394801','2022-12-03 18:19:24','2022-12-03 18:19:24'),(150,'1077101',4,'MARIA SUZANA BASTOS DE SOUZA','1974-11-04 02:00:00',0,'71988089499','2022-12-03 20:18:22','2022-12-07 14:05:26'),(151,'929119',4,'WALNEY JESUS DA SILVA','2001-01-09 02:00:00',0,'71988717851','2022-12-05 13:28:26','2022-12-05 13:31:54'),(152,'1798396',4,'SIMONE PEREIRA DE ARAUJO','1986-04-16 02:00:00',0,'71985534820','2022-12-05 17:27:42','2022-12-06 08:29:25'),(153,'226881',4,'REBECA BANDEIRA BRAGA FERREIRA','1986-05-06 00:00:00',0,'71987131913','2022-12-05 18:02:29','2022-12-05 18:12:57'),(154,'2027734',4,'CLAUDIA SCARPINI','1982-05-02 02:00:00',0,'71981695777','2022-12-06 13:23:03','2022-12-06 13:24:06'),(155,'1487434',4,'FRANCISCO SANTOS DE MATOS','1985-06-24 02:00:00',0,'71992088927','2022-12-07 22:38:25','2023-01-18 01:13:50'),(156,'939612',4,'GUILHERME SANTOS DA SILVA','1982-01-09 02:00:00',0,'71988396795','2022-12-08 16:50:05','2022-12-08 20:24:58'),(157,'2262206',4,'ALEXANDRE SILVA DE SOUZA FILHO','2006-07-13 02:00:00',0,'71988570694','2022-12-09 10:56:07','2022-12-09 10:57:39'),(158,'2575806',3,'MAXSUEL DA SILVA FARIA','1992-05-02 02:00:00',0,'000000000','2022-12-09 17:22:14','2022-12-09 17:23:41'),(159,'2204260',4,'EDICLEIBE ARAUJO DE JESUS','1985-10-14 02:00:00',0,'75999757604','2022-12-09 21:07:20','2022-12-10 08:46:10'),(160,'903626',4,'LUZIA SILVA SANTOS RODRIGUES','1971-12-13 00:00:00',0,'71986665995','2022-12-12 16:37:50','2022-12-12 16:38:53'),(161,'1035427',4,'NAIANA NEVES LIMA','1999-01-27 02:00:00',0,'71988687548','2022-12-12 17:20:22','2022-12-12 20:24:04'),(162,'62073',4,'LUCIANA MARIA GOES COELHO DA CRUZ','1981-11-04 00:00:00',0,'71991774973','2022-12-12 17:23:49','2022-12-12 17:30:33'),(163,'3253759',1,'FERNANDA SIMOES DA SILVA','2001-08-31 02:00:00',0,'11981100556','2022-12-13 14:37:42','2023-02-06 00:53:26'),(164,'3253759',3,'FERNANDA SIMOES DA SILVA','2001-08-31 02:00:00',0,'11981100556','2022-12-13 15:05:45','2022-12-23 12:41:57'),(165,'2562662',3,'ADRIANA DAS NEVES ANDRADE','1976-07-17 02:00:00',0,'21998974056','2022-12-15 18:55:12','2022-12-15 18:56:20'),(166,'1833577',4,'LUCIANA CERQUEIRA LIMA','1979-11-20 02:00:00',0,'71985031105','2022-12-15 18:58:05','2022-12-15 21:17:28'),(167,'1320137',4,'MEIRE JAINE SOUZA SILVA SANTOS','1972-06-16 02:00:00',0,'71996874149','2022-12-18 21:28:01','2022-12-21 13:16:38'),(168,'2254256',4,'CARLOS ALBERTO DE OLIVEIRA FARIAS','1973-07-07 02:00:00',0,'71992987773','2022-12-20 12:32:34','2022-12-20 20:08:44'),(169,'2269289',4,'LARISSA DOS SANTOS ALVES','1999-03-31 02:00:00',0,'71982205511','2022-12-20 19:40:57','2022-12-20 19:42:10'),(170,'3425552',1,'RITIELLE APARECIDA CRUZ MADALENA','1996-10-24 02:00:00',0,'11986799378','2022-12-21 17:27:41','2022-12-21 17:39:57'),(171,'3220046',1,'THAIS CRISTINA MAGALHAES COSTA','1999-02-02 02:00:00',0,'11993221478','2022-12-21 17:51:02','2022-12-21 17:52:15'),(172,'3413036',1,'ITALO DAVEMPORT MENDES TAVARES','2008-03-31 02:00:00',0,'98991956127','2022-12-21 17:56:07','2023-02-15 00:44:54'),(173,'3006417',1,'DAIANE REGINA DORIGO ORTIZ','1982-10-26 02:00:00',0,'11974431314','2022-12-21 19:14:02','2022-12-21 19:14:58'),(174,'2204202',4,'JESSICA DOS REIS MENDES','1990-08-02 02:00:00',0,'71983093846','2022-12-21 21:58:11','2022-12-21 23:17:55'),(175,'2270238',4,'ALEXNALDO DE MELLO BARROS','1973-08-02 02:00:00',0,'75999189323','2022-12-22 13:55:17','2022-12-22 13:56:49'),(176,'442001',1,'YURI TAVARES BASTOS','1990-08-20 02:00:00',0,'11992153911','2022-12-22 15:29:11','2022-12-29 11:11:04'),(177,'3116321',1,'JOSE LUIZ DE CARVALHO GABURE','1983-02-08 02:00:00',0,'000000000','2022-12-23 11:55:56','2022-12-23 11:56:15'),(178,'3411135',1,'ANDREIA AKINA OTSUKA','1990-09-01 02:00:00',0,'11996513834','2022-12-23 11:58:56','2022-12-23 11:59:11'),(179,'3425237',1,'NUBIA MARCELA DE OLIVEIRA','1995-02-18 02:00:00',0,'000000000','2022-12-23 12:03:05','2022-12-23 12:03:21'),(180,'3059317',1,'FELIPE CALADO CHAGAS','1986-02-03 02:00:00',0,'11976777784','2022-12-23 12:08:49','2022-12-23 13:50:43'),(181,'3271799',1,'DEBORAH PEREIRA DOS SANTOS LESSA','1989-04-24 02:00:00',0,'21987004709','2022-12-23 12:24:40','2022-12-23 12:25:03'),(182,'3129986',1,'FLAVIA DE FREITAS PRADO OLIVEIRA','1982-04-23 02:00:00',0,'12988150131','2022-12-23 12:28:19','2022-12-23 12:57:21'),(183,'3423485',1,'DANIELA DE MATOS OLIVEIRA','1984-04-27 02:00:00',0,'11974456374','2022-12-23 12:37:11','2023-01-16 16:16:28'),(184,'1143842',1,'EVELYN FERNANDES DOS SANTOS','1982-09-30 02:00:00',0,'11985038515','2022-12-23 12:46:07','2022-12-23 20:13:07'),(185,'3411339',1,'LAVINIA VIEIRA COUTINHO','1999-01-27 02:00:00',0,'11986434008','2022-12-23 13:23:06','2022-12-23 13:23:22'),(186,'3237251',1,'PEDRO NAUM DE LIMA','2001-09-20 02:00:00',0,'11997296407','2022-12-23 13:26:36','2022-12-23 13:26:36'),(187,'788438',1,'CARLOS EDUARDO DOS SANTOS PINTO','1973-09-18 02:00:00',0,'11992918879','2022-12-23 13:31:16','2023-01-04 22:48:42'),(188,'1063425',4,'JADHER ASSUNCAO CAMBUI ALVES','1991-07-31 00:00:00',0,'7132353754','2022-12-23 20:51:37','2022-12-23 20:53:14'),(189,'1293865',4,'MARIA CLARA ARAUJO DOS SANTOS','2006-05-14 00:00:00',0,'71994138699','2022-12-24 04:36:26','2022-12-26 00:05:20'),(190,'3420516',1,'LILIAN KOVACEVIC PACHECO','1977-08-22 02:00:00',0,'11972794479','2022-12-24 14:16:55','2023-02-14 21:37:14'),(191,'974943',1,'GABRIEL PEREIRA GUERCIO','2001-04-15 02:00:00',0,'11963469181','2022-12-25 14:44:41','2022-12-25 14:45:13'),(192,'2268197',4,'DEBORA MORENO DE MOURA OLIVEIRA','1988-09-25 02:00:00',0,'71991341484','2022-12-26 11:24:10','2022-12-26 12:03:30'),(193,'2881337',1,'YULI ALVES DA SILVA','1993-09-10 02:00:00',0,'11975989929','2022-12-26 12:25:21','2022-12-26 12:53:31'),(194,'3426636',1,'BENTO VALENCA','2021-09-02 02:00:00',0,'000000000','2022-12-26 12:35:57','2022-12-26 12:35:57'),(195,'3051685',1,'ANA CAROLINA DE CARVALHO MARCELO','1976-09-11 02:00:00',0,'11945167609','2022-12-26 12:46:53','2022-12-26 13:20:40'),(196,'1152811',1,'HELENA FRAGOSO NATAL','2017-03-04 02:00:00',0,'11980778485','2022-12-26 12:57:14','2022-12-26 13:00:21'),(197,'435931',1,'BRUNO MONTICO COSTA','1997-02-05 02:00:00',0,'11989331010','2022-12-26 15:09:18','2022-12-26 16:15:53'),(198,'3120753',1,'FABIANA CARREIRA CAMARA','1974-11-17 02:00:00',0,'11920006900','2022-12-26 16:12:51','2022-12-26 21:33:22'),(199,'3426773',1,'BRIGIDA BARBI BARROS','1990-12-10 02:00:00',0,'11983861864','2022-12-26 19:03:21','2022-12-26 20:46:46'),(200,'763619',1,'ISAAC MATHEUS ARAUJO','2009-09-05 02:00:00',0,'11983281034','2022-12-26 19:29:10','2022-12-26 20:07:31'),(201,'929883',1,'JULIA LOBREGATTI ALMEIDA','2001-02-03 02:00:00',0,'11989202716','2022-12-26 20:23:46','2023-02-04 16:42:37'),(202,'3246142',1,'REGIS DA SILVA ANTONIO','1972-05-11 02:00:00',0,'11984580498','2022-12-27 00:15:07','2023-02-02 03:15:29'),(203,'3426602',1,'JULIA FRANCINE DE PAULA OLIVEIRA','1995-02-16 02:00:00',0,'000000000','2022-12-27 00:22:07','2022-12-28 00:10:25'),(204,'3264534',1,'BARBARA ARAGONI MORAES MARCHESANI','1978-11-14 02:00:00',0,'11996794423','2022-12-27 01:02:33','2022-12-28 00:22:20'),(205,'3419050',1,'FABIANE QUERO','1993-05-05 02:00:00',0,'19988124265','2022-12-27 09:55:51','2022-12-27 09:55:51'),(206,'2889804',1,'ALINE CAMPOS OKAMOTO','1995-02-03 02:00:00',0,'11984349946','2022-12-27 13:39:47','2022-12-27 14:08:15'),(207,'3427043',1,'LIVIA ANDRADE VERISSIMO DA ROSA','2009-09-04 02:00:00',0,'11994160242','2022-12-27 14:11:01','2022-12-28 13:51:08'),(208,'3221789',1,'ERICK DA SILVA XAVIER','1997-02-23 02:00:00',0,'11941275008','2022-12-27 15:39:55','2022-12-27 15:40:24'),(209,'3174599',1,'GABRIELA PEREIRA PAGANOTTO','1994-01-27 02:00:00',0,'51982600652','2022-12-27 19:47:06','2022-12-29 20:58:58'),(210,'3426996',1,'BRAIAN ROSENDO BARROS','2010-03-28 02:00:00',0,'11976756008','2022-12-27 20:26:57','2022-12-31 07:49:08'),(211,'2945528',1,'MARINA SANTUCCI SIGRIST','2018-08-04 02:00:00',0,'000000000','2022-12-27 21:08:03','2022-12-27 22:16:18'),(212,'920744',4,'LARISSA NICACIO ANDRADE BARROSO','2005-10-22 00:00:00',0,'71988143746','2022-12-27 21:53:15','2022-12-28 21:48:47'),(213,'3232482',1,'ANDRESSA FERNANDA ALVES FREITAS','1988-01-21 02:00:00',0,'11982384713','2022-12-27 22:36:11','2022-12-27 23:09:26'),(214,'3301563',1,'MARIA LUIZA MICUCCI EWALD','2021-09-28 02:00:00',0,'11991057900','2022-12-27 22:51:38','2022-12-29 23:56:55'),(215,'3427119',1,'JON KIM','1993-12-11 02:00:00',0,'11963070808','2022-12-27 23:14:00','2022-12-27 23:15:16'),(216,'379121',1,'ELIZANDRA ALVA DE SOUZA PARIZOTTO','1977-05-02 02:00:00',0,'11996796892','2022-12-27 23:31:38','2023-02-02 01:20:39'),(217,'3426206',1,'CAMILA PEREZ FERNANDEZ F GONCALVES','2005-04-04 02:00:00',0,'11953345046','2022-12-27 23:42:17','2022-12-28 00:26:38'),(218,'3427140',1,'GRASIELE SOUZA RONDINI','1986-05-10 02:00:00',0,'11973165640','2022-12-28 00:03:39','2022-12-28 00:07:33'),(219,'3194701',1,'CAUA FARIA CHINGOTTE','2008-03-05 02:00:00',0,'11983494843','2022-12-28 00:15:24','2022-12-28 02:56:09'),(220,'3427129',1,'OLIVIA ANTONIA DE AZEVEDO YAMANE','2021-11-28 02:00:00',0,'11953645237','2022-12-28 02:00:18','2022-12-30 22:14:13'),(221,'3264834',1,'YURI SHIMABUCO BAIMLER','2022-02-16 02:00:00',0,'11993627599','2022-12-28 02:18:52','2022-12-31 11:46:33'),(222,'3425774',1,'FELIPE HUGUENIN ROSEMBERG','2019-01-08 02:00:00',0,'11950221515','2022-12-28 10:15:38','2022-12-28 11:00:10'),(223,'811264',4,'HELENILTON MOTA DOS SANTOS','1976-03-15 02:00:00',0,'71987113987','2022-12-28 14:25:19','2022-12-28 14:28:20'),(224,'487594',1,'LIANA ROMANELLI FILLIETTAZ COELHO','1979-01-06 02:00:00',0,'11980442911','2022-12-28 14:36:58','2022-12-30 20:11:36'),(225,'3427363',1,'TEREZA FERNANDES JORDAO','2017-03-01 02:00:00',0,'11958524885','2022-12-28 19:05:08','2022-12-29 15:27:54'),(226,'3260037',1,'MANUELA GALBIATI FERRI DE ALMEIDA','2021-03-22 02:00:00',0,'000000000','2022-12-28 20:03:31','2022-12-29 20:14:05'),(227,'1709101',4,'TIARA GAMA DA SILVA SANTOS','1985-10-18 02:00:00',0,'71993863131','2022-12-28 22:26:06','2022-12-29 12:43:22'),(228,'3424896',1,'ESTER LEE','1986-06-20 02:00:00',0,'11998767406','2022-12-29 00:49:25','2022-12-29 00:53:34'),(229,'498707',1,'PATRICIA DA SILVA VAZ','1982-01-26 02:00:00',0,'11991170110','2022-12-29 02:54:45','2022-12-29 02:58:14'),(230,'1111243',1,'SERGIO EL ZOUKI MOURAD','1984-08-25 02:00:00',0,'11998339473','2022-12-29 03:58:07','2022-12-29 04:29:38'),(231,'3143666',1,'WELBIA SANTANA GOMES','1986-11-25 02:00:00',0,'92995001618','2022-12-29 08:14:31','2022-12-29 10:12:51'),(232,'1342671',4,'YAN LUCAS DE SANTANA SOUZA','2012-10-02 02:00:00',0,'71986291233','2022-12-29 10:38:44','2022-12-29 10:39:52'),(233,'1096826',1,'DEISE ALVES DOS SANTOS','1971-04-06 02:00:00',0,'11943486096','2022-12-29 13:40:50','2022-12-31 12:22:55'),(234,'1653200',4,'MARIA LUIZA SANTOS REIS','2016-09-21 02:00:00',0,'71992455279','2022-12-29 14:21:42','2022-12-29 14:22:28'),(235,'3244238',1,'LETICIA BUENO LEITE','1995-05-31 02:00:00',0,'11973494181','2022-12-30 04:16:14','2022-12-31 00:59:40'),(236,'1073937',1,'JULIANO JAMPIETRO','1984-10-07 02:00:00',0,'11988636786','2022-12-30 12:22:27','2022-12-30 12:22:27'),(237,'3427935',1,'JOAO SOUZA PAIVA','2022-12-01 02:00:00',0,'000000000','2022-12-30 21:49:15','2022-12-30 23:55:20'),(238,'3426993',1,'BEATRIZ LOPES BADIMON GALUCHINO','1996-10-24 02:00:00',0,'11964222735','2022-12-30 22:09:19','2023-01-05 22:54:45'),(239,'3427596',1,'ALESSANDRA LEAL BRAGA SAITO','1973-01-31 02:00:00',0,'000000000','2022-12-31 00:43:33','2023-01-12 22:29:05'),(240,'3267031',1,'EVELYN LAIS DOMINGOS DIAS','1989-03-16 02:00:00',0,'17981142467','2022-12-31 00:48:41','2023-01-25 01:09:18'),(241,'1052805',1,'PEDRO MITIDIERI DE CARVALHO','2007-03-15 02:00:00',0,'11991930042','2022-12-31 01:16:17','2022-12-31 22:20:19'),(242,'3051222',1,'LAURA VIEIRA MENDONCA','1974-05-22 02:00:00',0,'11981919949','2022-12-31 01:57:36','2022-12-31 01:58:54'),(243,'3428056',1,'HELENA DE SOUSA LIMA','2015-04-07 02:00:00',0,'11971581158','2023-01-01 01:17:36','2023-01-01 14:20:58'),(244,'861153',1,'PATRICIA CIBINEL ARGENTINO','1971-07-29 02:00:00',0,'000000000','2023-01-01 12:56:04','2023-01-09 14:31:55'),(245,'821187',1,'ADRIANO OLIVEIRA DE BRUM','1989-11-01 02:00:00',0,'51992003250','2023-01-01 22:04:02','2023-01-04 12:05:59'),(246,'755660',1,'SARA COUTINHO COSTA','2006-07-07 02:00:00',0,'11972270365','2023-01-01 23:36:38','2023-01-03 10:14:28'),(247,'3261381',1,'GABRIELA LEITE VICENTE DE AZEVEDO TOLEDO','1987-02-20 02:00:00',0,'000000000','2023-01-02 08:57:15','2023-01-02 10:23:21'),(248,'3427865',1,'CINTIA KIYOMI SHIRATORI','1998-04-15 02:00:00',0,'11981118536','2023-01-02 13:29:15','2023-01-03 00:07:59'),(249,'676304',1,'ELISEU RODRIGUES DA SILVA ALENCAR','1977-05-16 02:00:00',0,'11998868089','2023-01-02 13:46:48','2023-01-02 23:33:23'),(250,'3425247',1,'SAARHA MOREIRA AMORIM','2013-06-02 02:00:00',0,'11989261171','2023-01-02 16:14:53','2023-01-03 16:33:14'),(251,'3427975',1,'GIOVANNA ESTELA DOMINGUES PAES','2021-10-04 02:00:00',0,'11997196772','2023-01-02 16:35:38','2023-01-02 16:36:33'),(252,'642079',1,'CINTIA PEDRUSSIAN','1972-06-15 02:00:00',0,'11982593830','2023-01-02 17:37:23','2023-01-02 17:45:58'),(253,'3180552',1,'MARIANA ARCE VAZ','2018-10-14 02:00:00',0,'11975951515','2023-01-02 19:38:11','2023-01-02 22:47:25'),(254,'746512',1,'GUILHERME CAMPOS DE PONTES','1996-07-17 02:00:00',0,'000000000','2023-01-02 21:57:23','2023-01-03 18:33:21'),(255,'3134837',1,'AGATA MITSUE MINNITI CANDIDO DA SILVA','1987-12-06 02:00:00',0,'11949301343','2023-01-03 17:10:29','2023-01-30 10:39:51'),(256,'413008',1,'DANIEL LUIS MORENO','1985-12-11 02:00:00',0,'000000000','2023-01-03 19:14:42','2023-01-03 19:15:31'),(257,'863223',1,'ALINE ZELANTE CARUSO DOS SANTOS','1999-02-03 02:00:00',0,'981632702','2023-01-03 20:46:05','2023-01-06 15:46:45'),(258,'3411262',1,'CLAUDIANE SOARES RODRIGUES PITTOLI','1983-09-16 02:00:00',0,'11984128294','2023-01-03 20:49:53','2023-01-04 13:42:03'),(259,'3222608',1,'MARIANA LIMA DE OLIVEIRA','2021-12-03 02:00:00',0,'11982821452','2023-01-03 22:47:10','2023-01-03 22:54:25'),(260,'755420',1,'DAVI PAVON PORFIRIO','2007-11-04 02:00:00',0,'11996002161','2023-01-03 23:11:36','2023-01-04 02:26:50'),(261,'3026775',1,'JULIANA LEMOS DA SILVA','1978-09-26 02:00:00',0,'11979560600','2023-01-04 00:21:48','2023-01-04 00:26:12'),(262,'3427716',1,'MONICA GABRIELA TEIXEIRA S DE OLIVEIRA','1998-10-29 02:00:00',0,'11985570725','2023-01-04 00:57:39','2023-01-04 02:23:52'),(263,'3427846',1,'PEDRO ALBERTO CORTEZ','2002-07-30 02:00:00',0,'11941056092','2023-01-04 07:19:07','2023-01-04 08:50:37'),(264,'3428154',1,'TACIANA CRISTINA SILVA FERREIRA','1984-06-14 02:00:00',0,'11967877243','2023-01-04 11:09:40','2023-01-04 11:10:22'),(265,'3141142',1,'MILTON MARQUES AVELINO SANTOS','1980-07-28 02:00:00',0,'11963445497','2023-01-04 18:43:18','2023-01-04 18:45:07'),(266,'1082642',1,'CAIO MANSAN BARDELLI','1992-03-03 02:00:00',0,'11972263210','2023-01-04 21:29:46','2023-01-04 23:08:51'),(267,'3428582',1,'JULIANA KELY CAVALCANTI LUZ PENARANDA','1986-08-09 02:00:00',0,'000000000','2023-01-04 23:38:10','2023-01-06 19:53:35'),(268,'3251995',1,'ADALBERTO ROCHA','1971-11-21 02:00:00',0,'11947845259','2023-01-05 00:27:00','2023-01-05 02:10:55'),(269,'2942550',1,'ANA CLAUDIA DOS SANTOS YAMAGUCHI DE ALMEIDA','1989-08-28 02:00:00',0,'11974857052','2023-01-05 00:34:34','2023-01-05 11:06:18'),(270,'3301923',1,'MURILO BOTTENE TUNDISI','1988-06-17 02:00:00',0,'11940118588','2023-01-05 01:26:41','2023-01-06 12:39:24'),(271,'3415120',1,'BERNARDO ZORZE DE SOUZA','2015-05-02 02:00:00',0,'11983817327','2023-01-05 01:39:57','2023-01-05 10:18:21'),(272,'3428246',1,'AMANDA TAIS CAETANO DE LIMA','1987-07-02 02:00:00',0,'11958541481','2023-01-05 03:17:10','2023-01-05 03:19:43'),(273,'3131281',1,'TAMIRES VIALE PEREIRA','1988-01-14 02:00:00',0,'11986860305','2023-01-05 05:17:51','2023-01-05 20:42:24'),(274,'983195',1,'MARCELO SENA','1970-09-19 02:00:00',0,'11999628046','2023-01-05 08:26:11','2023-01-07 14:33:47'),(275,'3429241',1,'REBECA MARQUES DE SOUZA FRANCISCO','2022-12-29 02:00:00',0,'11959994563','2023-01-05 13:16:14','2023-01-07 08:03:56'),(276,'3429285',1,'MARIA CAROLINA RODRIGUES BASSO BIASI','1978-09-26 02:00:00',0,'11970849554','2023-01-05 19:24:32','2023-01-05 21:03:50'),(277,'3429144',1,'JOAO PEDRO LABADESSA DA SILVA','1996-02-15 02:00:00',0,'14996355995','2023-01-05 19:40:12','2023-01-05 21:08:06'),(278,'3194201',1,'CAROLINE SOARES DE CAMPOS','1996-11-12 02:00:00',0,'11943441310','2023-01-05 21:37:42','2023-01-07 14:29:26'),(279,'3279905',1,'LUCIANA FUHRICH BUFFARA MONTEIRO','1976-07-02 02:00:00',0,'11942888271','2023-01-05 22:39:01','2023-01-05 22:50:55'),(280,'760021',1,'EDUARDO SOARES DA COSTA','1984-11-05 02:00:00',0,'11971041419','2023-01-05 23:04:06','2023-01-07 11:27:02'),(281,'3415249',1,'VERUSKA PAIOLI DO NASCIMENTO','1986-02-24 02:00:00',0,'11939405004','2023-01-06 00:07:54','2023-01-07 02:52:46'),(282,'3429455',1,'LUCA DRUMOND MACHADO','2022-12-28 02:00:00',0,'31993651529','2023-01-06 00:33:04','2023-01-07 09:48:05'),(283,'3405988',1,'SORAIA OLIVEIRA REIS DOS SANTOS','1983-12-10 02:00:00',0,'11943733061','2023-01-06 01:04:02','2023-01-13 17:47:24'),(284,'3429336',1,'ARTHUR JUNIOR BERGANTINE MARIANO DIAS','2022-12-10 02:00:00',0,'11974736558','2023-01-06 01:10:22','2023-01-06 01:11:14'),(285,'3135496',1,'KELLY CHAGAS DE OLIVEIRA','1980-02-05 02:00:00',0,'11986860189','2023-01-06 07:20:29','2023-01-06 07:20:29'),(286,'3292932',1,'MARIAH THEODORO DA SILVA','1986-06-13 02:00:00',0,'11972238855','2023-01-06 12:42:04','2023-01-06 14:07:27'),(287,'3428272',1,'GABRIELA YAMAGUCHI ELIAS','2022-10-29 02:00:00',0,'11987829871','2023-01-06 14:05:26','2023-01-07 19:07:06'),(288,'3295378',1,'ADRIANA APARECIDA PIMENTA FIGUEIREDO','1973-11-06 02:00:00',0,'11981408408','2023-01-06 14:44:31','2023-01-07 02:38:35'),(289,'1085267',1,'TATIANA KOSMISKAS YASUDA','1977-01-03 02:00:00',0,'11980750309','2023-01-06 16:24:08','2023-01-08 03:05:41'),(290,'677758',1,'CLEITON DE ABREU CHIARI','1974-06-20 02:00:00',0,'11992521891','2023-01-06 16:34:03','2023-01-07 00:14:21'),(291,'3428918',1,'LEANDRO PARMIGIANI','1973-02-20 02:00:00',0,'11973005129','2023-01-06 19:55:44','2023-01-07 01:54:06'),(292,'2278904',4,'DANIEL GOMES PACHECO','1988-01-13 02:00:00',0,'71996315500','2023-01-06 20:30:40','2023-01-06 23:54:42'),(293,'3429173',1,'FERNANDA AYRES GOLDSTEIN SUCASAS','1977-08-02 02:00:00',0,'11944900208','2023-01-06 22:31:51','2023-01-07 00:11:30'),(294,'2279562',4,'GRACIANE ANUNCIACAO OLIVEIRA','1989-08-04 02:00:00',0,'11968630684','2023-01-07 01:46:39','2023-01-09 11:59:41'),(295,'3235019',1,'JESSIELI APARECIDA COUTO REIS','1999-02-25 02:00:00',0,'11947284265','2023-01-07 12:02:33','2023-01-07 13:47:43'),(296,'555281',1,'EDILENE DOS SANTOS','1981-04-20 02:00:00',0,'13988752747','2023-01-07 19:08:33','2023-02-03 03:34:18'),(297,'3271542',1,'ADALBERTO DE OLIVEIRA JUNIOR','1980-03-07 02:00:00',0,'13997281980','2023-01-07 19:18:59','2023-01-09 15:45:30'),(298,'3429951',1,'CINTIA GEORGE','1972-06-02 02:00:00',0,'11999916071','2023-01-07 23:35:30','2023-01-08 01:21:17'),(299,'3429974',1,'VALTER DOS SANTOS RODRIGUES','1974-07-12 02:00:00',0,'11997330647','2023-01-08 00:08:50','2023-02-06 23:08:04'),(300,'3020366',1,'EVANDRO ANDRADE COSTA','1993-05-26 02:00:00',0,'11977518529','2023-01-08 03:34:41','2023-01-08 13:28:37'),(301,'3430093',1,'GABRIELA COSTA DE CARVALHO','1998-08-30 02:00:00',0,'11976520053','2023-01-08 04:48:39','2023-01-08 04:49:37'),(302,'576039',1,'GUSTAVO VEIGA LAGO','1977-10-30 02:00:00',0,'11992599393','2023-01-08 07:24:02','2023-01-11 19:39:42'),(303,'3224867',1,'TATIANA LIMA SILVA','1982-02-26 02:00:00',0,'11954585757','2023-01-09 01:05:48','2023-01-13 13:03:34'),(304,'2995521',1,'ALEKS MARCUS SOARES PESSOA','2002-02-01 02:00:00',0,'11939361771','2023-01-09 01:54:12','2023-01-10 00:46:20'),(305,'3255829',1,'MARIA FERNANDA MORAIS LEITE SILVEIRA','1984-05-06 02:00:00',0,'11996907614','2023-01-09 01:55:14','2023-01-09 10:06:18'),(306,'775936',1,'ALESSANDRA DOS SANTOS SOARES','1981-03-15 02:00:00',0,'11999229760','2023-01-09 02:01:35','2023-01-10 01:12:20'),(307,'3415558',1,'GUSTAVO ENEMESIO SCHITZ DA COSTA','1992-08-19 02:00:00',0,'11992902574','2023-01-09 03:56:06','2023-01-11 03:06:08'),(308,'3429806',1,'MARIA DA CONCEICAO GONCALVES SANTIAGO','1973-08-24 02:00:00',0,'000000000','2023-01-09 08:45:35','2023-01-09 08:45:35'),(309,'3336669',1,'ROSANA CASTRO SILVA','1995-11-30 02:00:00',0,'11941621122','2023-01-09 14:34:12','2023-01-15 02:52:41'),(310,'740315',1,'JULIO CESAR IDALGO ARAUJO','2006-11-20 02:00:00',0,'11995879501','2023-01-09 14:36:36','2023-01-09 21:59:36'),(311,'2271448',4,'MARIA ROSA SANTOS','1979-05-24 02:00:00',0,'71991035236','2023-01-09 20:24:36','2023-01-10 14:08:13'),(312,'3430255',1,'RENAN AUGUSTO SOARES BRAGA','1988-02-24 02:00:00',0,'11991101413','2023-01-09 20:26:09','2023-01-12 13:47:33'),(313,'3429534',1,'KAUE SARAIVA CUNHA RODRIGUES DE JESUS','1988-07-11 02:00:00',0,'11953558869','2023-01-09 22:22:20','2023-01-09 22:24:29'),(314,'3430379',1,'GABRIELA APARECIDA SANTOS RODRIGUEZ','1997-10-06 02:00:00',0,'11994223220','2023-01-09 22:29:59','2023-01-09 22:33:09'),(315,'670854',1,'LUCIANA RIBEIRO DE ALMEIDA SILVA','1982-04-29 02:00:00',0,'11972340440','2023-01-09 22:50:33','2023-01-10 00:52:54'),(316,'3247655',1,'CASSIO KINEIPE DA COSTA','2001-03-22 02:00:00',0,'11947361013','2023-01-09 23:03:52','2023-01-10 03:26:49'),(317,'3405882',1,'CAIO EDUARDO DURAZZO','1975-02-07 02:00:00',0,'11971735293','2023-01-10 00:29:04','2023-01-10 00:31:12'),(318,'3108181',1,'ALDERLANDIO FREITAS ROLIM','1974-09-15 02:00:00',0,'000000000','2023-01-10 01:53:17','2023-01-10 02:39:40'),(319,'3429482',1,'LUIZ PHILLIP DE OLIVEIRA VITORINO','1985-02-23 02:00:00',0,'11982048824','2023-01-10 02:01:02','2023-01-10 02:02:19'),(320,'2886804',1,'DANIEL WASILENKO TREVIZOLLI COSTA','2017-07-17 02:00:00',0,'000000000','2023-01-10 06:14:54','2023-01-12 12:34:33'),(321,'557540',1,'PEDRO AUGUSTO DO NASCIMENTO','2007-09-12 02:00:00',0,'11997666340','2023-01-10 11:41:29','2023-01-10 11:45:31'),(322,'1105977',1,'LUCA CASTRO DE MOURA','2014-11-27 02:00:00',0,'11952802113','2023-01-10 13:05:08','2023-01-10 13:06:30'),(323,'1124458',1,'ROGERIO INACIO DA SILVA','1975-05-09 02:00:00',0,'11995143096','2023-01-10 15:29:55','2023-01-10 15:29:55'),(324,'3414846',1,'ANTONELLA DE OLIVEIRA ELISBAO','1978-09-19 02:00:00',0,'000000000','2023-01-10 18:37:00','2023-01-10 18:38:11'),(325,'1174416',1,'VICTORYA BETTINI DA SILVA','1994-10-17 02:00:00',0,'11994159576','2023-01-10 19:24:22','2023-01-10 22:43:31'),(326,'3262636',1,'ANA CAROLINA CRUZ FRIAS','1977-09-24 02:00:00',0,'11988212020','2023-01-10 19:28:07','2023-01-11 08:31:42'),(327,'751334',1,'MARCIRAJARA VIANA DE LIRA','1977-11-17 02:00:00',0,'11953591429','2023-01-10 20:55:21','2023-02-09 23:33:35'),(328,'3393509',1,'MARIANA FELTRIN RAGASSI','1981-12-22 02:00:00',0,'11982611791','2023-01-10 21:02:25','2023-01-10 21:06:10'),(329,'3201021',1,'GUSTAVO RAMOS DE OLIVEIRA','2004-03-03 02:00:00',0,'11952493878','2023-01-10 21:20:24','2023-01-10 21:21:31'),(330,'3430677',1,'RILDO SANTANA ECA','1977-01-12 02:00:00',0,'11983972595','2023-01-10 22:00:53','2023-01-10 22:03:19'),(331,'3429851',1,'JESSICA PINTER BIGOTTE','1993-01-06 02:00:00',0,'11971844671','2023-01-10 22:26:07','2023-01-10 22:27:50'),(332,'549725',1,'FERNANDA FERNANDES','1979-04-29 02:00:00',0,'000000000','2023-01-10 23:08:24','2023-01-10 23:09:30'),(333,'408524',1,'GUILHERME ALVES SAMPAIO','2003-01-17 02:00:00',0,'000000000','2023-01-10 23:38:26','2023-01-11 13:57:28'),(334,'1018970',1,'VANESSA ABLONDI FERREIRA JARDIM','1983-11-08 02:00:00',0,'11987795258','2023-01-11 00:09:21','2023-01-11 14:48:14'),(335,'1139160',1,'GABRIEL AUGUSTO JARDIM DE SIQUEIRA','2001-12-22 02:00:00',0,'12988251680','2023-01-11 00:11:57','2023-02-02 00:15:49'),(336,'2959298',1,'LILIAN ALEXANDRINO RIOS','1991-08-29 02:00:00',0,'11982579650','2023-01-11 00:32:37','2023-02-03 20:31:03'),(337,'3288953',1,'LAIS DA SILVA RIBEIRO CARDEIRA','1988-05-21 02:00:00',0,'11942185669','2023-01-11 01:19:18','2023-01-11 02:07:01'),(338,'654787',1,'DANIELE MOIER ROSSATO','1979-01-31 02:00:00',0,'11982602931','2023-01-11 01:31:59','2023-01-20 13:19:03'),(339,'3429507',1,'HELLOIZA FELICIA BEZERRA','1988-10-04 02:00:00',0,'11993703528','2023-01-11 01:34:42','2023-01-13 03:11:03'),(340,'1012294',1,'LIGIA VASCONCELOS TORRES','1981-03-26 02:00:00',0,'11995934564','2023-01-11 02:12:24','2023-01-12 13:34:14'),(341,'1109903',1,'FABIANA RIZZI','1975-04-30 02:00:00',0,'11999139202','2023-01-11 02:27:49','2023-01-12 09:35:12'),(342,'998966',1,'MARIA GABRIELA DUAILIBI JUNDI','1991-12-08 02:00:00',0,'11967795334','2023-01-11 08:20:44','2023-01-15 03:23:14'),(343,'3430941',1,'LUCAS DIB STRAZZERI','1988-10-30 02:00:00',0,'11974353010','2023-01-11 08:41:15','2023-01-11 08:42:21'),(344,'968085',1,'PAMELLA ARAUJO','1996-11-21 02:00:00',0,'11994250110','2023-01-11 09:08:40','2023-01-14 22:53:49'),(345,'3221286',1,'AMANDA MARTINEZ CORREA E SA','2001-03-31 02:00:00',0,'11992660272','2023-01-11 09:12:26','2023-01-11 11:17:17'),(346,'3404032',1,'FABRICIO RUFINO DE SOUZA','2018-01-26 02:00:00',0,'11983150246','2023-01-11 09:43:37','2023-01-11 11:50:40'),(347,'3404846',1,'MARIA JULIA NOGUEIRA S TIBAES BISPO','1980-03-11 02:00:00',0,'000000000','2023-01-11 10:04:29','2023-01-13 00:20:55'),(348,'895638',1,'FATIMA CASOTTI E SILVA','2012-07-31 02:00:00',0,'11995849304','2023-01-11 12:03:40','2023-01-11 12:04:31'),(349,'621660',1,'LUCIANE REGINA FERREIRA','1975-12-28 02:00:00',0,'11988940540','2023-01-11 12:49:18','2023-01-13 18:21:49'),(350,'616057',1,'GIOVANNA ZUCCHINI RONDINI','1992-03-27 02:00:00',0,'11969811521','2023-01-11 12:53:18','2023-01-12 13:05:53'),(351,'3405388',1,'FABIANA GISELE DE MORAES SANTOS','1979-01-16 02:00:00',0,'11975906369','2023-01-11 13:40:01','2023-01-13 22:36:44'),(352,'3430897',1,'EDUARDO ALEXANDRE GUIMARAES ALMEIDA','1990-07-27 02:00:00',0,'11996177110','2023-01-11 13:40:08','2023-01-12 10:46:43'),(353,'994371',1,'LUCIANO DE PADUA FERREIRA MAIA','1988-05-16 02:00:00',0,'11992200084','2023-01-11 16:06:12','2023-01-11 16:07:21'),(354,'3200460',1,'HUMBERTO PORTO BENEDITO','2019-06-12 02:00:00',0,'11993847361','2023-01-11 18:47:05','2023-01-12 11:17:02'),(355,'435843',1,'ANA CLAUDIA WICHER CAMARGO','1986-07-03 02:00:00',0,'000000000','2023-01-11 18:55:53','2023-01-12 01:00:57'),(356,'3430812',1,'FELIPE BONSI CHECOLI','1980-06-28 02:00:00',0,'11988838328','2023-01-11 20:48:34','2023-01-11 21:09:12'),(357,'863042',1,'DANIELA UTROU HERREIRA','1978-06-15 02:00:00',0,'11976762967','2023-01-11 22:14:56','2023-01-11 22:15:54'),(358,'3431141',1,'RAFAEL NUNES PANTAROTTO','1989-07-24 02:00:00',0,'11957738283','2023-01-11 22:53:09','2023-01-18 16:58:01'),(359,'3430127',1,'CAMILA BARNABA HERNANDES','1986-07-09 02:00:00',0,'11995879509','2023-01-11 23:25:11','2023-01-12 10:28:57'),(360,'3428632',1,'GILBERMARIO DA SILVA DE LIRA','1978-09-06 02:00:00',0,'14998258005','2023-01-11 23:35:04','2023-01-12 01:58:58'),(361,'423320',1,'FERNANDO FERREIRA AGEA','1972-07-29 02:00:00',0,'11982241815','2023-01-12 01:23:41','2023-01-12 08:43:33'),(362,'3430815',1,'FABIANI LOPES','1976-10-15 02:00:00',0,'11967219924','2023-01-12 01:54:00','2023-01-12 10:48:24'),(363,'589939',1,'CAROLINA ROSSETTI BOCALAO','2008-06-26 02:00:00',0,'11976658102','2023-01-12 02:02:59','2023-01-12 02:06:22'),(364,'3280523',1,'SILVANA MARIA MENDES','1970-04-04 02:00:00',0,'61981373344','2023-01-12 03:23:54','2023-01-12 10:58:44'),(365,'3274670',1,'RENE DANTAS','1979-06-04 02:00:00',0,'11981605626','2023-01-12 03:35:52','2023-01-12 18:06:03'),(366,'1171223',1,'LUCAS HENRIQUE WALDNER LEITE','2015-11-04 02:00:00',0,'000000000','2023-01-12 03:41:25','2023-01-12 03:49:32'),(367,'3430880',1,'PATRICIA CRISTINA DE LIMA','1990-10-25 02:00:00',0,'11964251330','2023-01-12 07:24:54','2023-01-12 07:26:52'),(368,'915853',1,'CAMILA VIEIRA LOVERDOS','1986-03-03 02:00:00',0,'11999930028','2023-01-12 08:11:53','2023-01-12 16:53:47'),(369,'3274246',1,'ANNA CAROLINA DI CREDDO ALVES','1979-09-10 02:00:00',0,'000000000','2023-01-12 12:09:11','2023-02-03 20:01:55'),(370,'3431379',1,'CLAUDIA MAIA','1984-08-23 02:00:00',0,'11994782166','2023-01-12 13:01:28','2023-01-12 13:03:33'),(371,'3261644',1,'PERICLES EVANGELISTA PAIXAO MAKITA','1988-03-05 02:00:00',0,'11999842749','2023-01-12 13:04:06','2023-01-15 00:42:16'),(372,'2248294',4,'KEYLA SANTOS DO BOMFIM','1974-09-16 02:00:00',0,'71987113326','2023-01-12 15:23:30','2023-01-13 10:06:48'),(373,'3150793',1,'ROBSON ALVES DOS SANTOS','1970-01-11 02:00:00',0,'11983422244','2023-01-12 15:57:28','2023-01-12 18:12:20'),(374,'2982540',1,'ALBERTO RIBEIRO DE NOVAES','1975-11-05 02:00:00',0,'11984596260','2023-01-12 16:31:27','2023-01-12 22:28:05'),(375,'3202646',1,'ANA ALICE BALDASSARINI ROCHA','2021-03-19 02:00:00',0,'11971144240','2023-01-12 17:13:08','2023-01-13 12:07:18'),(376,'2260210',4,'ALINE COELHO DE SANTANA','1976-07-16 02:00:00',0,'7132336330','2023-01-12 17:18:23','2023-01-12 17:27:20'),(377,'3297477',1,'ANA LUIZA BARROS SAMPAIO AMARAL','1996-10-18 02:00:00',0,'11951966416','2023-01-12 18:31:56','2023-01-12 23:44:46'),(378,'3431471',1,'ANDRE LUIZ MESSIAS PINTO','1976-10-31 02:00:00',0,'11975059862','2023-01-12 18:57:35','2023-01-13 00:36:34'),(379,'1017106',1,'ANA JULIA COPPOLA','2009-01-03 02:00:00',0,'999162521','2023-01-12 18:59:59','2023-01-12 22:06:23'),(380,'3036282',1,'CAMILA LEONARDO DE ARAUJO','1988-03-17 02:00:00',0,'11964271512','2023-01-12 19:32:02','2023-01-12 19:36:33'),(381,'3417147',1,'MARCUS VINICIUS RIZZO SILVA','1988-11-06 02:00:00',0,'11947288121','2023-01-12 20:02:35','2023-02-14 22:00:46'),(382,'2278588',4,'EMARINE SOUZA OLIVEIRA SANTOS','1977-08-18 02:00:00',0,'77991358082','2023-01-12 22:26:02','2023-01-30 22:30:05'),(383,'3038799',1,'ANDREIA LUCIANA SOUZA ARRUDA','1979-12-11 02:00:00',0,'11986326573','2023-01-12 23:15:44','2023-01-14 21:31:55'),(384,'416379',1,'BEATRIZ PALAVERI MACHADO','2004-12-13 02:00:00',0,'11984748480','2023-01-12 23:42:36','2023-01-12 23:47:43'),(385,'3267249',1,'VERONICA GUILHEM ALVES','1983-09-14 02:00:00',0,'11933308177','2023-01-13 00:21:50','2023-01-13 00:25:23'),(386,'3431694',1,'ANDREA MARIA ASSUMPCAO COSTA','1975-11-29 02:00:00',0,'000000000','2023-01-13 00:48:22','2023-01-13 01:00:03'),(387,'3238104',1,'THIAGO SAMPAIO CASTILHO','1987-04-25 02:00:00',0,'11947152204','2023-01-13 01:12:48','2023-01-13 03:37:04'),(388,'1122844',1,'LUCIMARA DA COSTA SANTOS BERNADINI','1981-07-23 02:00:00',0,'11982414410','2023-01-13 01:15:30','2023-01-14 12:47:56'),(389,'3430924',1,'ARTHUR AOKI REIS','2013-05-07 02:00:00',0,'16982169090','2023-01-13 02:08:06','2023-01-18 01:23:51'),(390,'372272',1,'FELIPE BELLAMEO CESENA','1984-06-14 02:00:00',0,'11992957851','2023-01-13 02:51:41','2023-01-31 16:32:04'),(391,'668642',1,'AGATHA ALVES DE ARAUJO','2003-03-11 02:00:00',0,'11996297770','2023-01-13 09:11:27','2023-01-13 17:26:44'),(392,'3431304',1,'LETICIA GRACIOSO CAPEL','1988-08-27 02:00:00',0,'11963356415','2023-01-13 09:45:02','2023-01-13 22:03:14'),(393,'1126648',1,'DANIEL DE OLIVEIRA BARIZAN','1995-09-03 02:00:00',0,'11985025899','2023-01-13 09:46:55','2023-01-13 14:41:14'),(394,'3431156',1,'CAROLLINE DIAS DE CARVALHO','2002-03-06 02:00:00',0,'119997847659','2023-01-13 10:17:37','2023-01-13 10:19:44'),(395,'3431512',1,'YASMIM FERNANDES LOUREIRO','1998-01-16 02:00:00',0,'000000000','2023-01-13 11:27:01','2023-01-13 11:27:01'),(396,'1119553',1,'BRUNO DE CASTRO ORLANDO','1997-06-02 02:00:00',0,'11941368700','2023-01-13 13:27:07','2023-01-20 23:30:24'),(397,'1996372',4,'ANDRESSA DE CARVALHO COUTINHO','1998-09-04 02:00:00',0,'71991294388','2023-01-13 15:12:12','2023-01-13 15:14:54'),(398,'3412481',1,'CINTIA REGINA VILLARES','1975-09-10 02:00:00',0,'11974765873','2023-01-13 15:20:13','2023-01-13 17:48:15'),(399,'677649',1,'ISABEL CRISTINA DA SILVA A PEREIRA','1981-04-16 02:00:00',0,'11970985080','2023-01-13 16:22:43','2023-01-15 23:18:08'),(400,'500605',1,'GLENDA CRISTINA RODELLA DA SILVA','1979-11-19 02:00:00',0,'11991667725','2023-01-13 17:27:50','2023-01-13 18:14:24'),(401,'3406431',1,'CARLOS HENRIQUE SANTANA SOARES','2018-05-27 02:00:00',0,'11959290356','2023-01-13 17:54:36','2023-01-13 17:58:04'),(402,'3431625',1,'JAQUELINE ALMEIDA BARBOSA','1986-06-02 02:00:00',0,'11982286134','2023-01-13 18:07:56','2023-01-18 20:28:27'),(403,'3128578',1,'ISABELLA COSTA','2001-02-03 02:00:00',0,'11968406016','2023-01-13 18:47:41','2023-01-14 00:28:15'),(404,'864102',1,'CILENE RODRIGUES','1982-07-04 02:00:00',0,'17991797926','2023-01-13 18:59:59','2023-01-20 00:53:42'),(405,'3358885',1,'ALEXANDRE FERNANDES PALAIA','1985-02-26 02:00:00',0,'11953855555','2023-01-13 19:01:03','2023-01-13 21:36:16'),(406,'3252493',1,'RAWAA ASAF','1977-03-08 02:00:00',0,'11982210022','2023-01-13 19:21:09','2023-01-14 00:08:05'),(407,'813468',1,'MARCELO AZEVEDO DE LIMA','1973-05-21 02:00:00',0,'11985256689','2023-01-13 21:34:19','2023-01-20 13:44:39'),(408,'3409786',1,'TEO DOMINGUES TEIXEIRA','2022-08-11 02:00:00',0,'000000000','2023-01-13 23:19:03','2023-01-14 11:36:42'),(409,'3431913',1,'ARTUR MARTINELLI EUSTAQUIO TEMPESTA','2011-05-24 02:00:00',0,'119963820032','2023-01-13 23:25:51','2023-01-14 14:18:35'),(410,'3431254',1,'FRANCISCO MAYALL MAIA','2018-05-02 02:00:00',0,'21983812992','2023-01-13 23:49:26','2023-01-13 23:51:14'),(411,'1132375',1,'JULIA GALATTE POURRAT','2016-02-12 02:00:00',0,'11988766826','2023-01-14 01:27:47','2023-01-14 09:18:05'),(412,'1120474',1,'ROSILENE CAETANO EUGENIO ROMEU','1972-03-26 02:00:00',0,'11960331624','2023-01-14 02:30:56','2023-01-14 23:09:46'),(413,'1134919',1,'JACINTA SANTANA FERNANDES DE SOUZA','1984-03-12 02:00:00',0,'11946919145','2023-01-14 08:21:15','2023-01-14 08:22:05'),(414,'2250617',4,'OSMAR SANTOS SILVA','1973-02-17 02:00:00',0,'71991060080','2023-01-14 10:50:37','2023-01-15 11:45:44'),(415,'3430783',1,'NAYARA DE SANTANA ANDRADE','1982-12-01 02:00:00',0,'11983767855','2023-01-14 12:46:55','2023-01-14 15:19:22'),(416,'3104930',1,'MIGUEL AUGUSTO VITORELLI DE ARAUJO','2020-08-19 02:00:00',0,'11981215198','2023-01-14 14:20:47','2023-01-16 17:04:50'),(417,'3432088',1,'DANIELA ALVES PEREIRA MACHADO','1972-02-12 02:00:00',0,'24988251202','2023-01-14 14:39:16','2023-01-14 19:18:12'),(418,'1165109',1,'RENATA CHRISTINA DA MOTTA MERTHAN','1973-12-31 02:00:00',0,'18996346488','2023-01-14 15:00:02','2023-01-15 01:09:19'),(419,'3429066',1,'LUIZ EDUARDO DE OLIVEIRA BARBOSA','1994-09-20 02:00:00',0,'11941377025','2023-01-14 15:43:02','2023-01-14 19:15:15'),(420,'3313235',1,'RITA DE CASSIA CAMILO DOS SANTOS','1980-02-27 02:00:00',0,'11973979875','2023-01-14 15:59:54','2023-01-17 17:00:29'),(421,'2914186',1,'MARCELO CANALDA BOUVIER','1978-07-12 02:00:00',0,'11999989979','2023-01-14 16:16:11','2023-01-14 21:04:02'),(422,'3140222',1,'NATHAN CAVALCANTI PEREIRA FARINHA','1992-07-13 02:00:00',0,'11995824952','2023-01-14 16:21:07','2023-01-16 16:20:00'),(423,'3432038',1,'GISLENE ANDREA MACHADO','1976-03-25 02:00:00',0,'000000000','2023-01-14 17:00:55','2023-01-14 17:02:36'),(424,'3431695',1,'ANA KELE ALMEIDA DA SILVEIRA','1987-03-31 02:00:00',0,'11965038535','2023-01-14 17:41:13','2023-01-14 22:56:32'),(425,'3431550',1,'DANILCA RODRIGUES GALDINI','1977-09-27 02:00:00',0,'11997886016','2023-01-14 18:49:17','2023-01-16 15:45:08'),(426,'2965858',1,'MICHELLE CRISTINE DE MIRANDA CUOCO','1975-12-02 02:00:00',0,'11998820007','2023-01-14 22:07:54','2023-01-15 03:38:23'),(427,'2897712',1,'LAYZZA DE PAULA','1993-11-20 02:00:00',0,'11994831333','2023-01-14 23:35:38','2023-01-15 02:37:55'),(428,'3432094',1,'TATIANA VIEIRA LIMA','1993-04-04 02:00:00',0,'11992019597','2023-01-14 23:55:30','2023-01-15 11:55:56'),(429,'1098963',1,'ELOISE REZENDE CARDOSO','1982-07-24 02:00:00',0,'11998022424','2023-01-15 01:06:50','2023-01-15 01:08:16'),(430,'3420447',1,'INARA SOUSA SANTOS','1985-12-21 02:00:00',0,'11998381275','2023-01-15 03:07:15','2023-01-15 03:08:16'),(431,'1168623',1,'LIVIA PERRELLI ATTUY','1983-05-08 02:00:00',0,'11991521037','2023-01-15 08:30:44','2023-01-15 23:57:37'),(432,'3432259',1,'JHONATA RAMOS BEZERRA','1998-12-08 02:00:00',0,'11964330351','2023-01-15 15:43:42','2023-01-15 15:44:02'),(433,'1122373',1,'GASTONE SABINO TENORIO LINS','1986-04-21 02:00:00',0,'82996805339','2023-01-15 16:15:43','2023-01-20 00:23:08'),(434,'1603621',4,'LAYS MAGALHAES MELO','1992-05-08 02:00:00',0,'71999488284','2023-01-15 17:28:21','2023-01-16 21:26:28'),(435,'676811',1,'ANA LUCIA ESCUDEIRO','1971-06-04 02:00:00',0,'11983446029','2023-01-15 21:17:54','2023-02-15 17:36:17'),(436,'3431521',1,'DIEGO CIRELLI','1988-02-16 02:00:00',0,'12981818475','2023-01-16 01:41:26','2023-01-16 22:58:28'),(437,'3432270',1,'IRINEU BORGHI FILHO','1970-02-20 02:00:00',0,'000000000','2023-01-16 02:05:30','2023-01-16 07:40:56'),(438,'3432184',1,'MILENE VIDAL DOS SANTOS CUNHA','1980-05-06 02:00:00',0,'11996212236','2023-01-16 02:05:33','2023-01-16 10:29:07'),(439,'3043057',1,'CICERA ITANIA PATRICIO','1979-07-02 02:00:00',0,'11947964315','2023-01-16 02:30:10','2023-01-17 00:36:46'),(440,'2911165',1,'MARIANA MARI OGAU','1991-02-27 02:00:00',0,'11973918852','2023-01-16 02:49:34','2023-01-21 16:11:04'),(441,'3278607',1,'FERNANDO MINDLIN SERSON','1971-05-19 02:00:00',0,'11996235508','2023-01-16 08:35:21','2023-01-17 17:33:11'),(442,'2969779',1,'LAURA FERRER MATEUS DOS SANTOS','2007-05-18 02:00:00',0,'1137433522','2023-01-16 14:10:58','2023-01-16 14:11:48'),(443,'679486',1,'ANA PAULA CASSALE VIEGAS FERREIRA','1970-01-01 02:00:00',0,'11992974876','2023-01-16 16:52:51','2023-02-15 16:52:55'),(444,'3432368',1,'LARISSY DOS SANTOS MESQUITA','2000-03-21 02:00:00',0,'11966436370','2023-01-16 19:59:06','2023-01-19 14:20:44'),(445,'3432402',1,'THIAGO VASCONCELOS DA SILVA','1992-12-27 02:00:00',0,'11959648297','2023-01-16 20:13:54','2023-01-16 20:14:38'),(446,'3432361',1,'HELENA COSMO MACHADO NETTO','2019-02-17 02:00:00',0,'21993717709','2023-01-16 21:00:11','2023-01-16 21:01:18'),(447,'891629',1,'MIRIAM CRISTINE DA COSTA STEFANELLO','1983-07-02 02:00:00',0,'11982091994','2023-01-16 21:21:55','2023-01-17 13:01:12'),(448,'1063062',1,'JULIA KEMPINSKI CONSORTE','2005-02-13 02:00:00',0,'11999753327','2023-01-16 22:34:37','2023-01-27 12:42:12'),(449,'3432520',1,'GUILHERME FLORIO','1974-09-25 02:00:00',0,'1126416684','2023-01-16 22:51:02','2023-01-16 22:51:58'),(450,'3432676',1,'RICARDO CASTILHO DA SILVA','1986-07-07 02:00:00',0,'11986872682','2023-01-16 23:10:22','2023-01-16 23:13:58'),(451,'3290954',1,'ANGELICA APARECIDA BARRETO DAVID','1976-07-20 02:00:00',0,'11971481130','2023-01-17 00:47:23','2023-01-20 15:23:43'),(452,'2927239',1,'THAMIRIS PIMENTA CARVALHO','1998-04-13 02:00:00',0,'38999857290','2023-01-17 01:03:39','2023-01-17 16:29:19'),(453,'3432027',1,'FLAVIA PEREIRA BARBOSA','1984-12-08 02:00:00',0,'11982221101','2023-01-17 01:10:32','2023-01-17 01:11:34'),(454,'3432670',1,'ADILSON RODRIGUES','1976-11-01 02:00:00',0,'12991921684','2023-01-17 01:41:26','2023-01-17 01:45:55'),(455,'672537',1,'BRUNA DA SILVEIRA CENEVIVA','1988-10-23 02:00:00',0,'11954881177','2023-01-17 01:47:13','2023-01-23 16:52:36'),(456,'3432591',1,'LUANA MARIA DA SILVA','1989-04-19 02:00:00',0,'11980139314','2023-01-17 02:10:36','2023-01-18 17:03:20'),(457,'3432009',1,'ROGERIO SOARES DE SOUZA','1974-07-19 02:00:00',0,'11981422874','2023-01-17 02:55:21','2023-01-17 18:24:40'),(458,'3432621',1,'CAROLINA ESCUDEIRO MAILARO','2007-04-02 02:00:00',0,'000000000','2023-01-17 03:37:07','2023-01-22 10:44:34'),(459,'1077358',1,'MAURICIO GABRIELE','1977-01-26 02:00:00',0,'11981381166','2023-01-17 04:37:24','2023-01-18 01:07:26'),(460,'2896190',1,'ARTHUR HENRIQUE BESERRA VERISSIMO','2015-01-01 02:00:00',0,'11983966256','2023-01-17 04:54:11','2023-01-17 04:56:39'),(461,'2944376',1,'ISABEL SILVA MENDES SIEBRA','1991-10-04 02:00:00',0,'11967480923','2023-01-17 08:29:21','2023-01-17 20:31:40'),(462,'3299949',1,'DAYSE ALVES DA SILVA','1999-06-05 02:00:00',0,'000000000','2023-01-17 09:15:35','2023-01-17 17:26:12'),(463,'748243',1,'CLEBER CASSIANO DO AMARAL','1978-07-14 02:00:00',0,'11983613587','2023-01-17 10:17:31','2023-01-24 11:17:57'),(464,'893714',1,'ELAINE SANTORO RODRIGUES','1972-12-28 02:00:00',0,'11972217900','2023-01-17 10:42:29','2023-01-17 14:22:05'),(465,'678878',1,'RENATA APARECIDA DA SILVA FICO','1988-01-10 02:00:00',0,'11972981253','2023-01-17 18:41:10','2023-01-17 22:33:44'),(466,'667819',1,'MAGDA FELICIANO NOGUEIRA','1972-10-20 02:00:00',0,'11995073511','2023-01-17 19:23:38','2023-01-22 02:41:05'),(467,'3016161',1,'BRUNA DE OLIVEIRA SOARES','1988-09-21 02:00:00',0,'11983980554','2023-01-17 19:51:14','2023-01-18 05:28:00'),(468,'961254',1,'FABIANA DANIELA ELIAS MARAIA','1982-05-31 02:00:00',0,'11947217748','2023-01-17 20:04:47','2023-01-17 23:54:15'),(469,'411196',1,'KATIA FIDELIS MOREIRA','1977-12-07 02:00:00',0,'11981353546','2023-01-17 20:15:10','2023-01-18 11:20:30'),(470,'3431723',1,'REGIANE MARQUES RODRIGUES','1974-01-16 02:00:00',0,'000000000','2023-01-17 20:30:07','2023-01-17 20:43:46'),(471,'1100545',1,'ISABELLA MONTEIRO TITO','2007-07-18 02:00:00',0,'11968291576','2023-01-17 21:08:55','2023-01-17 21:10:00'),(472,'3415079',1,'LORENA DE OLIVEIRA BIAJONE','2020-11-04 02:00:00',0,'11975536571','2023-01-17 22:34:11','2023-01-18 08:35:27'),(473,'3432302',1,'BENICIO ALEO DE OLIVEIRA','2022-02-07 02:00:00',0,'11959121649','2023-01-17 22:44:06','2023-01-18 12:05:14'),(474,'479642',1,'LAURA DE CAMARGO PALMA','2006-10-06 02:00:00',0,'11991200303','2023-01-17 22:45:05','2023-01-22 18:44:41'),(475,'3432492',1,'SOPHIA SCAQUETTI RIBEIRO','2011-01-14 02:00:00',0,'11998092233','2023-01-17 22:55:33','2023-01-20 13:07:07'),(476,'867479',1,'FERNANDA ARAUJO DA COSTA','1999-12-25 02:00:00',0,'966249158','2023-01-18 00:05:29','2023-01-18 13:51:20'),(477,'3432930',1,'MARIANA RAMOS ALVES','1996-10-04 02:00:00',0,'11992577078','2023-01-18 00:09:26','2023-01-20 08:31:03'),(478,'3432601',1,'HELOISA TAVARES PATERNIANI','2014-12-31 02:00:00',0,'11995705640','2023-01-18 00:34:35','2023-01-22 21:49:04'),(479,'3431804',1,'JAMILLE GOMES BRITO','1991-06-02 02:00:00',0,'11989045719','2023-01-18 01:21:34','2023-01-18 02:01:50'),(480,'3433028',1,'MATEUS PALARO MARQUES','1994-12-22 02:00:00',0,'11996093253','2023-01-18 01:38:21','2023-01-19 03:04:54'),(481,'853992',1,'MARIA CECILIA MARTINES DE OLIVEIRA RIOS','1981-07-06 02:00:00',0,'000000000','2023-01-18 01:40:08','2023-01-18 01:43:29'),(482,'3432564',1,'RODRIGO DA SILVA MINELLO','1980-08-31 02:00:00',0,'11981952536','2023-01-18 01:49:03','2023-01-18 01:50:19'),(483,'3242209',1,'CAMILA CRISTO SALES','1987-02-12 02:00:00',0,'11968998779','2023-01-18 02:09:34','2023-01-18 02:26:13'),(484,'606415',1,'FELIPE JORDANI','1984-12-20 02:00:00',0,'11973906503','2023-01-18 02:30:26','2023-01-19 20:05:01'),(485,'693039',1,'SERGIO MARCELO CARVALHO','1976-04-27 02:00:00',0,'11986668849','2023-01-18 04:32:16','2023-01-18 13:42:28'),(486,'3432593',1,'ISABELA GOMES DE ALMEIDA','1995-06-13 02:00:00',0,'11949799262','2023-01-18 08:52:08','2023-01-18 08:54:10'),(487,'785216',1,'CRISTIANE FERES ALVES','1974-11-12 02:00:00',0,'11992214646','2023-01-18 09:11:24','2023-01-18 09:12:50'),(488,'3418872',1,'ADRIANA MAUES DA COSTA MATTAR','1974-09-19 02:00:00',0,'91981467377','2023-01-18 09:46:50','2023-01-18 09:48:00'),(489,'3432953',1,'MANUELA PIZZOLANTE MORGADO','2008-03-15 02:00:00',0,'000000000','2023-01-18 10:59:57','2023-01-20 23:53:58'),(490,'1118251',1,'ANA CAROLINA ROCHA NAVILLI','1991-10-14 02:00:00',0,'11993631350','2023-01-18 13:34:51','2023-01-18 22:50:20'),(491,'2251902',4,'LIVIA MEURELE PEREIRA SANTOS','1988-07-19 02:00:00',0,'73981582100','2023-01-18 13:39:28','2023-01-19 12:22:42'),(492,'670753',1,'NICOLE DE GASPARI','1999-06-26 02:00:00',0,'11992516411','2023-01-18 17:21:15','2023-01-18 20:52:20'),(493,'3433124',1,'MARCUS VINICIUS CHISCO','1974-03-15 02:00:00',0,'11950353355','2023-01-18 17:21:27','2023-01-18 17:38:41'),(494,'3052749',1,'MARIA LETICIA DA COSTA ROCHA','1974-10-26 02:00:00',0,'11991650968','2023-01-18 17:26:32','2023-01-18 21:55:11'),(495,'880067',1,'STELLA NORCIA RESENDE','1983-03-25 02:00:00',0,'11982417456','2023-01-18 17:57:10','2023-01-18 22:22:14'),(496,'966984',1,'MARIA CLEVERLEIDE ARAUJO SOUZA','1972-03-23 02:00:00',0,'11992097687','2023-01-18 19:17:05','2023-01-18 23:44:21'),(497,'2968513',1,'CATARINA DE OLIVEIRA DA SILVA','2017-12-24 02:00:00',0,'11999611099','2023-01-18 21:56:19','2023-01-19 02:37:37'),(498,'3432950',1,'CELIA JANE ENGELMANN','1973-04-15 02:00:00',0,'11989122813','2023-01-18 22:00:39','2023-01-20 01:12:07'),(499,'3432931',1,'ALICE DORATIOTTO CAZZO','2013-03-06 02:00:00',0,'000000000','2023-01-18 22:44:31','2023-01-18 22:45:10'),(500,'3195621',1,'ALI ABDULAH','2020-01-25 02:00:00',0,'11963445538','2023-01-18 23:03:39','2023-01-19 21:36:52'),(501,'3433252',1,'LUCIANA MIYUKI ROCHA MORITA','1984-08-16 02:00:00',0,'11964741800','2023-01-18 23:29:05','2023-01-20 22:39:03'),(502,'2265894',4,'ITAMARA CERQUEIRA','1983-05-16 02:00:00',0,'71997080091','2023-01-18 23:34:46','2023-01-19 13:59:41'),(503,'1148019',1,'WILLIAM PAULO RODRIGUES FERREIRA JUNIOR','1979-02-26 02:00:00',0,'11940106493','2023-01-19 00:19:38','2023-01-21 05:52:34'),(504,'3421720',1,'LUCAS GORAYEB MELO','1995-02-20 02:00:00',0,'000000000','2023-01-19 01:25:38','2023-01-19 02:05:51'),(505,'3432330',1,'ALINE BUENO RIBEIRO','2003-04-25 02:00:00',0,'11999017361','2023-01-19 01:30:13','2023-01-23 19:54:57'),(506,'3139665',1,'LUCAS CORTEGOSO CEZAR','1991-08-08 02:00:00',0,'11989396005','2023-01-19 03:18:47','2023-01-21 07:51:14'),(507,'3422644',1,'ESTELA MARIA LEONE LONGO','2016-04-12 02:00:00',0,'11976234331','2023-01-19 08:02:35','2023-01-19 15:57:48'),(508,'821648',1,'LUCIANA BELEZA MARQUES','1984-09-04 02:00:00',0,'11985630904','2023-01-19 08:07:41','2023-01-19 12:47:54'),(509,'3433424',1,'FABRICIA BOHRER DE MORAES','1984-10-04 02:00:00',0,'15981168142','2023-01-19 09:06:30','2023-01-19 11:10:32'),(510,'2876491',1,'ALICE CARDENAS RODRIGUES','2018-06-24 02:00:00',0,'11942140644','2023-01-19 11:46:51','2023-01-19 21:26:24'),(511,'929787',1,'NATALIA LIE SASAKI','1982-11-18 02:00:00',0,'11960813638','2023-01-19 12:30:17','2023-01-20 03:19:12'),(512,'497894',1,'LIGIA DE LIMA CHERON GALLARDO','1983-09-26 02:00:00',0,'000000000','2023-01-19 12:45:46','2023-01-19 23:10:42'),(513,'3144530',1,'VANESSA LIMA PEREIRA','1991-03-11 02:00:00',0,'000000000','2023-01-19 12:57:45','2023-01-21 02:34:34'),(514,'3433413',1,'CESAR ZUCCHI DELICATO','2013-09-16 02:00:00',0,'000000000','2023-01-19 14:33:18','2023-01-19 19:31:10'),(515,'3433467',1,'EDER RAMOS NEVES','1986-02-06 02:00:00',0,'11945182178','2023-01-19 15:42:45','2023-01-19 15:45:11'),(516,'1035092',1,'BRUNNA RIBEIRO GIOIA AMORIM','2009-09-16 02:00:00',0,'11995403731','2023-01-19 16:29:26','2023-01-19 18:29:19'),(517,'996670',1,'BRUNO NEVES GOMES DE FARIA','1984-05-12 02:00:00',0,'11996474720','2023-01-19 16:49:36','2023-01-20 02:13:44'),(518,'3145189',1,'ADRIANO ULPRIST','1977-02-04 02:00:00',0,'11940080757','2023-01-19 20:20:07','2023-01-19 20:21:22'),(519,'382299',1,'LUCIANA COBRA GOMES PEREIRA','1977-02-02 02:00:00',0,'11988485372','2023-01-19 21:40:23','2023-02-02 03:44:59'),(520,'3085738',1,'MAMEDE PATRICIO NASCIMENTO','1982-01-16 02:00:00',0,'11985110203','2023-01-19 21:57:27','2023-01-20 04:13:47'),(521,'3433432',1,'HELOISE DA SILVA','1998-08-25 02:00:00',0,'11987130864','2023-01-19 23:07:56','2023-01-20 02:26:33'),(522,'3433513',1,'LUCIANA CARDILLO VIEIRA BINDO','1979-08-15 02:00:00',0,'000000000','2023-01-19 23:36:58','2023-01-20 10:38:05'),(523,'949207',1,'ANDRESSA MOSCARDO ABRANTES','1978-08-04 02:00:00',0,'11996367621','2023-01-19 23:50:43','2023-01-19 23:51:42'),(524,'1053586',1,'ALEXSANDRO MACEDO','1974-10-14 02:00:00',0,'11985347527','2023-01-19 23:57:21','2023-01-20 11:35:49'),(525,'1147393',1,'MARIA LUIZA DOS SANTOS FONSECA','2001-04-27 02:00:00',0,'11992666886','2023-01-20 00:47:06','2023-01-20 13:22:43'),(526,'3433361',1,'KARLA CHELI KANASAWA','1976-12-12 02:00:00',0,'11994529840','2023-01-20 00:59:57','2023-01-20 03:19:42'),(527,'1122224',1,'ESTELE YUMI ODO TOLEDO DE BARROS','2004-09-03 02:00:00',0,'11991626647','2023-01-20 02:21:37','2023-01-20 22:22:14'),(528,'3250127',1,'ISABELA MATSUKUMI DA COSTA','1999-03-19 02:00:00',0,'1143237688','2023-01-20 02:42:06','2023-01-20 09:30:34'),(529,'3431960',1,'FLAVIO MENEZES DOS SANTOS','1979-02-15 02:00:00',0,'11995871232','2023-01-20 03:12:51','2023-01-20 12:34:26'),(530,'3143904',1,'ANA MARINA MAGALHAES BARATA','1992-06-27 02:00:00',0,'34999708555','2023-01-20 11:17:52','2023-01-20 14:37:53'),(531,'3427718',1,'EDUARDO FRATESCHI','1979-03-11 02:00:00',0,'11986848750','2023-01-20 11:34:13','2023-01-20 11:36:03'),(532,'2524952',1,'THALITA DOS SANTOS RAMOS','1993-08-06 02:00:00',0,'000000000','2023-01-20 11:55:04','2023-01-20 11:55:52'),(533,'1145843',1,'DAVI SIMOES BASILIO','2017-02-16 02:00:00',0,'11992747709','2023-01-20 13:29:21','2023-01-21 17:40:45'),(534,'3433431',1,'RENATA MICHELLE PERES MARQUES','1978-05-04 02:00:00',0,'11940100882','2023-01-20 14:48:38','2023-01-20 19:07:57'),(535,'3430764',1,'GIULIA KOZERSKI SEVERO','2004-01-12 02:00:00',0,'11966216922','2023-01-20 15:39:27','2023-01-28 18:47:03'),(536,'3433899',1,'PEDRO STEFANOW FERREIRA CABRAL','2011-10-15 02:00:00',0,'11983898268','2023-01-20 16:51:11','2023-01-20 21:27:05'),(537,'3433617',1,'FABIO GENARO','1974-09-15 02:00:00',0,'11962272070','2023-01-20 19:44:37','2023-01-21 02:00:40'),(538,'3433848',1,'ANGELICA DE GIORGE JESUS NETO','1986-11-03 02:00:00',0,'000000000','2023-01-20 20:43:50','2023-01-23 00:26:18'),(539,'555655',1,'MARIA FERNANDA ALTOMANI PIMENTEL CRAVO','2005-12-10 02:00:00',0,'11991788897','2023-01-20 21:13:51','2023-01-21 08:50:06'),(540,'586826',1,'ROSIANA MEDEIROS','1971-02-25 02:00:00',0,'11988254629','2023-01-20 21:50:58','2023-01-20 21:54:03'),(541,'3434009',1,'RUCAIA ABDUL RAZZAK EL HASSAN','1972-02-12 02:00:00',0,'11976030444','2023-01-20 23:53:45','2023-01-27 16:28:21'),(542,'3434049',1,'ISABOH HAYACHIDA LENSI','2007-04-04 02:00:00',0,'000000000','2023-01-21 00:35:48','2023-01-23 12:17:54'),(543,'3284086',1,'WILLIAM COUTO GONCALVES RIBEIRO','1984-09-18 02:00:00',0,'11996074478','2023-01-21 01:10:16','2023-01-21 16:07:44'),(544,'3433575',1,'IZADORA FERNANDA DA SILVA LIMA','1993-07-11 02:00:00',0,'000000000','2023-01-21 02:16:08','2023-01-21 11:44:24'),(545,'817932',1,'LUCIENE MARTINS DE FARIAS SCHNEIDER','1975-01-29 02:00:00',0,'11999364303','2023-01-21 10:34:54','2023-01-24 09:28:59'),(546,'3433727',1,'LEON CORREIA DA SILVA','2007-01-11 02:00:00',0,'11987684516','2023-01-21 10:51:00','2023-01-30 11:52:03'),(547,'3434141',1,'MADISON PAUL RENGNEZ','1987-08-21 02:00:00',0,'11950918380','2023-01-21 14:37:23','2023-01-21 14:38:04'),(548,'3406702',1,'GUSTAVO SANTOS DE ANDRADE','2004-10-05 02:00:00',0,'73988314299','2023-01-21 16:12:49','2023-01-21 23:57:00'),(549,'3434157',1,'LAWRENCE GOMES BERGER','1977-07-05 02:00:00',0,'11997274412','2023-01-21 16:14:43','2023-01-21 16:15:54'),(550,'3434139',1,'THEON MARTIN GALLBACH KADOCSA','2018-10-02 02:00:00',0,'11975768807','2023-01-21 16:59:38','2023-01-21 17:00:24'),(551,'3434186',1,'GISLAINE TONETTI MARTINI','1971-10-14 02:00:00',0,'000000000','2023-01-21 18:36:50','2023-01-24 11:27:05'),(552,'3434244',1,'ARTHUR PARASKEVOPOULOS GOMES','2022-08-26 02:00:00',0,'11980393131','2023-01-21 19:42:40','2023-01-24 22:20:18'),(553,'3217133',1,'JOAO VITOR ANDRADE NOGUEIRA DANTAS','2004-04-20 02:00:00',0,'86988460830','2023-01-21 20:58:21','2023-01-22 09:13:51'),(554,'3430387',1,'ALESSANDRA TANIGAKI LOPES','1981-05-14 02:00:00',0,'11987634085','2023-01-21 21:49:05','2023-01-21 21:50:44'),(555,'3434251',1,'TATIANA BEZERRA DE ARAUJO GALVES','1982-10-05 02:00:00',0,'000000000','2023-01-21 22:30:58','2023-02-04 03:02:51'),(556,'870066',1,'SIMONE REGINA CARVALHO FABRE','1981-03-13 02:00:00',0,'11980630460','2023-01-21 22:37:32','2023-01-21 22:43:04'),(557,'3404587',1,'TAYANNE GALO DELBONI','1988-11-12 02:00:00',0,'000000000','2023-01-21 22:48:01','2023-01-22 14:17:58'),(558,'714361',1,'BEATRIZ GARANITO DE LA CROCE CALABRIA','2008-09-10 02:00:00',0,'11943691439','2023-01-21 22:55:57','2023-01-22 11:57:14'),(559,'3433649',1,'MARIANE AMBROSIO ADAMI','2006-10-07 02:00:00',0,'11947322845','2023-01-21 23:30:52','2023-01-27 10:18:52'),(560,'3420103',1,'SANDRO APARECIDO VIRGOLINO','1970-04-11 02:00:00',0,'11994368330','2023-01-22 01:08:41','2023-01-22 01:11:35'),(561,'3434380',1,'LUCAS MACEDO GARABETTI ALVES','1994-09-07 02:00:00',0,'11991624919','2023-01-22 09:14:52','2023-01-22 09:20:05'),(562,'3434163',1,'FREDERICO MONTANHA DE LIMA','1982-08-19 02:00:00',0,'13991886204','2023-01-22 12:56:35','2023-01-24 01:03:31'),(563,'1372210',4,'CLAUDIA SANTOS DE ARAUJO CORREIA','1981-04-23 02:00:00',0,'71997315428','2023-01-22 18:51:24','2023-01-23 15:04:13'),(564,'3371585',1,'THALES ROMERO BOMFIM','2022-03-09 02:00:00',0,'11969317519','2023-01-22 19:40:51','2023-01-27 20:25:52'),(565,'3287795',1,'JASMINE DIAS MORET DA CRUZ','2022-05-18 02:00:00',0,'11995536858','2023-01-22 19:50:05','2023-01-25 17:15:50'),(566,'751383',1,'MAURICIO RENSO ZIMIANI','1976-11-20 02:00:00',0,'11996164500','2023-01-22 23:06:55','2023-01-25 01:50:48'),(567,'1077110',4,'LILIAN DE ALMEIDA CHAVES CARVALHO','1978-05-04 00:00:00',0,'71988101478','2023-01-23 01:25:05','2023-01-25 16:08:27'),(568,'997162',1,'DENIS NOFFS JUNIOR','1974-09-05 02:00:00',0,'11984483031','2023-01-23 03:27:49','2023-01-23 11:42:26'),(569,'630275',1,'FABIANA ANITA ZIONI RE PIELLUSCH','1976-04-30 02:00:00',0,'000000000','2023-01-23 04:01:46','2023-01-23 04:04:06'),(570,'827273',1,'VICTORIA FRANCA DE SANT ANNA','1998-01-30 02:00:00',0,'1191942624','2023-01-23 05:11:54','2023-01-29 11:34:54'),(571,'3434452',1,'EDUARDO LUIS CAMPOS LIMA','1985-01-03 02:00:00',0,'000000000','2023-01-23 05:29:19','2023-02-14 10:07:01'),(572,'936919',1,'JAKELYN ORTIZ PIMENTEL','1981-08-06 02:00:00',0,'11999898856','2023-01-23 11:20:51','2023-01-24 02:45:38'),(573,'1513357',4,'MARCIA CRISTINA QUADROS DOS REIS BRASILEIRO','1976-03-12 02:00:00',0,'71988542924','2023-01-23 12:06:00','2023-01-23 23:14:07'),(574,'3200008',1,'MATHEUS DE ARAUJO BREDA GARCIA','2020-03-17 02:00:00',0,'11999604327','2023-01-23 16:40:27','2023-01-23 16:41:06'),(575,'1584993',4,'AMANDA MELO DOS SANTOS','1991-04-01 00:00:00',0,'7132148961','2023-01-23 18:17:49','2023-01-24 21:17:39'),(576,'3434485',1,'LUIZ OTAVIO FOGACA MIRANDA','1995-05-07 02:00:00',0,'15996088858','2023-01-23 18:59:50','2023-01-23 19:01:17'),(577,'2005821',4,'ANA PAULA SANTOS BARRETO','1978-09-23 02:00:00',0,'71992421656','2023-01-23 19:35:52','2023-02-04 17:32:00'),(578,'3184659',1,'MARIA EMILIA DE FRANCA ALVES','1989-02-14 02:00:00',0,'11990097002','2023-01-23 19:47:36','2023-01-24 19:26:58'),(579,'3434490',1,'LUCAS AUGUSTO CAVICHIOLI','1985-04-07 02:00:00',0,'11986233465','2023-01-23 20:18:04','2023-01-24 07:34:59'),(580,'3434109',1,'MARINA BELLOTTO GOMES','2003-07-16 02:00:00',0,'000000000','2023-01-23 22:09:39','2023-01-24 15:29:02'),(581,'3201335',1,'LIZ KAMMERS YANG','2020-11-05 02:00:00',0,'48996712037','2023-01-23 22:45:57','2023-01-24 19:48:19'),(582,'687396',1,'JULIA ALVES DE OLIVEIRA','2010-01-28 02:00:00',0,'11986018074','2023-01-23 22:53:36','2023-01-23 22:54:29'),(583,'116830',4,'VANESSA MUTTI DE CARVALHO MIRANDA','1979-06-24 02:00:00',0,'77991405515','2023-01-23 23:19:10','2023-01-24 13:23:42'),(584,'3433374',1,'IRACEMA CAMPOLONGO','1970-01-20 02:00:00',0,'11957803360','2023-01-23 23:29:15','2023-01-24 12:29:48'),(585,'3434639',1,'KELLY VANESSA P DA SILVA ASSUNCAO','1988-12-17 02:00:00',0,'000000000','2023-01-24 00:43:15','2023-01-25 01:25:37'),(586,'3434254',1,'ANA PAULA RODRIGUES DE MORAES SANTOS','1987-12-15 02:00:00',0,'11956530400','2023-01-24 02:02:48','2023-01-24 21:42:18'),(587,'3434900',1,'ANDERSON GALENO BENEDITO','1983-07-14 02:00:00',0,'11910229137','2023-01-24 02:14:30','2023-01-24 02:19:27'),(588,'3274530',1,'MUNIR LIMA ABDUL RAHMAN','2011-11-11 02:00:00',0,'000000000','2023-01-24 02:45:50','2023-01-28 17:32:42'),(589,'1449825',1,'THAIS FALCHI MAGALHAES FERNANDES','1978-06-29 02:00:00',0,'000000000','2023-01-24 03:29:26','2023-01-25 00:11:36'),(590,'3192492',1,'RENE FERNANDO SOARES RAMIREZ','1984-03-23 02:00:00',0,'11972336031','2023-01-24 03:33:59','2023-01-24 04:38:07'),(591,'623875',1,'BRUNO PEREIRA T CAVALCANTE DE SOUZA','2008-02-14 02:00:00',0,'6981519000','2023-01-24 05:10:44','2023-01-29 03:26:14'),(592,'3434888',1,'PAULO HENRIQUE BARROSO MENEZES','1981-08-08 02:00:00',0,'11911333939','2023-01-24 05:26:30','2023-01-25 02:07:28'),(593,'2990872',1,'LUCAS KENZO FUJITA ORTEGA','2018-10-18 02:00:00',0,'11992377567','2023-01-24 08:25:33','2023-01-24 08:28:58'),(594,'2920520',1,'LUCAS FENTANES MACHADO','1996-06-29 02:00:00',0,'11971527012','2023-01-24 08:30:07','2023-01-24 10:37:28'),(595,'3434914',1,'KENNY ROGER DE CARVALHO','1983-09-05 02:00:00',0,'1120108317','2023-01-24 08:33:51','2023-01-24 08:34:58'),(596,'3421349',1,'KAREN TAMY NAKA','1978-03-14 02:00:00',0,'12996018895','2023-01-24 09:00:14','2023-01-24 09:01:18'),(597,'3420355',1,'MARIA DE FATIMA RODRIGUES LOPES','1970-08-15 02:00:00',0,'11998048081','2023-01-24 09:13:10','2023-01-24 09:14:57'),(598,'3175969',1,'VITOR FERREIRA PIRES','1997-09-16 02:00:00',0,'11988988497','2023-01-24 09:25:28','2023-01-24 21:07:59'),(599,'3285394',1,'MARINA FERNANDES CAPELLI','1979-03-24 02:00:00',0,'11994430338','2023-01-24 12:36:49','2023-01-24 12:39:11'),(600,'3120642',1,'CAMILA AGOSTINHO','1979-06-05 02:00:00',0,'11968427666','2023-01-24 13:15:52','2023-01-24 22:21:58'),(601,'427600',1,'VICTORIA DA CUNHA GUIMARAES','1998-10-06 02:00:00',0,'11985643114','2023-01-24 15:11:47','2023-01-24 23:08:24'),(602,'3435014',1,'ALEXANDRE SALLUM BULL','1982-01-25 02:00:00',1,'000000000','2023-01-24 15:19:35','2023-01-24 21:11:58'),(603,'1029226',4,'VILARD SANTOS MELO','1981-04-03 02:00:00',0,'71997325847','2023-01-24 15:20:34','2023-01-24 15:21:29'),(604,'1044446',1,'GUILHERME FERNANDES PARRA','1990-06-22 02:00:00',0,'000000000','2023-01-24 15:56:13','2023-01-24 15:56:49'),(605,'3423608',1,'VITOR GABRIEL DO NASCIMENTO PARREIRA','2009-06-09 02:00:00',0,'11995264551','2023-01-24 17:02:42','2023-01-24 17:06:08'),(606,'3257032',1,'PAMELLA BARROS DE MELO','1993-02-08 02:00:00',0,'91980996666','2023-01-24 17:49:44','2023-01-24 17:53:38'),(607,'3214132',1,'RAFAEL YUDI NAKAMURA','2020-12-19 02:00:00',0,'11974110989','2023-01-24 18:06:47','2023-01-24 21:32:48'),(608,'1183856',1,'CLAUDIA DE CARVALHO BRAULIO','1973-01-09 02:00:00',0,'11984656192','2023-01-24 18:18:42','2023-01-26 13:07:41'),(609,'1066748',1,'THIAGO GOMES MARTINS FERREIRA','1983-12-17 02:00:00',0,'11949419880','2023-01-24 19:25:37','2023-01-24 19:48:48'),(610,'3434968',1,'LILIAN KLUKIENVCZ DA SILVA','1986-08-09 02:00:00',0,'11992003752','2023-01-24 19:51:46','2023-01-24 19:56:08'),(611,'2923015',1,'MAYARA FERNANDA GOMES LIMA','1988-04-23 02:00:00',0,'11960458442','2023-01-24 20:27:22','2023-01-25 02:54:54'),(612,'570300',1,'RAFAEL ANTONIO MYAWAKI','1974-09-28 02:00:00',0,'11985884074','2023-01-24 21:36:54','2023-01-24 21:37:38'),(613,'3434997',1,'ROBERTA DANTAS FONTES','1973-09-11 02:00:00',0,'61982503067','2023-01-24 22:00:34','2023-01-30 12:56:26'),(614,'3289666',1,'MATTEO GUIMARAES ANDREOZZI','2022-07-17 02:00:00',0,'11942374815','2023-01-24 23:04:50','2023-01-26 00:38:00'),(615,'3434984',1,'SERGIO UBERTI CARNICER','1984-09-09 02:00:00',0,'11949090649','2023-01-24 23:43:21','2023-01-24 23:46:08'),(616,'3434822',1,'MARCOS ANTONIO FASSINA','1973-11-25 02:00:00',0,'16996017646','2023-01-24 23:56:53','2023-01-25 02:11:28'),(617,'3418423',1,'THIAGO FELIPE CAMPOS MARTINS','1988-03-22 02:00:00',0,'000000000','2023-01-25 00:04:06','2023-01-25 00:38:50'),(618,'3435084',1,'GABRIEL PATROCINIO VIROTI','1988-09-16 02:00:00',0,'000000000','2023-01-25 00:19:15','2023-01-25 00:51:02'),(619,'1153760',1,'AUGUSTO DAHMER THEODOROVICZ','1985-05-13 02:00:00',0,'11970173527','2023-01-25 02:13:05','2023-01-25 03:45:49'),(620,'3259819',1,'LAURA FERREIRA BARBOSA','2003-10-22 02:00:00',0,'11970779838','2023-01-25 02:43:38','2023-01-25 03:11:53'),(621,'3435134',1,'HERYCK HILARIO GARCIA','1984-11-15 02:00:00',0,'000000000','2023-01-25 02:58:29','2023-02-06 19:07:13'),(622,'2935614',1,'VALENTINA ASSUNCAO CANDIDO','2018-09-22 02:00:00',0,'11988350505','2023-01-25 03:30:38','2023-01-25 17:21:49'),(623,'3166876',1,'GLEICE DE CASSIA BARBOSA','1973-08-21 02:00:00',0,'31991706959','2023-01-25 03:49:55','2023-01-25 21:53:30'),(624,'2887206',1,'KELLY CRISTINA DA CAMARA PINHEIRO','1985-04-13 02:00:00',0,'11972219334','2023-01-25 04:08:11','2023-01-28 19:50:03'),(625,'432934',1,'CASSIO SILVA PIMENTA','1989-05-09 02:00:00',0,'11996975330','2023-01-25 04:48:24','2023-01-26 12:58:25'),(626,'2952239',1,'IVETE FONSECA DE MEDEIROS NERES','1980-09-10 02:00:00',0,'11981783209','2023-01-25 16:31:01','2023-01-25 21:56:41'),(627,'3413864',1,'JULIANA DE SOUZA GUIMARAES','1990-11-26 02:00:00',0,'000000000','2023-01-25 16:35:02','2023-01-25 18:43:10'),(628,'3435278',1,'JOSE QUEDA NETO','2015-11-06 02:00:00',0,'11983933322','2023-01-25 17:39:34','2023-01-25 18:03:09'),(629,'3429877',1,'SHEILA SANTOS VILAR DE OLIVEIRA','1994-07-16 02:00:00',0,'11958260859','2023-01-25 18:36:16','2023-01-26 19:56:41'),(630,'1078631',1,'VALENTINA PEREIRA DA SILVA','2015-01-18 02:00:00',0,'13997118532','2023-01-25 18:42:04','2023-02-02 10:47:16'),(631,'902126',1,'MARIA HELENA SILVEIRA MARTINS','1982-06-17 02:00:00',0,'11999082276','2023-01-25 19:04:37','2023-01-25 19:06:00'),(632,'1013704',1,'RODRIGO ALVES DUMARESQ','1989-06-02 02:00:00',0,'11973888899','2023-01-25 19:16:35','2023-01-28 14:03:43'),(633,'3435417',1,'TAMARA TRINDADE OLIVEIRA QUEIROZ','1991-03-12 02:00:00',0,'11982231486','2023-01-25 21:12:02','2023-01-28 22:01:23'),(634,'1171279',1,'MARCOS PAULO COSTA RAMOS','1975-07-18 02:00:00',0,'11986250906','2023-01-25 22:42:56','2023-01-26 10:24:27'),(635,'1165853',1,'GEORGIANA PEREIRA BARROS','1971-06-25 02:00:00',0,'11988501868','2023-01-25 22:45:34','2023-01-26 09:57:39'),(636,'1035973',1,'ANDRE RENATO TAMBUCCI','1984-12-07 02:00:00',0,'11954848707','2023-01-25 23:36:17','2023-01-26 11:55:18'),(637,'3435517',1,'CAUA GUERRERO ZUCKER','2022-02-10 02:00:00',0,'11987576297','2023-01-26 00:00:04','2023-01-26 00:03:09'),(638,'3296998',1,'KLEITON ROBERTO DE SOUZA NUNES','1993-12-21 02:00:00',0,'11983699545','2023-01-26 01:04:58','2023-01-26 21:14:21'),(639,'1084315',1,'GERUSA SANT ANNA ALVES','1978-08-19 02:00:00',0,'11981190732','2023-01-26 02:24:18','2023-02-15 01:17:04'),(640,'3413181',1,'BIANCA BATISTA SILVA','1995-04-17 02:00:00',0,'11977147932','2023-01-26 03:30:03','2023-01-26 12:25:54'),(641,'3413126',1,'BERNARDO MADIO SAAD JOSE','2016-05-16 02:00:00',0,'11999470955','2023-01-26 10:03:12','2023-01-26 15:45:39'),(642,'542193',1,'SIMONE DE FAZIO CRISTOVAO GUIMARAES','1977-02-19 02:00:00',0,'11998846166','2023-01-26 13:56:34','2023-01-26 13:58:41'),(643,'920218',1,'ALFREDO SOARES FERREIRA SILVA','1991-10-16 02:00:00',0,'11940231584','2023-01-26 14:10:21','2023-01-27 13:01:58'),(644,'1096086',1,'LAURA KAORI KOBAYASHI BARONE','2010-02-26 02:00:00',0,'11976037860','2023-01-26 18:10:51','2023-01-27 13:02:04'),(645,'1092872',1,'VANESSA BEASINI','1979-09-17 02:00:00',0,'11999673196','2023-01-26 18:58:38','2023-01-27 11:41:30'),(646,'3435648',1,'MARCOS ARLINDO DA SILVA','1980-12-12 02:00:00',0,'11970884887','2023-01-26 19:15:41','2023-01-26 19:17:21'),(647,'788370',1,'LEANDRO MANGANOTI','1985-08-04 02:00:00',0,'000000000','2023-01-26 19:39:33','2023-01-27 05:29:22'),(648,'3125611',1,'JULIANO BELINI ICHE','1980-05-30 02:00:00',0,'11989992394','2023-01-26 19:58:00','2023-01-30 03:06:45'),(649,'3435710',1,'RAFAEL AFONSO FERNANDES DA ROSA','2009-11-27 02:00:00',0,'6196660886','2023-01-26 20:12:16','2023-01-26 20:15:31'),(650,'3435221',1,'JOAO ALVES DOS SANTOS REZENDE','2022-09-20 02:00:00',0,'000000000','2023-01-26 20:31:55','2023-01-27 15:12:17'),(651,'3435744',1,'JOAO VICENTE SOUZA ARICO','2019-09-01 02:00:00',0,'11976096383','2023-01-26 20:35:29','2023-01-27 02:18:52'),(652,'435757',1,'ANNE CAROLINE ALVES GRELLET DE OLIVEIRA','1988-04-25 02:00:00',0,'11999555154','2023-01-26 20:44:24','2023-01-27 12:10:22'),(653,'3435819',1,'JULIE RAMOS ALMEIDA','1995-01-08 02:00:00',0,'11997140669','2023-01-26 21:24:25','2023-01-26 21:25:20'),(654,'3199333',1,'BEATRIZ COTOGNO','1994-01-04 02:00:00',0,'11972273074','2023-01-26 21:36:00','2023-01-27 20:08:37'),(655,'3435634',1,'BRUNO GOMES OLIVEIRA','1984-11-06 02:00:00',0,'11981326005','2023-01-26 21:53:43','2023-01-26 21:58:21'),(656,'3435218',1,'LUCIANA MARQUES VICENTINI','1981-12-21 02:00:00',0,'000000000','2023-01-26 22:02:09','2023-01-27 08:58:10'),(657,'3424438',1,'VINICIUS SEDRIM','1997-12-15 02:00:00',0,'11914636245','2023-01-26 22:31:24','2023-02-02 01:47:19'),(658,'3435520',1,'CRISTIANO BOITE ZANATTA','1977-11-02 02:00:00',0,'11997669666','2023-01-26 22:46:45','2023-01-27 13:30:01'),(659,'2275454',4,'JEANPIERRE LUIZ DA ROCHA ROSAS','1989-12-12 02:00:00',0,'71991994124','2023-01-26 23:03:33','2023-01-26 23:05:34'),(660,'1119979',1,'MARCO MORENO BATTAGLIOLI','1992-05-07 02:00:00',0,'11981251826','2023-01-27 03:25:07','2023-01-27 16:13:39'),(661,'3434128',1,'LUIS FELIPE PRADO D ANDRADA','1991-11-01 02:00:00',0,'91991589566','2023-01-27 03:39:04','2023-02-01 03:05:10'),(662,'3436037',1,'ISABEL PATRICIA CASTELAR FIOROTTO','1977-01-14 02:00:00',0,'11998256715','2023-01-27 07:49:33','2023-01-27 14:09:43'),(663,'3225162',1,'SILVANA CRISTINA MACIEL SUMIMOTO','1973-05-19 02:00:00',0,'11973880156','2023-01-27 19:13:10','2023-01-28 20:20:13'),(664,'3435929',1,'CINTIA HELENA DE SOUZA','1977-03-15 02:00:00',0,'11941192904','2023-01-27 21:09:39','2023-01-27 23:09:23'),(665,'685239',1,'ANDRE GUSTAVO SALVADOR KAUFFMAN','1974-08-28 02:00:00',0,'11985449804','2023-01-27 22:00:13','2023-01-27 22:01:02'),(666,'3436011',1,'SIMONE TINOCO SOARES RUPP','1983-07-04 02:00:00',0,'11996583967','2023-01-27 22:16:42','2023-01-28 00:17:13'),(667,'2947644',1,'GUILHERME SALES DE CARVALHO','2018-05-15 02:00:00',0,'11948883209','2023-01-27 22:34:31','2023-01-29 01:09:38'),(668,'3092280',1,'RONALDO APARECIDO CUSTODIO','1971-06-27 02:00:00',0,'11985559921','2023-01-27 22:47:28','2023-01-27 22:47:52'),(669,'3423678',1,'VIVIANE MIRANDA FORISTIERI','1992-04-07 02:00:00',0,'43991252328','2023-01-27 23:36:39','2023-01-28 14:38:21'),(670,'3424115',1,'LUANNA TRAMONTE','1979-01-26 02:00:00',0,'000000000','2023-01-28 00:29:04','2023-01-29 00:00:03'),(671,'3424280',1,'MARTIM DE SA CARBONELL','2022-07-11 02:00:00',0,'11993167259','2023-01-28 01:34:28','2023-02-05 23:09:02'),(672,'785933',1,'DANIEL PELUSO LEPISCOPO','1982-12-28 02:00:00',0,'11998805894','2023-01-28 02:37:20','2023-01-28 02:41:15'),(673,'3336007',1,'DANIELLA DE PAULA TANZI ZANOLLA','1988-05-25 02:00:00',0,'000000000','2023-01-28 03:11:27','2023-01-28 03:13:32'),(674,'2446182',1,'RAPHAEL FINZSCH DE PAULA SILVA','2015-02-02 02:00:00',0,'11976209233','2023-01-28 03:34:11','2023-01-28 11:38:20'),(675,'1017240',1,'GUILHERME SANTANA GUEDES','2014-05-19 02:00:00',0,'000000000','2023-01-28 03:41:47','2023-02-04 01:13:51'),(676,'3436363',1,'MARCIO KAWASHIMA','1976-03-14 02:00:00',0,'11992721093','2023-01-28 08:37:18','2023-01-30 14:34:16'),(677,'3000275',1,'CAMILA SILVA SOUZA','1976-02-17 02:00:00',0,'11982258365','2023-01-28 09:25:53','2023-02-04 13:54:21'),(678,'987308',1,'ESTER GATO RICORDI','2014-04-15 02:00:00',0,'11989047264','2023-01-28 12:23:52','2023-01-29 01:27:36'),(679,'787963',1,'MONICA TEIXEIRA PAES DE CAMARGO','1983-06-30 02:00:00',0,'11985320417','2023-01-28 19:12:14','2023-01-28 19:14:13'),(680,'3436272',1,'FERNANDA MARA DUARTE','1988-07-15 02:00:00',0,'47999124413','2023-01-28 19:44:17','2023-01-29 12:35:17'),(681,'1144520',1,'HENRIQUE DE FREITAS FELIPE CAMACHO','2002-04-26 02:00:00',0,'11993835581','2023-01-28 21:24:22','2023-01-29 11:56:51'),(682,'699365',1,'MICHELE GRANJA DE SA','1979-11-22 02:00:00',0,'11985579427','2023-01-28 22:02:21','2023-01-28 22:09:25'),(683,'3293907',1,'MARIA LUIZA THUMS FABRETTI','2009-11-17 02:00:00',0,'11975418021','2023-01-28 22:23:30','2023-01-30 03:51:19'),(684,'3393497',1,'KATIA CRISTINA PEREIRA OLIVEIRA SANTOS','1980-02-20 02:00:00',0,'11999627173','2023-01-28 22:34:41','2023-01-29 13:19:57'),(685,'525091',1,'CARLA DE ANDRADE LEAMARE','1977-08-05 02:00:00',0,'11995231226','2023-01-28 23:31:37','2023-01-28 23:33:43'),(686,'3429236',1,'RAYANE XAVIER DA NOBREGA','1997-10-08 02:00:00',0,'11996954498','2023-01-28 23:35:03','2023-01-29 11:11:04'),(687,'3254468',1,'PENELOPE GUILLEN G RODRIGUES BARBOSA','2012-09-12 02:00:00',0,'000000000','2023-01-28 23:40:53','2023-01-30 00:48:52'),(688,'3268536',1,'ENZO ALEXANDRE COSTA PEREIRA SANTOS','2014-09-09 02:00:00',0,'11997501764','2023-01-29 00:19:31','2023-01-29 08:28:02'),(689,'3299190',1,'THAYNA DOS SANTOS COSTA','1996-06-06 02:00:00',0,'11985440295','2023-01-29 00:23:41','2023-01-29 00:27:24'),(690,'3164937',1,'CATARINA GALLO EZEQUIEL DE B TEIXEIRA','2015-01-19 02:00:00',0,'11942121317','2023-01-29 01:31:24','2023-01-29 01:34:03'),(691,'3218940',1,'GAEL CARVALHO BEZERRA','2021-10-04 02:00:00',0,'11952354870','2023-01-29 03:54:15','2023-01-29 21:01:05'),(692,'2974798',1,'DANIEL BASTAZIN MARQUES DE SOUSA','2017-03-14 02:00:00',0,'11997365047','2023-01-29 08:57:34','2023-01-29 15:17:30'),(693,'3043380',1,'DIOGO DE FIGUEIREDO UCHOA','1992-10-03 02:00:00',0,'000000000','2023-01-29 13:21:19','2023-02-11 02:01:49'),(694,'763953',1,'ADRIANA DANTAS VARELLA','1971-04-05 02:00:00',0,'11999892250','2023-01-29 15:20:24','2023-02-02 20:15:06'),(695,'3012181',1,'JOAO VICTOR MERLIN JERONYMO','2018-11-21 02:00:00',0,'11996263675','2023-01-29 20:27:06','2023-01-31 07:21:36'),(696,'3102024',1,'LEONARDO EIJI AOKI MARCELLO','1994-06-29 02:00:00',0,'000000000','2023-01-29 20:41:26','2023-01-29 20:44:05'),(697,'3436605',1,'LARISSA BEJA','1979-08-14 02:00:00',0,'000000000','2023-01-29 21:16:49','2023-02-01 12:05:48'),(698,'3208304',1,'CARLOS AUGUSTO CORREIA SAMPAIO','1974-04-18 02:00:00',0,'11981396312','2023-01-29 22:56:00','2023-01-30 06:32:16'),(699,'3429595',1,'DANIELA GAETA ARRUDA','1975-03-13 02:00:00',0,'11985632985','2023-01-29 23:24:56','2023-01-30 09:39:36'),(700,'3436639',1,'RICARDO OLDRA','1972-05-15 02:00:00',0,'000000000','2023-01-30 00:59:39','2023-02-01 22:25:35'),(701,'3436687',1,'FELIPE HERCE CZANK','1990-06-11 02:00:00',0,'16981109661','2023-01-30 01:22:46','2023-02-07 23:47:55'),(702,'941145',1,'JAQUELINE ROMANELI OLIVEIRA','1993-11-18 02:00:00',0,'11975488933','2023-01-30 02:23:21','2023-01-30 10:30:05'),(703,'3436688',1,'FABIO PONGELUPP PACECKA DOS SANTOS','1979-05-05 02:00:00',0,'000000000','2023-01-30 02:45:06','2023-01-30 03:18:20'),(704,'3158626',1,'BEATRIZ SANTOS MARTINS','2001-04-25 02:00:00',0,'11968288142','2023-01-30 05:00:45','2023-01-30 17:13:40'),(705,'3436185',1,'FELIPE ARAUJO DOS SANTOS','2000-05-30 02:00:00',0,'000000000','2023-01-30 13:37:34','2023-01-30 20:39:01'),(706,'721110',1,'CAIO LUZ DUARTE','1988-10-06 02:00:00',0,'11964534339','2023-01-30 16:06:20','2023-01-30 23:07:29'),(707,'3436256',1,'FABIA DE MELO FOURNIER','1971-01-05 02:00:00',0,'91981747277','2023-01-30 16:13:40','2023-01-31 01:17:36'),(708,'3436741',1,'LIGIA NOGUEIRA DE MELO','1981-12-10 02:00:00',0,'11983789230','2023-01-30 18:48:45','2023-01-30 18:50:05'),(709,'1158090',1,'FABIANA MAMONE DE OLIVEIRA','1984-07-12 02:00:00',0,'11996833272','2023-01-30 19:04:46','2023-01-30 19:05:56'),(710,'2900420',1,'BIANCA RISTICH','1978-04-07 02:00:00',0,'11948553702','2023-01-30 19:09:14','2023-01-30 19:12:56'),(711,'1825926',4,'VALENTINA TEIXEIRA MENEZES','2018-05-28 02:00:00',0,'71999166465','2023-01-30 19:46:36','2023-01-31 11:03:55'),(712,'431277',1,'GUILHERME RADICCHI SARZEDAS','1970-01-14 02:00:00',0,'11982640055','2023-01-30 20:29:09','2023-02-04 19:50:28'),(713,'3422549',1,'MARIANE SILVA DIAS SANTANELLI','1992-10-15 02:00:00',0,'11981088343','2023-01-30 21:15:15','2023-01-31 06:26:46'),(714,'2285730',4,'UEVERTON DOUGLAS BARBOSA DOS SANTOS','1989-10-23 02:00:00',0,'71986681817','2023-01-30 21:35:50','2023-01-30 21:37:16'),(715,'3436793',1,'RAPHAEL FREITAS RAFAEL','1990-04-25 02:00:00',0,'27997331360','2023-01-30 23:12:37','2023-02-03 00:04:26'),(716,'3421316',1,'RICARDO DE ANDRADE SILVA','1988-01-04 02:00:00',0,'11994610740','2023-01-30 23:38:38','2023-02-06 11:06:34'),(717,'3436463',1,'SILVIA AMIGO LERENO','1982-01-11 02:00:00',0,'11910285841','2023-01-31 00:00:16','2023-01-31 00:01:46'),(718,'1042678',1,'ANA LAURA RODRIGUES CARDOSO','1975-05-15 02:00:00',0,'11993916365','2023-01-31 00:51:38','2023-01-31 00:55:26'),(719,'3393171',1,'PATRICIA FURLAN MONZANI','1991-03-14 02:00:00',0,'11992030865','2023-01-31 00:52:14','2023-01-31 16:41:37'),(720,'994135',1,'GISLER ANDRE PEREIRA DOS SANTOS','1973-08-17 02:00:00',0,'11972573566','2023-01-31 00:57:35','2023-01-31 01:20:16'),(721,'2986576',1,'LUANA FELICIANO VASCONCELOS','1986-09-24 02:00:00',0,'11998949171','2023-01-31 02:02:56','2023-01-31 02:03:46'),(722,'437260',1,'CARLOS EDUARDO SAVASINI FERREIRA','1973-05-31 02:00:00',0,'11944993112','2023-01-31 02:06:51','2023-02-05 01:31:48'),(723,'673382',1,'IRIS PRISCILLA RIBEIRO DE ABREU','1984-10-12 02:00:00',0,'11979791600','2023-01-31 02:11:33','2023-02-10 11:32:48'),(724,'3436499',1,'JOYCE CARNEIRO BISPO','1997-06-19 02:00:00',0,'11966481679','2023-01-31 02:40:17','2023-02-02 01:15:27'),(725,'3435370',1,'HENRIQUE DE FARIA RIBEIRO','2001-08-30 02:00:00',0,'11930444445','2023-01-31 04:01:18','2023-02-01 03:33:38'),(726,'3336757',1,'ROGERIO ADRIANO SILVA DE JESUS','1975-06-20 02:00:00',0,'000000000','2023-01-31 04:17:53','2023-02-02 00:08:09'),(727,'3437018',1,'DENISE PACHECO BRETAS TRENTIN','1979-01-16 02:00:00',0,'11993401946','2023-01-31 04:25:09','2023-01-31 12:40:07'),(728,'3437079',1,'RACHEL FERREIRA CONSALES','2004-02-09 02:00:00',0,'000000000','2023-01-31 05:28:58','2023-02-02 21:57:01'),(729,'3428482',1,'MARIA CECILIA PIMENTEL GUEDES','1998-02-16 02:00:00',0,'11991918567','2023-01-31 05:52:34','2023-02-02 14:22:09'),(730,'1152453',1,'CARLA CASTELLANI MOMPEAN SANCHEZ','1976-01-14 02:00:00',0,'11947438085','2023-01-31 07:51:19','2023-01-31 13:21:56'),(731,'3426226',1,'ELIEZER MARTINS DA COSTA JUNIOR','1970-10-04 02:00:00',0,'11943221706','2023-01-31 08:35:02','2023-02-01 13:21:06'),(732,'3325149',1,'ANDERSON SANTOS DA SILVA','1981-08-26 02:00:00',0,'11974618250','2023-01-31 08:55:05','2023-01-31 08:56:17'),(733,'3436942',1,'IARA ALVARENGA SANTOS DE OLIVEIRA','1977-11-30 02:00:00',0,'11997859284','2023-01-31 11:33:43','2023-02-01 09:20:14'),(734,'2280074',4,'TAIS SILVEIRA BORGES ARAUJO','1985-02-02 02:00:00',0,'75998055045','2023-01-31 12:54:23','2023-02-04 13:54:08'),(735,'2033425',4,'ANDREA BORGES BRITO','1981-03-16 02:00:00',0,'71988196466','2023-01-31 13:48:16','2023-02-02 15:22:00'),(736,'592676',1,'RYAN RIBEIRO SOARES','2008-05-23 02:00:00',0,'11991009936','2023-01-31 15:19:49','2023-01-31 22:19:20'),(737,'2918148',1,'RAFAEL RAMOLLA PIMENTA','2018-11-01 02:00:00',0,'11995646787','2023-01-31 16:50:03','2023-02-02 23:17:06'),(738,'3436478',1,'DAYSE MIEKO SHIROTA HOFFMANN','1987-03-19 02:00:00',0,'11972197270','2023-01-31 18:31:56','2023-02-01 23:11:31'),(739,'3436951',1,'DAURO JOSE DE CAMPOS FRANZINI','1982-08-03 02:00:00',0,'11997351593','2023-01-31 20:46:42','2023-01-31 23:28:10'),(740,'3437197',1,'ANDREA OSMAN CHAABAN DINIZ','1971-02-20 02:00:00',0,'11996294037','2023-01-31 21:15:58','2023-02-01 21:59:06'),(741,'3437410',1,'FERNANDA DE SA REZENDE','1991-01-15 02:00:00',0,'11953515505','2023-01-31 21:32:05','2023-02-01 12:22:13'),(742,'646219',1,'GERSON GUIMARAES ROCHA','1972-07-13 02:00:00',0,'11973951219','2023-01-31 21:58:08','2023-01-31 22:00:30'),(743,'3421422',1,'FLAVIA CARDOSO TARDELLI','1987-07-02 02:00:00',0,'11960493938','2023-01-31 22:26:17','2023-02-01 06:19:11'),(744,'3234957',1,'BEATRIZ DO CARMO SANTOS','1998-07-30 02:00:00',0,'11985414067','2023-01-31 22:31:00','2023-01-31 22:32:08'),(745,'3186006',1,'MARIANA LIMA SEMENSATTO TESCAROLO','2020-02-22 02:00:00',0,'000000000','2023-01-31 22:52:01','2023-01-31 23:23:36'),(746,'3431814',1,'RODRIGO GONCALVES LIMA','1990-03-03 02:00:00',0,'11974008453','2023-01-31 23:45:08','2023-02-01 00:02:28'),(747,'3437335',1,'JULLYA INACIO DOS SANTOS','2009-11-30 02:00:00',0,'000000000','2023-02-01 00:00:18','2023-02-04 09:38:01'),(748,'817950',1,'IRIS CRISTINA APARECIDA DE LIMA','1988-11-20 02:00:00',0,'11962769975','2023-02-01 00:10:58','2023-02-01 22:05:39'),(749,'3437046',1,'JULIA MASSABKI AZEVEDO','2014-07-24 02:00:00',0,'000000000','2023-02-01 00:25:55','2023-02-01 15:49:12'),(750,'583139',1,'ANA MARIA MARQUES ZOLLA DE ASSIS','1976-01-16 02:00:00',0,'11992800258','2023-02-01 00:33:07','2023-02-01 10:02:10'),(751,'722007',1,'ALEXANDRE GALVAO DE ALMEIDA','1974-05-11 02:00:00',0,'11991441096','2023-02-01 01:22:25','2023-02-01 01:25:40'),(752,'3406200',1,'MAURO CESAR SOARES DE ARAUJO','1986-03-13 02:00:00',0,'11942664054','2023-02-01 01:25:40','2023-02-01 17:04:45'),(753,'1026710',1,'MATHEUS VENERONI','2013-04-26 02:00:00',0,'11964226052','2023-02-01 01:34:45','2023-02-03 17:33:04'),(754,'750497',1,'VALDINEIDE DOS SANTOS TEIXEIRA','1974-05-18 02:00:00',0,'11970494220','2023-02-01 01:48:05','2023-02-01 11:46:49'),(755,'3437245',1,'CYNTHIA FERREIRA VARIS','1977-05-17 02:00:00',0,'11989814330','2023-02-01 01:50:05','2023-02-13 19:34:43'),(756,'3437452',1,'CARINA GOMES DAL MOLIM','1979-10-11 02:00:00',0,'11932391441','2023-02-01 02:13:40','2023-02-03 08:04:39'),(757,'1041413',1,'NATALIA RAMOS DE OLIVEIRA','1981-01-09 02:00:00',0,'11981541084','2023-02-01 02:51:19','2023-02-04 23:45:11'),(758,'2985305',1,'GERALDO CLAUDINO FONTES JUNIOR','1975-02-05 02:00:00',0,'11983579243','2023-02-01 03:55:14','2023-02-01 20:43:58'),(759,'3437062',1,'TISCILA FERNANDA DIAS VAVALLO PIZZOLATO','1988-11-22 02:00:00',0,'11998134553','2023-02-01 04:14:23','2023-02-04 14:51:01'),(760,'698516',1,'ROBSON LUIZ BRAGA','1979-03-13 02:00:00',0,'943290399','2023-02-01 04:51:22','2023-02-09 23:58:48'),(761,'1834337',4,'NATALIA GABRIELE SANTOS ESTRELA','2018-08-14 02:00:00',0,'71988171134','2023-02-01 12:05:32','2023-02-01 12:07:18'),(762,'3436990',1,'JOELSON SILVA ROQUE','1992-03-08 02:00:00',0,'11943171518','2023-02-01 12:25:53','2023-02-01 23:50:39'),(763,'3437200',1,'FELIPE MOURA DE LEMOS','1991-10-24 02:00:00',0,'000000000','2023-02-01 15:05:25','2023-02-01 15:07:00'),(764,'3437227',1,'SALAH EL RAFEI','1998-12-07 02:00:00',0,'11964555555','2023-02-01 15:30:42','2023-02-02 00:00:12'),(765,'3435542',1,'TYANE GOMES PEREIRA','1986-03-03 02:00:00',0,'11974246310','2023-02-01 16:17:21','2023-02-02 00:02:47'),(766,'2924650',1,'IGOR MARTINS RIBEIRO FERREIRA','2015-09-25 02:00:00',0,'11981506927','2023-02-01 18:46:34','2023-02-02 18:40:35'),(767,'3285404',1,'JEFFERSON FILIPIM REIS','1993-05-12 02:00:00',0,'11953811307','2023-02-01 21:42:36','2023-02-01 21:43:59'),(768,'3437455',1,'GABRIELLA TORRES VANNUCCI','2003-09-15 02:00:00',0,'11981361542','2023-02-01 22:32:47','2023-02-04 22:57:13'),(769,'896178',1,'MATEUS MACHADO ROSALINO','2012-06-15 02:00:00',0,'11973393849','2023-02-01 23:07:46','2023-02-02 21:27:30'),(770,'3437597',1,'LEONARDO OLIVEIRA DE MEDEIROS','1995-08-30 02:00:00',0,'11987047524','2023-02-01 23:22:11','2023-02-05 02:38:52'),(771,'3437630',1,'MIRELLA POCCIA COSTA','1975-02-26 02:00:00',0,'11995266846','2023-02-01 23:47:36','2023-02-02 19:23:50'),(772,'3411261',1,'KELI APARECIDA TIBURCIO','1977-05-13 02:00:00',0,'11947043437','2023-02-02 00:25:52','2023-02-02 17:09:41'),(773,'3437764',1,'RENAN TOLEDO CALEFFI','1990-08-23 02:00:00',0,'000000000','2023-02-02 00:55:15','2023-02-03 03:01:27'),(774,'847480',1,'LUCIANA HIGA DA SILVA','1973-10-02 02:00:00',0,'11983017010','2023-02-02 01:49:59','2023-02-02 02:22:10'),(775,'3148923',1,'CATARINA COBRA BALTAS','2004-11-19 02:00:00',0,'000000000','2023-02-02 03:45:49','2023-02-07 09:19:50'),(776,'3437807',1,'JOAO GOMES FERNANDES','1970-05-05 02:00:00',0,'11963705993','2023-02-02 08:26:29','2023-02-02 09:50:18'),(777,'3066706',1,'ELAINE VERISSIMA DA SILVA','1972-05-28 02:00:00',0,'11983030616','2023-02-02 12:54:25','2023-02-15 13:17:43'),(778,'3171673',1,'FERNANDO FIGLIAGI SELLMANN NAZARETH','1976-12-21 02:00:00',0,'11998498650','2023-02-02 16:43:44','2023-02-04 15:41:00'),(779,'3437836',1,'FABIANO JOSE DANIEK GUASTELLA','1979-10-03 02:00:00',0,'000000000','2023-02-02 16:59:32','2023-02-03 01:24:29'),(780,'1342785',4,'NEILTON DIAS DE SALES FILHO','2012-05-08 00:00:00',0,'71999444345','2023-02-02 18:15:11','2023-02-02 18:18:39'),(781,'491059',1,'MURILO BUCHIDID TEIXEIRA','2003-06-24 02:00:00',0,'11995717110','2023-02-02 18:58:04','2023-02-03 00:16:25'),(782,'3300974',1,'JULIANO GARCIA','1983-09-26 02:00:00',0,'19999818280','2023-02-02 19:02:46','2023-02-03 13:22:14'),(783,'3064694',1,'ANDERSON FABIANO DE BARROS BATISTA','1980-01-15 02:00:00',0,'000000000','2023-02-02 19:17:15','2023-02-02 19:19:10'),(784,'1089653',1,'LARISSA VASSALO FERNANDES','2000-11-11 02:00:00',0,'11997010805','2023-02-02 19:36:26','2023-02-02 19:37:30'),(785,'910842',1,'VIVIANE BARBIERI FERNANDES','1984-08-12 02:00:00',0,'11947261256','2023-02-02 19:37:46','2023-02-03 03:44:38'),(786,'3243616',1,'LUCIANO GOES COSTA FILHO','1998-05-04 02:00:00',0,'000000000','2023-02-02 19:52:59','2023-02-04 14:04:11'),(787,'768970',1,'ADRIANA OLIVEIRA DE MENDONCA','1979-06-19 02:00:00',0,'11985074141','2023-02-02 20:23:16','2023-02-03 00:06:57'),(788,'3437840',1,'WILLIAM KWOK WEI TSE','1993-01-19 02:00:00',0,'11991209754','2023-02-02 21:12:37','2023-02-02 23:11:52'),(789,'3426534',1,'GABRIEL AKIRA YOSHIMOTO','2015-05-26 02:00:00',0,'000000000','2023-02-02 21:13:13','2023-02-03 12:19:04'),(790,'2201941',4,'JANAINA MARTINS DA SILVA','1973-11-16 02:00:00',0,'71988290212','2023-02-02 21:58:27','2023-02-03 13:34:04'),(791,'892696',1,'BEATRIZ MONTENEGRO BERTOLINO','1986-07-26 02:00:00',0,'11992281801','2023-02-03 02:27:14','2023-02-03 02:27:14'),(792,'3438128',1,'JULIANA RODRIGUES LAMEIRA BELCHIOR','1981-11-20 02:00:00',0,'11999078495','2023-02-03 05:34:19','2023-02-03 05:47:04'),(793,'3438189',1,'ELIANA PIRES DE OLIVEIRA YONEYA','1976-07-01 02:00:00',0,'000000000','2023-02-03 06:53:54','2023-02-03 06:53:54'),(794,'496709',1,'VANIA TALITA ARAKAKI','1989-10-13 02:00:00',0,'000000000','2023-02-03 12:50:38','2023-02-03 12:53:21'),(795,'2565969',1,'DAYANE SEGHATTI','1987-03-11 02:00:00',0,'24992968610','2023-02-03 15:02:00','2023-02-04 21:28:04'),(796,'2939338',1,'FABIO MAGUETA FORGACS','1977-10-13 02:00:00',0,'11973931119','2023-02-03 15:49:50','2023-02-03 16:49:04'),(797,'937122',4,'EVELYN DE JESUS GOMES','2007-08-27 00:00:00',0,'71993690632','2023-02-03 16:33:52','2023-02-03 16:33:52'),(798,'602000',1,'RODRIGO CRUZ SILVA','1984-06-16 02:00:00',0,'11953709876','2023-02-03 17:38:55','2023-02-03 17:49:10'),(799,'3438062',1,'SUSAN REINERT DHAGA DEL CASTILLO','1976-11-15 02:00:00',0,'11999063992','2023-02-03 20:23:26','2023-02-06 23:12:34'),(800,'467794',1,'JOANA MARIA VISANI R DE TOLEDO MACHADO','2002-12-01 02:00:00',0,'11999720930','2023-02-03 20:37:11','2023-02-03 20:37:11'),(801,'1022855',1,'CARLOS ALBERTO DE MENESES','1973-01-14 02:00:00',0,'11940231735','2023-02-03 20:52:07','2023-02-03 21:43:13'),(802,'606646',1,'FABIOLA DE FIGUEIREDO BEDA','1977-04-20 02:00:00',0,'11971317709','2023-02-03 21:51:36','2023-02-03 23:49:30'),(803,'3047403',1,'PATRICIA VITELLI CAMILLO','1991-08-10 02:00:00',0,'11974746950','2023-02-03 22:20:15','2023-02-03 22:36:49'),(804,'1079198',1,'SIMONE CRODA','1972-09-07 02:00:00',0,'11999295126','2023-02-03 22:21:11','2023-02-03 22:27:28'),(805,'776127',1,'CRISTINA LIMA DE BARROS','1974-11-14 02:00:00',0,'11999722626','2023-02-04 09:16:43','2023-02-04 14:13:31'),(806,'1051951',1,'VANESSA DUREGGER','1978-07-03 02:00:00',0,'11985773462','2023-02-04 09:58:04','2023-02-04 10:06:30'),(807,'3299200',1,'ROBERTA MATTAR CANTAGALLI SOARES','1980-03-17 02:00:00',0,'11988825882','2023-02-04 11:20:29','2023-02-09 13:09:48'),(808,'3437644',1,'STHEFANI DOS SANTOS APOLINARIO','1994-09-01 02:00:00',0,'000000000','2023-02-04 12:16:34','2023-02-04 20:27:44'),(809,'2996097',1,'KATHIANE LOPES LOUREIRO','1989-09-19 02:00:00',0,'11948583990','2023-02-04 13:26:38','2023-02-04 22:27:11'),(810,'927360',1,'DENISE NUNES SANTOS','1980-10-18 02:00:00',0,'11957838880','2023-02-04 14:08:05','2023-02-04 14:08:16'),(811,'3042023',1,'MARIANA ARRUDA NOBREGA','1983-03-08 02:00:00',0,'11941787786','2023-02-04 14:44:18','2023-02-04 15:16:02'),(812,'931408',1,'FLAVIANA LIMA MONTAN ANDRADE','1976-05-03 02:00:00',0,'41999890503','2023-02-04 14:46:53','2023-02-12 21:34:42'),(813,'418929',1,'LUCIANA KIYOMI FUKUI','1978-07-31 02:00:00',0,'11989762798','2023-02-04 17:30:37','2023-02-04 19:26:45'),(814,'3438365',1,'ANA BEATRIZ PAVIOTTI','1987-10-22 02:00:00',0,'11975605757','2023-02-04 18:41:25','2023-02-04 19:43:12'),(815,'3438045',1,'VANILDE TRINDADE DA SILVA GAIA','1977-04-11 02:00:00',0,'000000000','2023-02-04 20:09:19','2023-02-04 20:49:57'),(816,'3438330',1,'KATYA ALMEIDA PRATES ALVES','1983-01-19 02:00:00',0,'35992445400','2023-02-04 20:29:28','2023-02-04 20:35:20'),(817,'2870580',1,'CECILIA APARECIDA DE HOLANDA REINA','2018-03-15 02:00:00',0,'11993370801','2023-02-04 21:01:48','2023-02-05 22:17:25'),(818,'3325158',1,'TATIANE DA SILVEIRA YONEKURA','1991-04-01 02:00:00',0,'11951416161','2023-02-04 21:05:13','2023-02-04 21:20:08'),(819,'1174354',1,'ALICE MEI ANTUNES SATO','2018-02-09 02:00:00',0,'000000000','2023-02-04 21:06:50','2023-02-08 05:09:55'),(820,'598439',1,'CATHERINE FERREIRA SANTOS DE PIETRO','1978-12-16 02:00:00',0,'11969176968','2023-02-05 00:18:32','2023-02-05 00:21:41'),(821,'1043364',1,'LUCIANA DE SOUZA FREITAS','1980-01-12 02:00:00',0,'11982102366','2023-02-05 00:48:19','2023-02-05 18:38:03'),(822,'878940',1,'DANIELE DE SOUZA VIEIRA CORREA','1987-02-07 02:00:00',0,'000000000','2023-02-05 01:55:17','2023-02-07 00:22:04'),(823,'3436507',1,'SIMONE FINGUERMANN','1978-04-12 02:00:00',0,'11997935900','2023-02-05 02:27:38','2023-02-08 15:12:06'),(824,'3438747',1,'CARLOS DA SILVA BORBA','1970-09-13 02:00:00',0,'11991456075','2023-02-05 04:52:25','2023-02-05 05:25:22'),(825,'3438744',1,'RODRIGO FERREIRA SOUSA SILVA','1992-01-20 02:00:00',0,'11980822233','2023-02-05 05:37:04','2023-02-05 06:04:12'),(826,'3178058',1,'DAVI PINCINATO','1993-11-23 02:00:00',0,'11975811660','2023-02-05 07:20:09','2023-02-08 18:51:06'),(827,'3199935',1,'LAURA NUNES GOMES DE LIMA','2019-11-16 02:00:00',0,'85988612500','2023-02-05 07:25:13','2023-02-07 03:35:34'),(828,'1790318',4,'MARIA CLARA MOSQUERA DIAS','2017-06-11 02:00:00',0,'71992696437','2023-02-05 09:20:53','2023-02-05 09:22:42'),(829,'3438761',1,'EDUARDA FREITAS SOUZA','2022-12-13 02:00:00',0,'000000000','2023-02-05 15:33:29','2023-02-07 19:00:34'),(830,'1096401',1,'KIMBERLY DAVILA TONHOLI','2015-05-23 02:00:00',0,'11998574484','2023-02-05 15:53:56','2023-02-07 21:23:35'),(831,'3436645',1,'ANNA CLAUDIA DE ALMEIDA','1988-06-28 02:00:00',0,'11995336319','2023-02-05 17:58:38','2023-02-11 00:58:19'),(832,'3438795',1,'ALICE LEMES BRASIL','2015-01-08 02:00:00',0,'000000000','2023-02-05 18:15:14','2023-02-07 17:18:25'),(833,'2288127',4,'FABIO LIMA SANTOS','1981-02-21 02:00:00',0,'71993556533','2023-02-05 18:26:38','2023-02-05 18:28:42'),(834,'965428',1,'LORENZO ROSSINI FENDER','2013-07-16 02:00:00',0,'11996542347','2023-02-05 18:38:47','2023-02-06 23:56:34'),(835,'2873938',1,'LETICIA GOMES PAULINO','1989-06-30 02:00:00',0,'11984533298','2023-02-05 19:55:04','2023-02-05 20:15:39'),(836,'3438491',1,'LUCAS EDUARDO PEREIRA SOARES','1994-08-16 02:00:00',0,'11986018378','2023-02-05 21:12:28','2023-02-06 17:32:43'),(837,'2946525',1,'CARLOS EDUARDO TONG DE SOUZA','2019-01-16 02:00:00',0,'11981613093','2023-02-05 22:12:28','2023-02-07 11:31:31'),(838,'2870274',1,'ELISANDRA DE SOUZA DIAS','1979-06-07 02:00:00',0,'000000000','2023-02-05 23:38:28','2023-02-06 00:36:36'),(839,'3438832',1,'MATHEUS MIRANDA GAMA','1996-11-07 02:00:00',0,'11963371267','2023-02-05 23:43:07','2023-02-07 16:39:05'),(840,'1130227',1,'NATALIA JULIANA SOLTYS','1983-01-04 02:00:00',0,'11983709594','2023-02-06 00:20:48','2023-02-07 00:20:24'),(841,'899389',1,'DANIELLE CASTANHEIRA DA SILVA','1978-01-09 02:00:00',0,'11993027952','2023-02-06 01:04:51','2023-02-06 01:09:53'),(842,'3438720',1,'IVANI INHAIA','1979-05-13 02:00:00',0,'11945404971','2023-02-06 01:21:35','2023-02-06 01:23:23'),(843,'3438891',1,'GABRIELA PEIXOTO MORATTA','2002-04-25 02:00:00',0,'11984630130','2023-02-06 01:47:33','2023-02-06 01:51:43'),(844,'3290899',1,'AMANDA GIORLANDO GRINBERG','2001-12-28 02:00:00',0,'11973735082','2023-02-06 02:44:19','2023-02-06 03:03:42'),(845,'3435727',1,'LANA GAZIS DE PAULA','2007-08-04 02:00:00',0,'11965489167','2023-02-06 04:59:50','2023-02-07 11:14:05'),(846,'3438888',1,'MIGUEL SOARES SILVA','2008-01-27 02:00:00',0,'991904034','2023-02-06 09:13:49','2023-02-06 09:26:23'),(847,'2287940',4,'ANTONIO RENATO LATRILHA ROCHA JUNIOR','1974-10-15 02:00:00',0,'71985162494','2023-02-06 10:33:06','2023-02-06 19:52:30'),(848,'3133241',1,'LUNA CASSONE RIBEIRO','2020-03-09 02:00:00',0,'000000000','2023-02-06 13:27:59','2023-02-10 00:00:07'),(849,'1052179',1,'DEBORA MATTE GENNARI','1990-08-11 02:00:00',0,'11995554101','2023-02-06 15:50:53','2023-02-15 14:47:55'),(850,'776304',1,'ANA ISABEL VIANNA PEREIRA','1981-10-22 02:00:00',0,'11970339796','2023-02-06 16:01:43','2023-02-06 16:09:21'),(851,'1062994',1,'ADRIANA BREZOLINO','1970-10-13 02:00:00',0,'11984264299','2023-02-06 17:14:20','2023-02-14 20:37:52'),(852,'3011624',1,'THOMAS DARGAS','2017-01-25 02:00:00',0,'000000000','2023-02-06 17:57:19','2023-02-06 17:58:13'),(853,'537798',1,'LIVIA ZANFELICI FANUCCHI','1997-10-09 02:00:00',0,'000000000','2023-02-06 18:52:48','2023-02-06 18:56:43'),(854,'624263',1,'FERNANDA SANTOS DO NASCIMENTO','1988-06-09 02:00:00',0,'11940880146','2023-02-06 19:26:00','2023-02-06 22:46:14'),(855,'3429641',1,'DANIEL LIMA OTERO','1989-11-15 02:00:00',0,'000000000','2023-02-06 21:42:14','2023-02-06 23:23:33'),(856,'3438707',1,'GISELE GASPAROTTO','1974-01-27 02:00:00',0,'11992254624','2023-02-06 21:56:23','2023-02-06 21:57:54'),(857,'3248192',1,'PEDRO MARAFIGO AMIRABILE','2020-02-10 02:00:00',0,'1199080797','2023-02-06 22:30:02','2023-02-07 20:07:35'),(858,'2999345',1,'TATIANE ARAUJO DE OLIVEIRA','1984-12-21 02:00:00',0,'11953302168','2023-02-06 22:49:40','2023-02-06 22:53:14'),(859,'138247',4,'SORAIA RAMOS LIMA','1975-02-14 02:00:00',0,'71991246446','2023-02-06 23:04:08','2023-02-06 23:08:52'),(860,'897157',1,'DANIELA OLIVEIRA DE SOUZA','1984-12-04 02:00:00',0,'11993724894','2023-02-06 23:23:55','2023-02-10 15:48:59'),(861,'493735',1,'MARCELO DE PAULA','1977-05-06 02:00:00',0,'11991780510','2023-02-06 23:50:39','2023-02-06 23:53:04'),(862,'3439256',1,'SORAIA PIRES RODRIGUES','1993-08-07 02:00:00',0,'93984203558','2023-02-07 01:41:27','2023-02-07 17:33:35'),(863,'3439272',1,'ANA PAULA MEDEIROS LUIZ','1988-02-11 02:00:00',0,'11971383449','2023-02-07 01:55:34','2023-02-07 01:57:34'),(864,'3439270',1,'MARIA HENRIQUETA PESSELA','1979-07-02 02:00:00',0,'11984790482','2023-02-07 02:32:46','2023-02-07 02:36:50'),(865,'1171818',1,'LANA HARUMI TAKUMA','1977-07-29 02:00:00',0,'11942168962','2023-02-07 03:19:47','2023-02-07 18:46:35'),(866,'3439195',1,'MATHEUS KELEMENTI PORSANI','2007-04-22 02:00:00',0,'000000000','2023-02-07 03:50:26','2023-02-09 08:27:07'),(867,'1176397',1,'MARIA GABRIELA MILIONI ALHO','1995-11-16 02:00:00',0,'11997415887','2023-02-07 04:19:38','2023-02-08 13:47:56'),(868,'3439056',1,'MARILU LILIAN DOS SANTOS SENA','1985-06-03 02:00:00',0,'11972080588','2023-02-07 07:48:16','2023-02-07 10:28:14'),(869,'3439293',1,'RICARDO FERNANDES CSER','1970-09-08 02:00:00',0,'11996791470','2023-02-07 08:18:58','2023-02-07 08:24:25'),(870,'3439111',1,'MAYRA ANDREZA BORGHI','1977-03-10 02:00:00',0,'11944458429','2023-02-07 09:04:35','2023-02-10 09:15:38'),(871,'3237346',1,'CATHARINA DINIZ LIMA','2020-11-22 02:00:00',0,'11989244566','2023-02-07 14:23:30','2023-02-07 14:26:44'),(872,'3337203',1,'VITOR FERNANDES SILVA','1995-05-07 02:00:00',0,'11972341221','2023-02-07 16:13:51','2023-02-09 00:14:56'),(873,'3423047',1,'ANA PAULA KAKITANI TOYOSHIMA','1982-04-30 02:00:00',0,'11992773681','2023-02-07 17:36:34','2023-02-07 19:37:55'),(874,'2288590',4,'LEANDRA OLIVEIRA DE SANTANA','1986-04-19 02:00:00',0,'75999622316','2023-02-07 18:28:42','2023-02-07 20:57:03'),(875,'3298692',1,'HILDA GUEDES MOLINA','1974-01-29 02:00:00',0,'11976797340','2023-02-07 18:31:38','2023-02-07 18:32:35'),(876,'374862',1,'FABIANA ALVES TOMAZ','1982-01-12 02:00:00',0,'11991793617','2023-02-07 19:31:00','2023-02-08 00:47:02'),(877,'3358306',1,'LARA CRISTINA YURI WADA','1974-01-10 02:00:00',0,'11932323982','2023-02-07 19:45:00','2023-02-07 23:37:12'),(878,'3439525',1,'GLALTER INACIO DE BRITTO','1986-11-10 02:00:00',0,'11983613426','2023-02-07 20:37:11','2023-02-07 20:38:35'),(879,'3429045',1,'FERNANDA KARINE RANGEL','1999-07-08 02:00:00',0,'11951146482','2023-02-07 20:41:29','2023-02-07 20:44:25'),(880,'943340',1,'MARCOS ROSA DE JESUS','1978-12-03 02:00:00',0,'11914829269','2023-02-07 20:49:52','2023-02-07 20:52:07'),(881,'3439413',1,'JULIA MIRANDA HUMPHREYS','2000-12-17 02:00:00',0,'11991775207','2023-02-07 21:03:25','2023-02-08 15:19:36'),(882,'1146683',1,'NIVEA DA SILVA FERREIRA','1989-01-25 02:00:00',0,'11942447890','2023-02-07 21:37:06','2023-02-07 22:56:55'),(883,'614954',1,'CAMILA TERESA TORTAMANO LATORRE CAMPANA','1982-03-14 02:00:00',0,'11992352901','2023-02-07 23:00:40','2023-02-10 11:56:49'),(884,'3240565',1,'THAMIRES CARVALHO TORRES','1997-10-18 02:00:00',0,'11971769604','2023-02-07 23:19:52','2023-02-08 16:19:56'),(885,'3439502',1,'THAYS IARA TRISTAO','1990-04-26 02:00:00',0,'11932842803','2023-02-07 23:44:45','2023-02-14 02:18:23'),(886,'1043225',1,'JOICE OLIVEIRA FLORES','1982-05-01 02:00:00',0,'11992482959','2023-02-08 00:41:14','2023-02-08 12:32:06'),(887,'3228338',1,'ALINE GODKE MANGINI','2014-04-23 02:00:00',0,'11998801324','2023-02-08 00:47:37','2023-02-08 17:22:48'),(888,'3439597',1,'ALEXANDER GEDDES AGUILAR','2006-02-21 02:00:00',0,'000000000','2023-02-08 01:19:01','2023-02-08 17:22:56'),(889,'896860',1,'CAMILA RIBEIRO COSTA','1981-12-22 02:00:00',0,'11992037664','2023-02-08 01:51:59','2023-02-11 14:13:40'),(890,'978968',1,'ANDREZA PATRICIA QUERIDO','1982-10-28 02:00:00',0,'11979618970','2023-02-08 01:58:43','2023-02-08 09:13:06'),(891,'3439605',1,'ROBERTO DE MATTOS PESTANA','1977-02-23 02:00:00',0,'11947455077','2023-02-08 02:20:32','2023-02-08 02:22:56'),(892,'3439596',1,'GUILHERME YOSHIHISSA NAKAYAMA','1993-10-28 02:00:00',0,'11995386308','2023-02-08 02:39:43','2023-02-08 03:02:25'),(893,'3439592',1,'ISAQUE RAMON DE ALMEIDA','1986-11-29 02:00:00',0,'11979824931','2023-02-08 03:01:39','2023-02-08 20:22:17'),(894,'1034781',1,'ADRIANA MARTINS GONCALEZ','1979-04-12 02:00:00',0,'11985802634','2023-02-08 03:04:33','2023-02-08 05:07:25'),(895,'1137461',1,'CLARA RODRIGUES COSTA','1986-05-16 02:00:00',0,'11948797378','2023-02-08 03:15:19','2023-02-08 03:17:05'),(896,'690309',1,'GIANMARCO LAZZARI BERTACCINI','1972-12-30 02:00:00',0,'11999223245','2023-02-08 04:06:26','2023-02-08 05:19:56'),(897,'808053',1,'PRISCILA DA SILVA PERPETUA','1983-03-16 02:00:00',0,'11985767078','2023-02-08 04:47:22','2023-02-08 10:20:36'),(898,'1070444',1,'LUCIANA SOUZA ENDO KANAAN','1980-02-23 02:00:00',0,'11981805927','2023-02-08 04:48:54','2023-02-11 22:01:00'),(899,'816957',1,'FILLIPE MORO MUNIZ PIRES','1998-08-10 02:00:00',0,'11952886603','2023-02-08 05:20:58','2023-02-08 05:21:55'),(900,'1049735',1,'RENATA SOARES SANTANA DE LIMA','1979-06-06 02:00:00',0,'11984945655','2023-02-08 07:51:33','2023-02-10 21:04:09'),(901,'3439629',1,'CARLA FREITAS DO NASCIMENTO','1972-04-29 02:00:00',0,'11996164088','2023-02-08 09:03:12','2023-02-09 15:59:28'),(902,'3439631',1,'SASHA TAMARA SCHENKEL','1993-09-16 02:00:00',0,'11985227702','2023-02-08 09:14:08','2023-02-08 13:21:26'),(903,'755748',1,'CILENE TAVARES DE ALMEIDA FRIAS','1971-06-02 02:00:00',0,'11987949449','2023-02-08 10:32:45','2023-02-08 11:19:46'),(904,'3438887',1,'ANELY SILVA DE GOIS SANTOS','1991-01-17 02:00:00',0,'82988160093','2023-02-08 12:04:54','2023-02-12 03:41:40'),(905,'3284181',1,'GIOVANNA FLORES LEAL TAVARES','2001-03-08 02:00:00',0,'11949219203','2023-02-08 12:46:11','2023-02-08 12:48:56'),(906,'3251856',1,'CLEIDE DE SA ALVES','1973-03-15 02:00:00',0,'11984857546','2023-02-08 13:51:23','2023-02-08 15:45:36'),(907,'3370866',1,'KAREN BRITO SANTOS','1997-01-10 02:00:00',0,'000000000','2023-02-08 14:33:47','2023-02-10 12:37:49'),(908,'1124925',1,'ELEN DEISE LOPES NEVES FRANCISCO','1987-04-20 02:00:00',0,'11962823489','2023-02-08 14:35:25','2023-02-08 16:12:17'),(909,'1118539',1,'LIDIA PEREIRA DA SILVA GODOI','1991-03-11 02:00:00',0,'11997972798','2023-02-08 16:40:14','2023-02-08 16:43:17'),(910,'872837',1,'VERA VIANA LEAL','1972-03-18 02:00:00',0,'11980238514','2023-02-08 16:42:06','2023-02-08 16:42:06'),(911,'3290176',1,'WANDERLEY RAMOS FERREIRA','1972-03-25 02:00:00',0,'11987767334','2023-02-08 18:04:36','2023-02-08 18:05:15'),(912,'3290728',1,'MARTHA MALHEIRO LAUNAY','1985-02-21 02:00:00',0,'21965719025','2023-02-08 20:12:45','2023-02-08 20:13:56'),(913,'3439639',1,'VALTER ALEX VICENTE','1975-06-03 02:00:00',0,'000000000','2023-02-08 21:28:02','2023-02-11 22:16:40'),(914,'2678657',1,'LUANA LELES MARTINS','1991-04-22 02:00:00',0,'2420303408','2023-02-08 21:43:46','2023-02-08 21:46:11'),(915,'945475',1,'LUCIANA MAYUMI NAKAHARA','1983-02-04 02:00:00',0,'11999815580','2023-02-08 22:23:24','2023-02-09 23:39:40'),(916,'1032095',4,'REBECA JULIA DE JESUS PEREIRA','2009-08-06 02:00:00',0,'71988294603','2023-02-08 22:36:58','2023-02-08 22:41:51'),(917,'455848',1,'LUIS AUGUSTO FERREIRA BARTOLOMEI','1977-11-30 02:00:00',0,'11996620712','2023-02-09 01:02:45','2023-02-09 01:24:50'),(918,'3439836',1,'SOPHIA RODRIGUES BESSA','2003-02-21 02:00:00',0,'11974116944','2023-02-09 01:05:05','2023-02-09 23:26:57'),(919,'846166',1,'LUANA ARAUJO BATISTA DOS SANTOS','1985-01-25 02:00:00',0,'11987206568','2023-02-09 01:48:23','2023-02-09 02:01:27'),(920,'3439872',1,'VALDIRENE MARTINS MENCK','1976-07-24 02:00:00',0,'11954074432','2023-02-09 02:28:40','2023-02-09 03:04:26'),(921,'3439930',1,'SANDRA IZUMI TAKAHASHI ARAHAWA','1970-03-12 02:00:00',0,'11997056538','2023-02-09 03:11:31','2023-02-09 23:08:37'),(922,'1001342',1,'PEDRO MIURA SUGAYAMA','1997-01-14 02:00:00',0,'11996473595','2023-02-09 03:14:08','2023-02-09 12:01:32'),(923,'578810',1,'GIOVANNA ARGENTIERI NUNES','2003-01-16 02:00:00',0,'11976587253','2023-02-09 03:28:13','2023-02-10 22:59:19'),(924,'3439915',1,'NUBIA NUNES DA SILVA ANDRADE','1990-09-17 02:00:00',0,'000000000','2023-02-09 04:41:49','2023-02-09 04:54:46'),(925,'3209427',1,'BRUNA ROCHA PIOVEZAN','1996-05-30 02:00:00',0,'19971113324','2023-02-09 05:41:45','2023-02-09 08:49:17'),(926,'1142628',1,'LUIZ FERNANDO CUNHA DE FREITAS','1987-06-12 02:00:00',0,'11976399779','2023-02-09 08:20:00','2023-02-09 08:20:55'),(927,'1158377',1,'JUSSARA FELIX PEREIRA','1979-06-13 02:00:00',0,'11946414391','2023-02-09 09:24:09','2023-02-09 09:25:57'),(928,'1993783',4,'ALINE ALVES DE JESUS','1985-03-10 02:00:00',0,'71999342225','2023-02-09 13:12:56','2023-02-09 13:12:56'),(929,'413333',1,'MARCO ANTONIO RAPOSO MARTINS','1977-04-17 02:00:00',0,'11987527118','2023-02-09 14:08:23','2023-02-10 03:54:48'),(930,'3439778',1,'MARIA CLARA COSTA MANHAES','2023-01-06 02:00:00',0,'11954994834','2023-02-09 14:54:38','2023-02-10 15:36:28'),(931,'3439972',1,'FELIPE DE ALMEIDA SARTORI','2010-04-06 02:00:00',0,'000000000','2023-02-09 15:14:01','2023-02-10 13:27:09'),(932,'932910',1,'IURY DE SALVADOR E LIMA','1975-03-14 02:00:00',0,'11982289441','2023-02-09 18:07:41','2023-02-09 20:55:20'),(933,'715867',1,'YURI RODRIGUES VELOSO LAHAM','2010-08-17 02:00:00',0,'11991681525','2023-02-09 19:29:50','2023-02-09 21:41:38'),(934,'3423417',1,'LUANY XAVIER ARAMINI','2008-02-19 02:00:00',0,'11963594491','2023-02-09 21:10:03','2023-02-15 14:10:50'),(935,'3237770',1,'BENTO SCHWARDT DE NARDO','2019-12-27 02:00:00',0,'11994873107','2023-02-09 21:43:57','2023-02-09 21:51:58'),(936,'3214633',1,'RENATO DE AGUIAR RODRIGUES','1983-04-17 02:00:00',0,'11989903781','2023-02-09 23:12:01','2023-02-09 23:13:48'),(937,'762366',1,'JULIA MORENO ODA','2001-03-12 02:00:00',0,'11984281791','2023-02-09 23:24:18','2023-02-09 23:27:18'),(938,'3440265',1,'MARIA ISABELA VIEIRA PRADO','2015-05-21 02:00:00',0,'75991941885','2023-02-09 23:38:15','2023-02-09 23:41:07'),(939,'1091106',1,'AURELIO SPINA','1972-05-11 02:00:00',0,'11971008900','2023-02-10 00:01:41','2023-02-10 00:03:08'),(940,'3437224',1,'JOSIANE PEREIRA CRESPO RAPOSO','1984-01-12 02:00:00',0,'1145532019','2023-02-10 00:17:24','2023-02-10 12:56:48'),(941,'3434647',1,'FERNANDA XAVIER DE OLIVEIRA BERALDO','1979-06-15 02:00:00',0,'11986540147','2023-02-10 00:23:12','2023-02-10 00:27:12'),(942,'3440042',1,'EVANILDO FREITAS DO NASCIMENTO JUNIOR','1994-11-24 02:00:00',0,'000000000','2023-02-10 01:31:10','2023-02-10 16:24:19'),(943,'875487',1,'LUIZA ALVES FERREIRA','2002-06-03 02:00:00',0,'11961938368','2023-02-10 01:32:45','2023-02-10 01:37:05'),(944,'3440285',1,'CARLOS FILLIPE ALVES','1987-07-30 02:00:00',0,'11971434973','2023-02-10 02:02:50','2023-02-10 02:59:58'),(945,'930021',1,'LUCIA GONCALVES MARTINS','1976-08-31 02:00:00',0,'11969439394','2023-02-10 02:05:54','2023-02-10 23:21:09'),(946,'3178199',1,'MARIA CLARA GONCALVES PIEDADE','1980-09-13 02:00:00',0,'14996311614','2023-02-10 03:36:12','2023-02-10 07:18:28'),(947,'3440353',1,'EDUARDO MARUXO PERES','1980-04-01 02:00:00',0,'11985302547','2023-02-10 04:32:41','2023-02-10 18:02:18'),(948,'3440226',1,'VIVIANE VIEIRA DA SILVA','1986-11-11 02:00:00',0,'000000000','2023-02-10 04:40:56','2023-02-12 22:42:21'),(949,'3440370',1,'RAFAELA GONCALVES RODRIGUES','2013-03-18 02:00:00',0,'000000000','2023-02-10 04:54:04','2023-02-10 09:06:49'),(950,'3440309',1,'RAFAEL ANTONIO PINHEIRO','1994-02-12 02:00:00',0,'11970671401','2023-02-10 05:30:25','2023-02-11 02:05:30'),(951,'3440093',1,'TAMIRIS DE SOUZA SANTOS','1996-12-30 02:00:00',0,'11985899044','2023-02-10 06:02:03','2023-02-10 06:52:28'),(952,'333352',1,'MARIA DO ROSARIO FATIMA B DE J F REGGIO','1970-08-01 02:00:00',0,'11994012323','2023-02-10 08:37:54','2023-02-10 17:53:58'),(953,'3226233',1,'GUSTAVO SILVA ROCHA','2000-08-01 02:00:00',0,'000000000','2023-02-10 09:41:20','2023-02-12 01:34:50'),(954,'3440392',1,'MARCELO MAGALHAES DE SOUZA','1971-04-11 02:00:00',0,'000000000','2023-02-10 09:55:03','2023-02-11 18:03:40'),(955,'857170',1,'JOAO PEDRO GAROF FIGUEROLA','2010-05-08 02:00:00',0,'11996387469','2023-02-10 10:04:05','2023-02-10 10:18:08'),(956,'3425943',1,'ANSELMA CARVALHO CORDEIRO','1979-11-08 02:00:00',0,'000000000','2023-02-10 11:17:18','2023-02-10 11:18:51'),(957,'3440331',1,'CAIO FIGUEIREDO ESTEVES','2016-11-06 02:00:00',0,'000000000','2023-02-10 11:30:31','2023-02-10 11:32:08'),(958,'3107876',1,'JADE DIB FERNANDEZ','1991-02-23 02:00:00',0,'11999994492','2023-02-10 11:57:26','2023-02-10 11:58:18'),(959,'3418160',1,'RENATA SARNAGIOTO BAMPI','1995-06-03 02:00:00',0,'51994455099','2023-02-10 12:53:34','2023-02-11 01:51:29'),(960,'1104256',1,'DANIELA PATRICIA PAULA DE FREITAS','1976-09-30 02:00:00',0,'11947606748','2023-02-10 17:25:17','2023-02-10 17:28:59'),(961,'3439935',1,'TAYNA RODRIGUES TAVARES','1992-11-13 02:00:00',0,'11943004087','2023-02-10 17:40:49','2023-02-10 18:47:09'),(962,'1162704',1,'EDWARD JOHN DOUGLAS LYN DAVIES','1984-11-13 02:00:00',0,'11999947026','2023-02-10 19:00:35','2023-02-10 19:03:09'),(963,'3248503',1,'ERIC TRAN','1973-01-09 02:00:00',0,'11991556726','2023-02-10 19:59:52','2023-02-10 20:18:49'),(964,'3440402',1,'BEATRIZ CIBELE SOARES DA ROCHA','2000-02-11 02:00:00',0,'11961064018','2023-02-10 22:26:18','2023-02-10 22:28:09'),(965,'3313939',1,'GIL EDUARDO KRUG DUO','1975-05-30 02:00:00',0,'11965676573','2023-02-10 22:38:28','2023-02-10 22:39:05'),(966,'1147276',1,'GISLAINE DO NASCIMENTO DA CRUZ','1973-03-06 02:00:00',0,'11994612073','2023-02-11 02:23:17','2023-02-11 02:37:06'),(967,'3056905',1,'BARBARA LAGROTERIA VICENTE','1996-06-20 02:00:00',0,'11996220301','2023-02-11 02:33:48','2023-02-13 16:58:13'),(968,'3440640',1,'ANTHONY VENTURA GUIMARAES CRUZ','2023-01-18 02:00:00',0,'11960976501','2023-02-11 05:12:38','2023-02-13 22:26:03'),(969,'3440718',1,'CESAR SOARES BARBOSA JUNIOR','1977-12-02 02:00:00',0,'000000000','2023-02-11 05:33:36','2023-02-12 01:26:01'),(970,'3440739',1,'NATALY TIZIANI CAPELLO','1982-08-01 02:00:00',0,'11992568212','2023-02-11 07:30:52','2023-02-11 20:53:30'),(971,'3440613',1,'JUPIRACI CAMARA JOIA RIBEIRO','1980-12-06 02:00:00',0,'11997477231','2023-02-11 13:12:40','2023-02-11 13:41:18'),(972,'1074114',1,'CELSIMAR VAZ DO CARMO','1973-05-30 02:00:00',0,'11983943720','2023-02-11 13:25:08','2023-02-11 13:29:00'),(973,'3289931',1,'RAFAELLA ARAUJO VIEIRA DE CASTRO','2010-06-03 02:00:00',0,'34996657736','2023-02-11 14:39:37','2023-02-15 18:01:50'),(974,'3440535',1,'FERNANDO DA COSTA MELO','1978-11-26 02:00:00',0,'11969063693','2023-02-11 15:22:41','2023-02-11 15:23:50'),(975,'3133419',1,'CHRYSLAINE DE CASTRO OLIVEIRA','1999-06-08 02:00:00',0,'11977482686','2023-02-11 18:08:55','2023-02-11 18:09:40'),(976,'761495',1,'ALINE DIAS DA SILVA','1982-03-01 02:00:00',0,'11962605011','2023-02-11 18:29:38','2023-02-13 00:57:01'),(977,'1012605',1,'DARIO NEGREIROS MANFIOLI','2013-12-19 02:00:00',0,'11996557425','2023-02-12 03:26:11','2023-02-12 18:47:02'),(978,'2938048',1,'PEDRO LOIACONI COVACIUC','2017-05-31 02:00:00',0,'11987044966','2023-02-12 09:35:40','2023-02-12 10:26:20'),(979,'3439941',1,'MIRIAM ROSA DA SILVA ROZZO','1972-01-26 02:00:00',0,'11986972378','2023-02-12 12:08:28','2023-02-14 11:07:34'),(980,'3440768',1,'JUN MUNIN IKEDA','2018-09-10 02:00:00',0,'000000000','2023-02-12 19:50:36','2023-02-12 19:51:22'),(981,'3440948',1,'AUREA REGINA BORTOLETO','1973-05-01 02:00:00',0,'11986845568','2023-02-12 20:48:35','2023-02-12 20:51:42'),(982,'1141696',1,'ATILA SANTOS LEITE','1974-06-08 02:00:00',0,'11988255959','2023-02-13 00:39:10','2023-02-13 00:40:22'),(983,'3052609',1,'GRACE PERETES DOS SANTOS','1974-02-16 02:00:00',0,'71988435019','2023-02-13 01:55:25','2023-02-13 02:03:32'),(984,'2958632',1,'LUIZ RICARDO FINI','1983-08-31 02:00:00',0,'11981230603','2023-02-13 02:40:39','2023-02-13 02:43:32'),(985,'560945',1,'MARCIO FERREIRA DOS SANTOS','1977-12-03 02:00:00',0,'000000000','2023-02-13 02:55:02','2023-02-14 01:57:29'),(986,'3432178',1,'TATIANA RODRIGUES SANDOVAL','1977-07-25 02:00:00',0,'11981829266','2023-02-13 03:00:43','2023-02-13 03:03:22'),(987,'3220207',1,'TAYLA ANGEL BORGES BRANDAO','2000-09-21 02:00:00',0,'000000000','2023-02-13 03:41:02','2023-02-15 11:51:05'),(988,'1116198',1,'GUILHERME CARVALHO DIAS','1994-08-10 02:00:00',0,'11959551865','2023-02-13 04:46:38','2023-02-13 07:25:32'),(989,'1103050',1,'ISABELA BATISTA PRATES','2016-04-28 02:00:00',0,'11964716618','2023-02-13 05:38:37','2023-02-13 13:05:13'),(990,'3185313',1,'FABIO PATRICIO DE SANTANA','1978-11-18 02:00:00',0,'000000000','2023-02-13 08:23:20','2023-02-13 08:24:02'),(991,'3441049',1,'VICTOR LISBOA PEIXOTO','1994-12-05 02:00:00',0,'71997050512','2023-02-13 08:55:46','2023-02-13 10:44:09'),(992,'3220102',1,'GABRIEL PECAROVICH RIBEIRO DA SILVA','2018-01-08 02:00:00',0,'11981559190','2023-02-13 11:55:54','2023-02-14 23:46:14'),(993,'3196336',1,'THIAGO HENRIQUE DE ALMEIDA','1980-05-11 02:00:00',0,'11999277915','2023-02-13 11:56:38','2023-02-13 11:57:06'),(994,'3440564',1,'CLARA MARTINS ALONSO','2002-09-04 02:00:00',0,'000000000','2023-02-13 14:41:56','2023-02-15 10:58:44'),(995,'2933388',1,'RAUL SARGENTINI','2018-09-22 02:00:00',0,'16997549448','2023-02-13 15:26:18','2023-02-14 10:36:43'),(996,'3370271',1,'ZEILA TOME ALVES','1976-02-07 02:00:00',0,'3491841822','2023-02-13 16:37:28','2023-02-13 16:39:52'),(997,'3106177',1,'MATEUS YU JIN CHANG','2020-10-26 02:00:00',0,'11972842168','2023-02-13 17:00:30','2023-02-15 17:05:15'),(998,'1155949',1,'CAIO SANDRO LINS','1994-01-19 02:00:00',0,'11910241901','2023-02-13 17:55:36','2023-02-14 10:18:03'),(999,'3267147',1,'GABRIELLE CORREA DE SOUZA CRUZ','1986-07-04 02:00:00',0,'11972093793','2023-02-13 18:11:07','2023-02-14 11:37:04'),(1000,'955726',1,'MARIANA GUIMARAES PEDRO CORREA','2012-05-21 02:00:00',0,'11985236152','2023-02-13 19:16:25','2023-02-13 19:21:43'),(1001,'1442346',4,'ERIVALDO ALVES DE JESUS','1980-01-25 02:00:00',0,'71996159081','2023-02-13 19:23:17','2023-02-13 19:25:23'),(1002,'3426960',1,'TALITA BORBA BRUNO','1990-06-16 02:00:00',0,'000000000','2023-02-13 21:38:48','2023-02-14 03:16:43'),(1003,'3440619',1,'MARCIA SILVA FERREIRA','1971-11-18 02:00:00',0,'11989188668','2023-02-13 22:39:52','2023-02-13 22:40:53'),(1004,'3431582',1,'MARIA FLOR ROCHA DE MENEZES E ROCHA','2008-12-12 02:00:00',0,'92999993663','2023-02-13 23:25:20','2023-02-14 21:52:35'),(1005,'3301699',1,'JOSE HORACIO DE OLIVEIRA JUNIOR','1990-11-20 02:00:00',0,'13996679948','2023-02-13 23:59:48','2023-02-14 00:04:23'),(1006,'975362',1,'ELISA FERNANDA DE O GOMES GONCALVES','1977-06-13 02:00:00',0,'11982575058','2023-02-14 00:21:31','2023-02-14 00:22:23'),(1007,'672223',1,'CAMILLE FORLI LACERDA MOREIRA','2005-01-29 02:00:00',0,'11996690129','2023-02-14 00:41:53','2023-02-15 10:02:55'),(1008,'1924087',4,'CLARISSA SILVA ALMEIDA BARROS','1985-10-30 02:00:00',0,'71987478284','2023-02-14 00:48:38','2023-02-14 00:49:42'),(1009,'3441050',1,'FABIANA TRISTAO E MELLO','1973-03-08 02:00:00',0,'000000000','2023-02-14 01:07:42','2023-02-14 01:09:23'),(1010,'3173017',1,'ERIC MARCEL COSTA','1979-09-17 02:00:00',0,'11992955177','2023-02-14 01:09:59','2023-02-14 01:14:03'),(1011,'2970183',1,'MARIA CLARA CARVALHO MEIRELLES REIS','2018-10-11 02:00:00',0,'11992007250','2023-02-14 01:25:29','2023-02-14 01:33:43'),(1012,'3415459',1,'LUCAS DE AZEVEDO SEVERO','1995-04-20 02:00:00',0,'11997924341','2023-02-14 01:32:35','2023-02-14 13:33:34'),(1013,'3441375',1,'CARINA CASALECCHI PEREIRA','2002-01-07 02:00:00',0,'11944491812','2023-02-14 01:40:08','2023-02-14 02:55:03'),(1014,'3441484',1,'STEPHANE CRISTINY DE SOUSA CORDEIRO','1991-11-02 02:00:00',0,'11939121991','2023-02-14 01:45:12','2023-02-14 01:46:13'),(1015,'3069394',1,'HELOISA LOPES DE ANDRADE','2015-05-05 02:00:00',0,'11987024457','2023-02-14 02:37:46','2023-02-15 13:33:15'),(1016,'3348033',1,'JOAO PAULO DA SILVA','1981-05-20 02:00:00',0,'11986089034','2023-02-14 02:43:02','2023-02-14 02:44:23'),(1017,'3440056',1,'SANDY SILVA PEREIRA','1998-06-30 02:00:00',0,'11960360590','2023-02-14 03:16:35','2023-02-14 18:37:04'),(1018,'3413547',1,'JULIANA MILLA GONCALVES','1986-11-23 02:00:00',0,'11988849292','2023-02-14 03:33:13','2023-02-15 16:18:15'),(1019,'3441447',1,'LUIZ FELIPE VOLPI RAMOS CARNEIRO','1998-05-19 02:00:00',0,'000000000','2023-02-14 04:48:32','2023-02-14 23:26:24'),(1020,'1052482',1,'VALQUIRIA DOS SANTOS DE PASSOS','1970-12-15 02:00:00',0,'11991019395','2023-02-14 07:17:19','2023-02-14 11:28:04'),(1021,'3198255',1,'ELOISA DA SILVA MARQUES','1985-11-07 02:00:00',0,'11952158220','2023-02-14 07:18:51','2023-02-14 07:19:53'),(1022,'3268809',1,'DANIELLA AKEMY YSHIOKA','2005-01-21 02:00:00',0,'11971181599','2023-02-14 07:32:29','2023-02-14 07:34:53'),(1023,'3429649',1,'KLEBERSON DOS SANTOS SILVA','1988-12-01 02:00:00',0,'11967177685','2023-02-14 08:31:52','2023-02-14 08:35:54'),(1024,'3069593',1,'JENNIFFER DOS SANTOS FERNANDES RODRIGUES','2007-08-08 02:00:00',0,'000000000','2023-02-14 08:52:40','2023-02-14 19:21:04'),(1025,'3441469',1,'FELIPE ALVES BONAFE','2018-01-24 02:00:00',0,'11992520818','2023-02-14 09:47:21','2023-02-14 09:49:34'),(1026,'3297357',1,'PATRICIA CARRASCO DE CASTRO BOLPETTI','1985-03-18 02:00:00',0,'11941101003','2023-02-14 09:55:38','2023-02-14 09:56:44'),(1027,'3232716',1,'LUCAS ROCHA DE OLIVEIRA FILHO','2019-10-13 02:00:00',0,'11971367803','2023-02-14 12:58:32','2023-02-15 14:23:35'),(1028,'1111150',1,'RHENAN GOMES DOS SANTOS QUEIROZ','1993-06-28 02:00:00',0,'11986142806','2023-02-14 16:24:17','2023-02-14 21:32:54'),(1029,'3196833',1,'VITORIA PERES COBO KOYAMA','1997-07-22 02:00:00',0,'000000000','2023-02-14 19:21:44','2023-02-14 19:31:24'),(1030,'3441527',1,'VINICIUS SILVA DO NASCIMENTO','1975-08-22 02:00:00',0,'11989768878','2023-02-14 19:31:38','2023-02-15 10:23:15'),(1031,'2255062',4,'RAVI ROCHA DE SANTANA SILVA','2022-09-05 02:00:00',0,'71999565432','2023-02-14 19:33:27','2023-02-14 19:34:14'),(1032,'962692',1,'RAFAEL CROCCI INNARELLI','2013-06-17 02:00:00',0,'11982181910','2023-02-14 19:52:12','2023-02-15 15:18:25'),(1033,'670725',1,'GIANLUCCA ALMEIDA BOGHI','2001-07-21 02:00:00',0,'11974824741','2023-02-14 20:45:36','2023-02-15 18:06:46'),(1034,'3404487',1,'ELISABETE GUIMARAES ROCHA','1973-06-26 02:00:00',0,'11992103185','2023-02-14 22:12:54','2023-02-14 22:15:14'),(1035,'3441668',1,'RODRIGO DA FONSECA SERZEDELLO PEREIRA','2010-08-12 02:00:00',0,'11941434545','2023-02-14 22:56:48','2023-02-15 17:38:15'),(1036,'3135401',1,'CHARLA LIMA DO NASCIMENTO FERREIRA','1980-06-12 02:00:00',0,'11962763932','2023-02-14 23:49:29','2023-02-14 23:51:24'),(1037,'3426458',1,'FERNANDA FERNANDES PIRES','2002-05-26 02:00:00',0,'11981743128','2023-02-15 00:22:23','2023-02-15 07:40:45'),(1038,'3040636',1,'CARLOS EDUARDO TRABULO','1970-08-19 02:00:00',0,'11982588685','2023-02-15 00:30:12','2023-02-15 00:33:45'),(1039,'3408925',1,'BRUNA PRATES PUCCI','1985-10-15 02:00:00',0,'000000000','2023-02-15 00:33:30','2023-02-15 00:36:54'),(1040,'2988391',1,'VALTER GARCIA CHARRO','1979-06-20 02:00:00',0,'11999061821','2023-02-15 00:43:02','2023-02-15 13:36:35'),(1041,'3440994',1,'ALICE AMORIM DE OLIVEIRA','2018-05-16 02:00:00',0,'12997151379','2023-02-15 01:13:29','2023-02-15 02:07:24'),(1042,'3265780',1,'ISABELA MARINHO LUZ','1999-10-28 02:00:00',0,'11997005833','2023-02-15 01:30:13','2023-02-15 14:08:35'),(1043,'3393517',1,'ANA BEATRIZ MAGLIO SOARES DE ALMEIDA','2004-05-27 02:00:00',0,'11981140372','2023-02-15 02:56:23','2023-02-15 04:02:04'),(1044,'1067252',1,'TATIANA VIOLA DE QUEIROZ','1978-03-31 02:00:00',0,'11984611080','2023-02-15 03:01:43','2023-02-15 03:04:24'),(1045,'3441878',1,'GABRIELLE BAPTISTA JORGE','1989-01-03 02:00:00',0,'11994752200','2023-02-15 03:08:22','2023-02-15 11:28:09'),(1046,'350525',1,'LUIS SERGIO BARBOSA ROCHA','1978-11-13 02:00:00',0,'11975818879','2023-02-15 03:09:45','2023-02-15 03:10:55'),(1047,'1086528',1,'VALDINIRA APARECIDA SALVIANO','1972-01-02 02:00:00',0,'11972577527','2023-02-15 05:17:42','2023-02-15 05:19:04'),(1048,'974628',1,'MARIANA GERALDO PEREIRA','2006-08-02 02:00:00',0,'11992360478','2023-02-15 07:00:18','2023-02-15 07:02:14'),(1049,'3441894',1,'THOMAS ALVES DE ALMEIDA','2011-06-05 02:00:00',0,'21992650215','2023-02-15 08:16:33','2023-02-15 12:02:35'),(1050,'3441712',1,'MONIQUE DE MELO ALMEIDA','1981-01-02 02:00:00',0,'11983347236','2023-02-15 08:17:01','2023-02-15 08:18:55'),(1051,'3416522',1,'MARCELO PETTERSON FABRETTI','1974-06-11 02:00:00',0,'44999514910','2023-02-15 08:29:52','2023-02-15 08:35:14'),(1052,'900138',1,'ISADORA ABATE GOMES','2007-07-23 02:00:00',0,'11991947930','2023-02-15 09:01:24','2023-02-15 10:57:40'),(1053,'3441815',1,'ALESSANDRO RODRIGO CAMATA','1978-08-30 02:00:00',0,'11996545664','2023-02-15 09:03:21','2023-02-15 09:08:35'),(1054,'3441656',1,'FLAVIO ALVES','1985-12-25 02:00:00',0,'11998939511','2023-02-15 09:33:15','2023-02-15 09:35:04'),(1055,'3441764',1,'CAROLINE CONSTANTINO DE SOUZA','1987-07-03 02:00:00',0,'11993330694','2023-02-15 12:28:49','2023-02-15 12:32:04'),(1056,'869187',1,'FABIANA ALZANI SEIXAS','1977-06-25 02:00:00',0,'11994610728','2023-02-15 14:18:57','2023-02-15 14:20:08'),(1057,'2284289',4,'LUARA MENDONCA SILVA FRANCA','2022-12-20 02:00:00',0,'71992816221','2023-02-15 14:42:37','2023-02-15 14:44:22'),(1058,'3161522',1,'GIOVANA DE GODOY MOREIRA','2000-02-07 02:00:00',0,'11999332029','2023-02-15 15:28:03','2023-02-15 18:07:05'),(1059,'49417',4,'FELIPE CARDOSO BOMFIM','1991-09-10 00:00:00',0,'71982777641','2023-02-15 17:20:18','2023-02-15 17:22:05'),(1060,'1988654',4,'MARIA ISIS MONTEIRO MACHADO','2019-06-16 02:00:00',0,'71997304695','2023-02-15 18:15:49','2023-02-15 18:17:55');
/*!40000 ALTER TABLE `clients` ENABLE KEYS */;
UNLOCK TABLES;

--
-- Table structure for table `companies`
--

DROP TABLE IF EXISTS `companies`;
/*!40101 SET @saved_cs_client     = @@character_set_client */;
/*!40101 SET character_set_client = utf8 */;
CREATE TABLE `companies` (
  `id` int(10) unsigned NOT NULL AUTO_INCREMENT,
  `i_code` varchar(255) DEFAULT NULL,
  `description` varchar(255) DEFAULT NULL,
  `access_key` varchar(255) DEFAULT NULL,
  `is_active` tinyint(1) DEFAULT '1',
  `created_at` timestamp NOT NULL DEFAULT CURRENT_TIMESTAMP,
  `updated_at` timestamp NOT NULL DEFAULT CURRENT_TIMESTAMP,
  PRIMARY KEY (`id`)
) ENGINE=InnoDB AUTO_INCREMENT=6 DEFAULT CHARSET=utf8mb4;
/*!40101 SET character_set_client = @saved_cs_client */;

--
-- Dumping data for table `companies`
--

LOCK TABLES `companies` WRITE;
/*!40000 ALTER TABLE `companies` DISABLE KEYS */;
INSERT INTO `companies` VALUES (1,'7','Hospital Santa Catarina','G4gRG9lIiwiaWF0IjoxNTE2MjM5MDIyfQ',1,'2022-02-14 14:15:11','2022-02-14 14:15:11'),(2,'1','Concierge - Hospital Real Portugus','aaa222222',1,'2022-02-14 14:15:11','2022-02-14 14:15:11'),(3,'4','Hospital Santa Tereza','G4gRG9lIiwiaWF0IjoxNTE2MjM5MDIyfQ',1,'2022-03-23 14:10:44','2022-03-23 14:10:44'),(4,'1','Santa Casa BA','G4gRG9lIiwiaWF0IjoxNTE2MjM5MDIyfQ',1,'2022-08-16 14:32:01','2022-08-16 14:32:01'),(5,'1','Sepaco','G4gRG9lIiwiaWF0IjoxNTE2MjM5MDIyfQ',1,'2022-12-09 13:11:53','2022-12-09 13:11:53');
/*!40000 ALTER TABLE `companies` ENABLE KEYS */;
UNLOCK TABLES;

--
-- Table structure for table `external_apis`
--

DROP TABLE IF EXISTS `external_apis`;
/*!40101 SET @saved_cs_client     = @@character_set_client */;
/*!40101 SET character_set_client = utf8 */;
CREATE TABLE `external_apis` (
  `id` int(10) unsigned NOT NULL AUTO_INCREMENT,
  `company_id` int(10) unsigned DEFAULT NULL,
  `description` varchar(255) DEFAULT NULL,
  `url` varchar(255) DEFAULT NULL,
  `content_type` varchar(255) DEFAULT NULL,
  `body` longtext CHARACTER SET utf8mb4 COLLATE utf8mb4_bin,
  `headers` longtext CHARACTER SET utf8mb4 COLLATE utf8mb4_bin,
  `query_params` longtext CHARACTER SET utf8mb4 COLLATE utf8mb4_bin,
  `active` tinyint(1) DEFAULT '1',
  `data_field` varchar(255) DEFAULT NULL,
  `created_at` timestamp NOT NULL DEFAULT CURRENT_TIMESTAMP,
  `updated_at` timestamp NOT NULL DEFAULT CURRENT_TIMESTAMP,
  PRIMARY KEY (`id`),
  KEY `external_apis_company_id_foreign` (`company_id`),
  CONSTRAINT `external_apis_company_id_foreign` FOREIGN KEY (`company_id`) REFERENCES `companies` (`id`)
) ENGINE=InnoDB AUTO_INCREMENT=9 DEFAULT CHARSET=utf8mb4;
/*!40101 SET character_set_client = @saved_cs_client */;

--
-- Dumping data for table `external_apis`
--

LOCK TABLES `external_apis` WRITE;
/*!40000 ALTER TABLE `external_apis` DISABLE KEYS */;
INSERT INTO `external_apis` VALUES (1,1,'attendance','http://ensembleprod.acsc.org.br:8940/csp/healthshare/acscintegra/services/ACSC.Negocios.Atendimento.Wings.WS.Service.cls','text/xml','{\"soapenv:Envelope\": { \"@xmlns:soapenv\": \"http://schemas.xmlsoap.org/soap/envelope/\", \"soapenv:Header\": \"\", \"soapenv:Body\": {\"Atendimento\": { \"Atendimento\": { \"CdAtendimento\": 0 } } }}}','{\"Content-Type\": \"text/xml\", \"SOAPAction\": \"/ACSC.Negocios.Atendimento.Wings.WS.Service.Atendimento\"}',NULL,1,'AtendimentoResponse.AtendimentoResult','2022-02-14 14:15:11','2022-02-14 14:15:11'),(2,1,'tables','http://ensembleprod.acsc.org.br:8940/csp/healthshare/acscintegra/services/ACSC.Negocios.Atendimento.Wings.WS.Service.cls','text/xml','{\"soapenv:Envelope\": { \"@xmlns:soapenv\": \"http://schemas.xmlsoap.org/soap/envelope/\", \"soapenv:Header\": \"\", \"soapenv:Body\": {\"Setores\": { \"Setores\": { \"CdMultiEmpresa\": 0 } } }}}','{\"Content-Type\": \"text/xml\", \"SOAPAction\": \"/ACSC.Negocios.Atendimento.Wings.WS.Service.Setores\"}',NULL,1,'SetoresResponse.SetoresResult','2022-02-14 14:15:11','2022-02-14 14:15:11'),(3,2,'attendance','http://10.0.38.39/tascom/prd/tascomPanel/public/api/attendance','application/json','{\"atendimento\": 0, \"token\": \"ghjr4925ddrnnlpo56c6d5hj6d5b2e9aqz6494adadhjkghudsdf4d54mlo9kyrscnznx\"}',NULL,NULL,1,'message','2022-02-14 14:15:11','2022-02-14 14:15:11'),(4,2,'tables','http://110.0.38.39/tascom/prd/tascomPanel/public/api/tables','application/json','{\"cd_multi_empresa\": 0,\"token\": \"ghjr4925ddrnnlpo56c6d5hj6d5b2e9aqz6494adadhjkghudsdf4d54mlo9kyrscnznx\"}',NULL,NULL,1,'message','2022-02-14 14:15:11','2022-02-14 14:15:11'),(5,3,'attendance','http://ensembleprod.acsc.org.br:8940/csp/healthshare/acscintegra/services/ACSC.Negocios.Atendimento.Wings.WS.Service.cls','text/xml','{\"soapenv:Envelope\": { \"@xmlns:soapenv\": \"http://schemas.xmlsoap.org/soap/envelope/\", \"soapenv:Header\": \"\", \"soapenv:Body\": {\"Atendimento\": { \"Atendimento\": { \"CdAtendimento\": 0 } } }}}','{\"Content-Type\": \"text/xml\", \"SOAPAction\": \"/ACSC.Negocios.Atendimento.Wings.WS.Service.Atendimento\"}',NULL,1,'AtendimentoResponse.AtendimentoResult','2022-03-23 14:13:24','2022-03-23 14:13:24'),(6,3,'tables','http://ensembleprod.acsc.org.br:8940/csp/healthshare/acscintegra/services/ACSC.Negocios.Atendimento.Wings.WS.Service.cls','text/xml','{\"soapenv:Envelope\": { \"@xmlns:soapenv\": \"http://schemas.xmlsoap.org/soap/envelope/\", \"soapenv:Header\": \"\", \"soapenv:Body\": {\"Setores\": { \"Setores\": { \"CdMultiEmpresa\": 0 } } }}}','{\"Content-Type\": \"text/xml\", \"SOAPAction\": \"/ACSC.Negocios.Atendimento.Wings.WS.Service.Setores\"}',NULL,1,'SetoresResponse.SetoresResult','2022-03-23 14:13:24','2022-03-23 14:13:24'),(7,4,'attendance','http://187.76.191.139:52773/api/fibbo/consultaratendimento','application/json','{\"cd_atendimento\": 0}','{\"Authorization\": \"LKDnds7299dbjh9NBAH6vGkj95Fazv67HFmdnU265s\"}',NULL,1,'message','2022-08-16 14:35:07','2022-08-16 14:35:07'),(8,5,'attendance','http://189.1.99.145:4512/api/clinic/attendance?token=MjM01NiIsInR5cIUzzdWIiaWF0IjOiIxiJNTEIpvaG4gRGCIJ9.eywI9lIiwioxiwibbGcmDkeyJhiOJ2MjM','application/json','{ \"company_id\": 1, \"attendance_id\": 0 }',NULL,'',1,'message','2022-12-09 13:15:34','2022-12-09 13:15:34');
/*!40000 ALTER TABLE `external_apis` ENABLE KEYS */;
UNLOCK TABLES;

--
-- Table structure for table `health_insurances`
--

DROP TABLE IF EXISTS `health_insurances`;
/*!40101 SET @saved_cs_client     = @@character_set_client */;
/*!40101 SET character_set_client = utf8 */;
CREATE TABLE `health_insurances` (
  `id` int(10) unsigned NOT NULL AUTO_INCREMENT,
  `i_code` varchar(255) DEFAULT NULL,
  `description` varchar(255) DEFAULT NULL,
  `is_active` tinyint(1) DEFAULT '1',
  `company_id` int(10) unsigned DEFAULT NULL,
  `created_at` timestamp NOT NULL DEFAULT CURRENT_TIMESTAMP,
  `updated_at` timestamp NOT NULL DEFAULT CURRENT_TIMESTAMP,
  PRIMARY KEY (`id`),
  KEY `health_insurances_company_id_foreign` (`company_id`),
  CONSTRAINT `health_insurances_company_id_foreign` FOREIGN KEY (`company_id`) REFERENCES `companies` (`id`)
) ENGINE=InnoDB AUTO_INCREMENT=72 DEFAULT CHARSET=utf8mb4;
/*!40101 SET character_set_client = @saved_cs_client */;

--
-- Dumping data for table `health_insurances`
--

LOCK TABLES `health_insurances` WRITE;
/*!40000 ALTER TABLE `health_insurances` DISABLE KEYS */;
INSERT INTO `health_insurances` VALUES (2,'152','AMIL ASSIST MED - GRUPO AMIL',1,3,'2022-06-15 22:38:35','2022-06-15 22:38:35'),(3,'185','SUL AMERICA SAUDE',1,3,'2022-06-21 13:46:42','2022-06-21 13:46:42'),(4,'177','PARTICULAR',1,3,'2022-06-29 20:58:36','2022-06-29 20:58:36'),(5,'174','MEDISERVICE',1,3,'2022-07-01 01:34:15','2022-07-01 01:34:15'),(6,'170','GOLDEN CROSS',1,3,'2022-07-09 11:20:51','2022-07-09 11:20:51'),(7,'156','BRADESCO SAUDE',1,3,'2022-07-09 16:34:55','2022-07-09 16:34:55'),(8,'146','SEGUROS UNIMED',1,3,'2022-07-10 11:15:50','2022-07-10 11:15:50'),(9,'171','INTEGRAL SAUDE',1,3,'2022-07-23 11:19:37','2022-07-23 11:19:37'),(10,'154','ASSIM SAUDE',1,3,'2022-07-25 23:36:02','2022-07-25 23:36:02'),(11,'14','AMIL',1,2,'2022-08-24 10:40:58','2022-08-24 10:40:58'),(12,'12','SULAMERICA S/A',1,2,'2022-08-24 16:08:09','2022-08-24 16:08:09'),(13,'184','SAUDE CAIXA',1,3,'2022-09-03 00:19:21','2022-09-03 00:19:21'),(14,'160','CASSI',1,3,'2022-09-19 22:04:29','2022-09-19 22:04:29'),(15,'101','PLANSERV (QUALIREDE)',1,4,'2022-09-20 17:59:45','2022-09-20 17:59:45'),(16,'1','SUS - INTERNAO',1,4,'2022-09-21 21:15:22','2022-09-21 21:15:22'),(17,'10','BRADESCO SAUDE',1,4,'2022-09-23 21:00:57','2022-09-23 21:00:57'),(18,'601','SOMPO SAUDE SEGUROS S.A',1,3,'2022-09-27 19:27:18','2022-09-27 19:27:18'),(19,'42','UNIMED CENTRAL NACIONAL(INTERCMBIO-DEMAIS CARTEIRAS)',1,4,'2022-09-28 20:56:53','2022-09-28 20:56:53'),(20,'133','CASSI SAUDE',1,4,'2022-09-29 13:34:41','2022-09-29 13:34:41'),(21,'181','PORTO SEGURO',1,3,'2022-09-29 22:42:55','2022-09-29 22:42:55'),(22,'173','MARINHA DO BRASIL',1,3,'2022-10-01 19:35:34','2022-10-01 19:35:34'),(23,'8','UNIMED CENTRAL NACIONAL (SOMENTE CARTEIRA 0865)',1,4,'2022-10-05 16:45:48','2022-10-05 16:45:48'),(24,'21','AMIL ASSISTNCIA',1,4,'2022-10-06 12:54:19','2022-10-06 12:54:19'),(25,'3','SUL AMERICA SAUDE',1,4,'2022-10-07 23:42:33','2022-10-07 23:42:33'),(26,'34','UNIMED SEGUROS',1,4,'2022-10-16 22:49:35','2022-10-16 22:49:35'),(27,'119','BRADESCO OPERADORA DE PLANOS',1,4,'2022-10-18 14:29:48','2022-10-18 14:29:48'),(28,'137','POSTAL SAUDE (NOVO)',1,4,'2022-10-19 15:46:52','2022-10-19 15:46:52'),(29,'40','PARTICULAR',1,4,'2022-10-20 16:58:25','2022-10-20 16:58:25'),(30,'36','CAMED SAUDE',1,4,'2022-10-25 22:21:06','2022-10-25 22:21:06'),(31,'144','DIRETO SALVADOR SUL AMERICA - FFS',1,4,'2022-10-27 20:20:54','2022-10-27 20:20:54'),(32,'180','PETROBRAS PETROLEO BRASILEIRO',1,3,'2022-11-02 01:56:08','2022-11-02 01:56:08'),(33,'15','CAIXA ECONOMICA FEDERAL',1,4,'2022-11-04 10:49:34','2022-11-04 10:49:34'),(34,'20','CAPESAUDE',1,4,'2022-11-22 00:22:16','2022-11-22 00:22:16'),(35,'145','PB SAUDE',1,4,'2022-11-25 16:59:09','2022-11-25 16:59:09'),(36,'5','AMIL ASSIST MED - GRUPO AMIL',1,1,'2022-12-13 14:37:42','2022-12-13 14:37:42'),(37,'5','AMIL ASSIST MED - GRUPO AMIL',1,3,'2022-12-13 15:05:45','2022-12-13 15:05:45'),(38,'7','BRADESCO SADE',1,1,'2022-12-21 17:27:41','2022-12-21 17:27:41'),(39,'12','CASSI',1,1,'2022-12-21 17:56:07','2022-12-21 17:56:07'),(40,'41','PORTO SEGURO SADE',1,1,'2022-12-21 19:14:02','2022-12-21 19:14:02'),(41,'48','SUL AMERICA SAUDE',1,1,'2022-12-23 11:58:56','2022-12-23 11:58:56'),(42,'13','CENTRAL NACIONAL UNIMED',1,1,'2022-12-23 12:03:05','2022-12-23 12:03:05'),(43,'33','METRUS',1,1,'2022-12-23 12:08:49','2022-12-23 12:08:49'),(44,'9','SADE CAIXA',1,1,'2022-12-23 12:24:40','2022-12-23 12:24:40'),(45,'34','NOTRE DAME',1,1,'2022-12-26 12:57:14','2022-12-26 12:57:14'),(46,'32','MEDISERVICE',1,1,'2022-12-26 19:03:21','2022-12-26 19:03:21'),(47,'35','OMINT SERVIOS DE SADE',1,1,'2022-12-27 00:15:07','2022-12-27 00:15:07'),(48,'53','UNIMED SEGUROS',1,1,'2022-12-27 21:08:03','2022-12-27 21:08:03'),(49,'501','QSAUDE',1,1,'2022-12-28 02:18:52','2022-12-28 02:18:52'),(50,'464','PREVENT SENIOR',1,1,'2022-12-28 19:05:08','2022-12-28 19:05:08'),(51,'11','CARE PLUS',1,1,'2022-12-28 20:03:31','2022-12-28 20:03:31'),(52,'39','PETROBRAS PETRLEO BRASILEIRO',1,1,'2022-12-29 08:14:31','2022-12-29 08:14:31'),(53,'59','AFRESP',1,1,'2022-12-31 00:43:33','2022-12-31 00:43:33'),(54,'22','VIVEST ( FUNDAO CESP)',1,1,'2023-01-03 19:14:42','2023-01-03 19:14:42'),(55,'8','CABESP',1,1,'2023-01-03 23:11:36','2023-01-03 23:11:36'),(56,'14','CET',1,1,'2023-01-05 00:27:00','2023-01-05 00:27:00'),(57,'40','PARTICULAR',1,1,'2023-01-09 08:45:35','2023-01-09 08:45:35'),(58,'641','BRADESCO - OPERADORA DE PLANOS S/A',1,1,'2023-01-10 06:14:54','2023-01-10 06:14:54'),(59,'213','SUL AMERICA SEGURADORA',1,1,'2023-01-12 01:54:00','2023-01-12 01:54:00'),(60,'3','ALLIANZ SADE',1,1,'2023-01-14 15:59:54','2023-01-14 15:59:54'),(61,'37','PARTICULAR-SEG.INTERNACIONAIS',1,1,'2023-01-16 08:35:21','2023-01-16 08:35:21'),(62,'16','ECONOMUS',1,1,'2023-01-19 01:25:38','2023-01-19 01:25:38'),(63,'38','GOLDEN CROSS',1,4,'2023-01-24 15:20:34','2023-01-24 15:20:34'),(64,'55','PLAN ASSISTE - MPF- MPDFT- CNM',1,1,'2023-01-25 22:42:56','2023-01-25 22:42:56'),(65,'57','PLAN ASSISTE - MPT',1,1,'2023-02-03 21:51:36','2023-02-03 21:51:36'),(66,'6','BANCO CENTRAL',1,1,'2023-02-04 17:30:37','2023-02-04 17:30:37'),(67,'1','SUS - INTERNACAO',1,1,'2023-02-05 23:38:28','2023-02-05 23:38:28'),(68,'25','INTERMDICA',1,1,'2023-02-08 07:51:33','2023-02-08 07:51:33'),(69,'167','PLANSERV - MAIDA',1,4,'2023-02-08 22:36:58','2023-02-08 22:36:58'),(70,'4','ASFEB SAUDE',1,4,'2023-02-14 00:48:38','2023-02-14 00:48:38'),(71,'14','PROMEDICA',1,4,'2023-02-15 14:42:37','2023-02-15 14:42:37');
/*!40000 ALTER TABLE `health_insurances` ENABLE KEYS */;
UNLOCK TABLES;

--
-- Table structure for table `hospital_beds`
--

DROP TABLE IF EXISTS `hospital_beds`;
/*!40101 SET @saved_cs_client     = @@character_set_client */;
/*!40101 SET character_set_client = utf8 */;
CREATE TABLE `hospital_beds` (
  `id` int(10) unsigned NOT NULL AUTO_INCREMENT,
  `inpatient_unit_id` int(10) unsigned DEFAULT NULL,
  `i_code` varchar(255) DEFAULT NULL,
  `description` varchar(255) DEFAULT NULL,
  `is_active` tinyint(1) DEFAULT NULL,
  `cd_type_accomodation` varchar(255) DEFAULT NULL,
  `ds_type_accomodation` varchar(255) DEFAULT NULL,
  `abstract_description` varchar(255) DEFAULT NULL,
  `type_ocuppation` varchar(255) DEFAULT NULL,
  `created_at` timestamp NOT NULL DEFAULT CURRENT_TIMESTAMP,
  `updated_at` timestamp NOT NULL DEFAULT CURRENT_TIMESTAMP,
  PRIMARY KEY (`id`),
  KEY `hospital_beds_inpatient_unit_id_foreign` (`inpatient_unit_id`),
  CONSTRAINT `hospital_beds_inpatient_unit_id_foreign` FOREIGN KEY (`inpatient_unit_id`) REFERENCES `inpatient_units` (`id`)
) ENGINE=InnoDB AUTO_INCREMENT=2310 DEFAULT CHARSET=utf8mb4;
/*!40101 SET character_set_client = @saved_cs_client */;

--
-- Dumping data for table `hospital_beds`
--

LOCK TABLES `hospital_beds` WRITE;
/*!40000 ALTER TABLE `hospital_beds` DISABLE KEYS */;
INSERT INTO `hospital_beds` VALUES (1386,76,'31','APTO 231',0,'1','APARTAMENTO ADULTO','231/1','O','2022-06-10 12:56:51','2023-02-15 18:20:05'),(1387,76,'30','APTO 230',0,'1','APARTAMENTO ADULTO','230/1','L','2022-06-10 12:56:51','2023-02-15 18:20:05'),(1388,76,'29','APTO 229',0,'1','APARTAMENTO ADULTO','229/1','O','2022-06-10 12:56:51','2023-02-15 18:20:05'),(1389,76,'28','APTO 228',0,'1','APARTAMENTO ADULTO','228/1','O','2022-06-10 12:56:51','2023-02-15 18:20:05'),(1390,76,'27','APTO 227',0,'1','APARTAMENTO ADULTO','227/1','O','2022-06-10 12:56:51','2023-02-15 18:20:05'),(1391,76,'26','APTO 226',0,'1','APARTAMENTO ADULTO','226/1','O','2022-06-10 12:56:51','2023-02-15 18:20:05'),(1392,76,'25','APTO 225',0,'1','APARTAMENTO ADULTO','225/1','O','2022-06-10 12:56:51','2023-02-15 18:20:05'),(1393,76,'24','APTO 224',0,'1','APARTAMENTO ADULTO','224/1','O','2022-06-10 12:56:51','2023-02-15 18:20:05'),(1394,76,'23','APTO 223',0,'1','APARTAMENTO ADULTO','223/1','O','2022-06-10 12:56:51','2023-02-15 18:20:05'),(1395,76,'22','APTO 222',0,'1','APARTAMENTO ADULTO','222/1','O','2022-06-10 12:56:51','2023-02-15 18:20:05'),(1396,76,'21','APTO 221',0,'1','APARTAMENTO ADULTO','221/1','O','2022-06-10 12:56:51','2023-02-15 18:20:05'),(1397,76,'20','APTO 220',0,'1','APARTAMENTO ADULTO','220/1','O','2022-06-10 12:56:51','2023-02-15 18:20:05'),(1398,76,'19','APTO 219',0,'1','APARTAMENTO ADULTO','219/1','O','2022-06-10 12:56:51','2023-02-15 18:20:05'),(1399,76,'18','APTO 218',0,'1','APARTAMENTO ADULTO','218/1','O','2022-06-10 12:56:51','2023-02-15 18:20:05'),(1400,76,'17','APTO 217',0,'1','APARTAMENTO ADULTO','217/1','I','2022-06-10 12:56:51','2023-02-15 18:20:05'),(1401,76,'16','APTO 216',0,'1','APARTAMENTO ADULTO','216/1','O','2022-06-10 12:56:51','2023-02-15 18:20:05'),(1402,76,'15','APTO 215',0,'1','APARTAMENTO ADULTO','215/1','O','2022-06-10 12:56:51','2023-02-15 18:20:05'),(1403,76,'14','APTO 214',0,'1','APARTAMENTO ADULTO','214/1','O','2022-06-10 12:56:51','2023-02-15 18:20:05'),(1404,76,'13','APTO 213',0,'1','APARTAMENTO ADULTO','213/1','L','2022-06-10 12:56:51','2023-02-15 18:20:05'),(1405,76,'12','APTO 212',0,'1','APARTAMENTO ADULTO','212/1','O','2022-06-10 12:56:51','2023-02-15 18:20:05'),(1406,76,'11','APTO 211',0,'1','APARTAMENTO ADULTO','211/1','O','2022-06-10 12:56:51','2023-02-15 18:20:05'),(1407,76,'10','APTO 210 (TMO)',0,'1','APARTAMENTO ADULTO','210/1','O','2022-06-10 12:56:51','2023-02-15 18:20:05'),(1408,76,'9','APTO 209 (TMO)',0,'1','APARTAMENTO ADULTO','209/1','O','2022-06-10 12:56:51','2023-02-15 18:20:05'),(1409,76,'8','APTO 208 (TMO)',0,'1','APARTAMENTO ADULTO','208/1','O','2022-06-10 12:56:51','2023-02-15 18:20:05'),(1410,76,'7','APTO 207',0,'1','APARTAMENTO ADULTO','207/1','L','2022-06-10 12:56:51','2023-02-15 18:20:05'),(1411,76,'6','APTO 205',0,'1','APARTAMENTO ADULTO','205/1','O','2022-06-10 12:56:51','2023-02-15 18:20:05'),(1412,76,'5','APTO 204',0,'1','APARTAMENTO ADULTO','204/1','O','2022-06-10 12:56:51','2023-02-15 18:20:05'),(1413,76,'4','APTO 203',0,'1','APARTAMENTO ADULTO','203/1','L','2022-06-10 12:56:51','2023-02-15 18:20:05'),(1414,76,'3','APTO 202',0,'1','APARTAMENTO ADULTO','202/1','O','2022-06-10 12:56:51','2023-02-15 18:20:05'),(1415,76,'2','APTO 201',0,'1','APARTAMENTO ADULTO','201/1','O','2022-06-10 12:56:51','2023-02-15 18:20:05'),(1416,77,'62','APTO 331',0,'1','APARTAMENTO ADULTO','331/1','I','2022-06-10 12:56:51','2023-02-15 18:20:05'),(1417,77,'61','APTO 330',0,'1','APARTAMENTO ADULTO','330/1','O','2022-06-10 12:56:51','2023-02-15 18:20:05'),(1418,77,'60','APTO 329',0,'1','APARTAMENTO ADULTO','329/1','O','2022-06-10 12:56:51','2023-02-15 18:20:05'),(1419,77,'59','APTO 328',0,'1','APARTAMENTO ADULTO','328/1','O','2022-06-10 12:56:51','2023-02-15 18:20:05'),(1420,77,'58','APTO 327',0,'1','APARTAMENTO ADULTO','327/1','O','2022-06-10 12:56:51','2023-02-15 18:20:05'),(1421,77,'57','APTO 326',0,'1','APARTAMENTO ADULTO','326/1','O','2022-06-10 12:56:51','2023-02-15 18:20:05'),(1422,77,'56','APTO 325',0,'1','APARTAMENTO ADULTO','325/1','O','2022-06-10 12:56:51','2023-02-15 18:20:05'),(1423,77,'55','APTO 324',0,'1','APARTAMENTO ADULTO','324/1','O','2022-06-10 12:56:51','2023-02-15 18:20:05'),(1424,77,'54','APTO 323',0,'1','APARTAMENTO ADULTO','323/1','O','2022-06-10 12:56:51','2023-02-15 18:20:05'),(1425,77,'53','APTO 322',0,'1','APARTAMENTO ADULTO','322/1','R','2022-06-10 12:56:51','2023-02-15 18:20:05'),(1426,77,'52','APTO 321',0,'1','APARTAMENTO ADULTO','321/1','O','2022-06-10 12:56:51','2023-02-15 18:20:05'),(1427,77,'51','APTO 320',0,'1','APARTAMENTO ADULTO','320/1','O','2022-06-10 12:56:51','2023-02-15 18:20:05'),(1428,77,'50','APTO 319',0,'1','APARTAMENTO ADULTO','319/1','O','2022-06-10 12:56:51','2023-02-15 18:20:05'),(1429,77,'49','APTO 318',0,'1','APARTAMENTO ADULTO','318/1','O','2022-06-10 12:56:51','2023-02-15 18:20:05'),(1430,77,'48','APTO 317',0,'1','APARTAMENTO ADULTO','317/1','I','2022-06-10 12:56:51','2023-02-15 18:20:05'),(1431,77,'47','APTO 316',0,'1','APARTAMENTO ADULTO','316/1','I','2022-06-10 12:56:51','2023-02-15 18:20:05'),(1432,77,'46','APTO 315',0,'1','APARTAMENTO ADULTO','315/1','O','2022-06-10 12:56:51','2023-02-15 18:20:05'),(1433,77,'45','APTO 314',0,'1','APARTAMENTO ADULTO','314/1','O','2022-06-10 12:56:51','2023-02-15 18:20:05'),(1434,77,'44','APTO 313',0,'1','APARTAMENTO ADULTO','313/1','O','2022-06-10 12:56:51','2023-02-15 18:20:05'),(1435,77,'43','APTO 312',0,'1','APARTAMENTO ADULTO','312/1','O','2022-06-10 12:56:51','2023-02-15 18:20:05'),(1436,77,'42','APTO 311',0,'1','APARTAMENTO ADULTO','311/1','L','2022-06-10 12:56:51','2023-02-15 18:20:05'),(1437,77,'41','APTO 310',0,'1','APARTAMENTO ADULTO','310/1','O','2022-06-10 12:56:51','2023-02-15 18:20:05'),(1438,77,'40','APTO 309',0,'1','APARTAMENTO ADULTO','309/1','O','2022-06-10 12:56:51','2023-02-15 18:20:05'),(1439,77,'39','APTO 308',0,'1','APARTAMENTO ADULTO','308/1','O','2022-06-10 12:56:51','2023-02-15 18:20:05'),(1440,77,'38','APTO 307',0,'1','APARTAMENTO ADULTO','307/1','O','2022-06-10 12:56:51','2023-02-15 18:20:05'),(1441,77,'37','APTO 306',0,'1','APARTAMENTO ADULTO','306/1','O','2022-06-10 12:56:51','2023-02-15 18:20:05'),(1442,77,'36','APTO 305',0,'1','APARTAMENTO ADULTO','305/1','M','2022-06-10 12:56:51','2023-02-15 18:20:05'),(1443,77,'35','APTO 304',0,'1','APARTAMENTO ADULTO','304/1','V','2022-06-10 12:56:51','2023-02-15 18:20:05'),(1444,77,'34','APTO 303',0,'1','APARTAMENTO ADULTO','303/1','M','2022-06-10 12:56:51','2023-02-15 18:20:05'),(1445,77,'33','APTO 302',0,'1','APARTAMENTO ADULTO','302/1','O','2022-06-10 12:56:51','2023-02-15 18:20:05'),(1446,77,'32','APTO 301',0,'1','APARTAMENTO ADULTO','301/1','O','2022-06-10 12:56:51','2023-02-15 18:20:05'),(1447,78,'1681','APTO 361',0,'1','APARTAMENTO ADULTO','361/1','O','2022-06-10 12:56:51','2023-02-15 18:20:05'),(1448,78,'1680','APTO 360',0,'1','APARTAMENTO ADULTO','360/1','V','2022-06-10 12:56:51','2023-02-15 18:20:05'),(1449,78,'1679','APTO 359',0,'1','APARTAMENTO ADULTO','359/1','O','2022-06-10 12:56:51','2023-02-15 18:20:05'),(1450,78,'1678','APTO 358',0,'1','APARTAMENTO ADULTO','358/1','M','2022-06-10 12:56:51','2023-02-15 18:20:05'),(1451,78,'1677','APTO 357',0,'1','APARTAMENTO ADULTO','357/1','O','2022-06-10 12:56:51','2023-02-15 18:20:05'),(1452,78,'1676','APTO 356',0,'1','APARTAMENTO ADULTO','356/1','O','2022-06-10 12:56:51','2023-02-15 18:20:05'),(1453,78,'1675','APTO 355',0,'1','APARTAMENTO ADULTO','355/1','O','2022-06-10 12:56:51','2023-02-15 18:20:05'),(1454,78,'1674','APTO 354',0,'1','APARTAMENTO ADULTO','354/1','O','2022-06-10 12:56:51','2023-02-15 18:20:05'),(1455,78,'1673','APTO 353',0,'1','APARTAMENTO ADULTO','353/1','O','2022-06-10 12:56:51','2023-02-15 18:20:05'),(1456,78,'1672','APTO 352',0,'1','APARTAMENTO ADULTO','352/1','O','2022-06-10 12:56:51','2023-02-15 18:20:05'),(1457,78,'1671','APTO 351',0,'1','APARTAMENTO ADULTO','351/1','O','2022-06-10 12:56:51','2023-02-15 18:20:05'),(1458,78,'1670','APTO 350',0,'1','APARTAMENTO ADULTO','350/1','O','2022-06-10 12:56:51','2023-02-15 18:20:05'),(1459,78,'293','APTO 361',0,'1','APARTAMENTO ADULTO','361/1','V','2022-06-10 12:56:51','2023-02-15 18:20:05'),(1460,78,'292','APTO 360',0,'1','APARTAMENTO ADULTO','360/1','V','2022-06-10 12:56:51','2023-02-15 18:20:05'),(1461,78,'291','APTO 359',0,'1','APARTAMENTO ADULTO','359/1','V','2022-06-10 12:56:51','2023-02-15 18:20:05'),(1462,78,'290','APTO 358',0,'1','APARTAMENTO ADULTO','358/1','V','2022-06-10 12:56:51','2023-02-15 18:20:05'),(1463,78,'289','APTO 357',0,'1','APARTAMENTO ADULTO','357/1','V','2022-06-10 12:56:51','2023-02-15 18:20:05'),(1464,78,'288','APTO 356',0,'1','APARTAMENTO ADULTO','356/1','V','2022-06-10 12:56:51','2023-02-15 18:20:05'),(1465,78,'287','APTO 355',0,'1','APARTAMENTO ADULTO','355/1','V','2022-06-10 12:56:51','2023-02-15 18:20:05'),(1466,78,'286','APTO 354',0,'1','APARTAMENTO ADULTO','354/1','V','2022-06-10 12:56:51','2023-02-15 18:20:05'),(1467,78,'285','APTO 353',0,'1','APARTAMENTO ADULTO','353/1','V','2022-06-10 12:56:51','2023-02-15 18:20:05'),(1468,78,'284','APTO 352',0,'1','APARTAMENTO ADULTO','352/1','V','2022-06-10 12:56:51','2023-02-15 18:20:05'),(1469,78,'283','APTO 351',0,'1','APARTAMENTO ADULTO','351/1','L','2022-06-10 12:56:51','2023-02-15 18:20:05'),(1470,78,'282','APTO 350',0,'1','APARTAMENTO ADULTO','350/1','V','2022-06-10 12:56:51','2023-02-15 18:20:05'),(1471,79,'91','APTO 429',0,'1','APARTAMENTO ADULTO','429/1','M','2022-06-10 12:56:51','2023-02-15 18:20:05'),(1472,79,'90','APTO 428',0,'1','APARTAMENTO ADULTO','428/1','O','2022-06-10 12:56:51','2023-02-15 18:20:05'),(1473,79,'89','APTO 427',0,'1','APARTAMENTO ADULTO','427/1','O','2022-06-10 12:56:51','2023-02-15 18:20:05'),(1474,79,'88','APTO 426',0,'1','APARTAMENTO ADULTO','426/1','O','2022-06-10 12:56:51','2023-02-15 18:20:05'),(1475,79,'87','APTO 425',0,'1','APARTAMENTO ADULTO','425/1','O','2022-06-10 12:56:51','2023-02-15 18:20:05'),(1476,79,'86','APTO 424',0,'1','APARTAMENTO ADULTO','424/1','O','2022-06-10 12:56:51','2023-02-15 18:20:05'),(1477,79,'85','APTO 423',0,'1','APARTAMENTO ADULTO','423/1','O','2022-06-10 12:56:51','2023-02-15 18:20:05'),(1478,79,'84','APTO 422',0,'1','APARTAMENTO ADULTO','422/1','O','2022-06-10 12:56:51','2023-02-15 18:20:05'),(1479,79,'83','APTO 421',0,'1','APARTAMENTO ADULTO','421/1','O','2022-06-10 12:56:51','2023-02-15 18:20:05'),(1480,79,'82','APTO 420',0,'1','APARTAMENTO ADULTO','420/1','O','2022-06-10 12:56:51','2023-02-15 18:20:05'),(1481,79,'81','APTO 419',0,'1','APARTAMENTO ADULTO','419/1','O','2022-06-10 12:56:51','2023-02-15 18:20:05'),(1482,79,'80','APTO 418',0,'1','APARTAMENTO ADULTO','418/1','O','2022-06-10 12:56:51','2023-02-15 18:20:05'),(1483,79,'79','APTO 417',0,'1','APARTAMENTO ADULTO','417/1','O','2022-06-10 12:56:51','2023-02-15 18:20:05'),(1484,79,'78','APTO 416',0,'1','APARTAMENTO ADULTO','416/1','L','2022-06-10 12:56:51','2023-02-15 18:20:05'),(1485,79,'77','APTO 415',0,'1','APARTAMENTO ADULTO','415/1','O','2022-06-10 12:56:52','2023-02-15 18:20:05'),(1486,79,'76','APTO 414',0,'1','APARTAMENTO ADULTO','414/1','O','2022-06-10 12:56:52','2023-02-15 18:20:05'),(1487,79,'75','APTO 413',0,'1','APARTAMENTO ADULTO','413/1','O','2022-06-10 12:56:52','2023-02-15 18:20:05'),(1488,79,'73','APTO 411',0,'1','APARTAMENTO ADULTO','411/1','O','2022-06-10 12:56:52','2023-02-15 18:20:05'),(1489,79,'72','APTO 410',0,'1','APARTAMENTO ADULTO','410/1','O','2022-06-10 12:56:52','2023-02-15 18:20:05'),(1490,79,'71','APTO 409',0,'1','APARTAMENTO ADULTO','409/1','O','2022-06-10 12:56:52','2023-02-15 18:20:06'),(1491,79,'70','APTO 408',0,'1','APARTAMENTO ADULTO','408/1','O','2022-06-10 12:56:52','2023-02-15 18:20:06'),(1492,79,'69','APTO 407',0,'1','APARTAMENTO ADULTO','407/1','L','2022-06-10 12:56:52','2023-02-15 18:20:06'),(1493,79,'68','APTO 406',0,'1','APARTAMENTO ADULTO','406/1','O','2022-06-10 12:56:52','2023-02-15 18:20:06'),(1494,79,'67','APTO 405',0,'1','APARTAMENTO ADULTO','405/1','O','2022-06-10 12:56:52','2023-02-15 18:20:06'),(1495,79,'66','APTO 404',0,'1','APARTAMENTO ADULTO','404/1','O','2022-06-10 12:56:52','2023-02-15 18:20:06'),(1496,79,'65','APTO 403',0,'1','APARTAMENTO ADULTO','403/1','O','2022-06-10 12:56:52','2023-02-15 18:20:06'),(1497,79,'64','APTO 402',0,'1','APARTAMENTO ADULTO','402/1','O','2022-06-10 12:56:52','2023-02-15 18:20:06'),(1498,79,'63','APTO 401',0,'1','APARTAMENTO ADULTO','401/1','O','2022-06-10 12:56:52','2023-02-15 18:20:06'),(1499,79,'74','APTO 412',0,'20','ENFERMARIA','412/1','O','2022-06-10 12:56:52','2023-02-15 18:20:06'),(1500,80,'2106','APTO 463',0,'1','APARTAMENTO ADULTO','463/1','O','2022-06-10 12:56:52','2023-02-15 18:20:06'),(1501,80,'2105','APTO 462',0,'1','APARTAMENTO ADULTO','462/1','O','2022-06-10 12:56:52','2023-02-15 18:20:06'),(1502,80,'2104','APTO 461',0,'1','APARTAMENTO ADULTO','461/1','O','2022-06-10 12:56:52','2023-02-15 18:20:06'),(1503,80,'2103','APTO 460',0,'1','APARTAMENTO ADULTO','460/1','O','2022-06-10 12:56:52','2023-02-15 18:20:06'),(1504,80,'2102','APTO 459',0,'1','APARTAMENTO ADULTO','459/1','L','2022-06-10 12:56:52','2023-02-15 18:20:06'),(1505,80,'2101','APTO 458',0,'1','APARTAMENTO ADULTO','458/1','O','2022-06-10 12:56:52','2023-02-15 18:20:06'),(1506,80,'2100','APTO 457',0,'1','APARTAMENTO ADULTO','457/1','O','2022-06-10 12:56:52','2023-02-15 18:20:06'),(1507,80,'2099','APTO 456',0,'1','APARTAMENTO ADULTO','456/1','O','2022-06-10 12:56:52','2023-02-15 18:20:06'),(1508,80,'2098','APTO 455',0,'1','APARTAMENTO ADULTO','455/1','O','2022-06-10 12:56:52','2023-02-15 18:20:06'),(1509,80,'2097','APTO 454',0,'1','APARTAMENTO ADULTO','454/1','L','2022-06-10 12:56:52','2023-02-15 18:20:06'),(1510,80,'2096','APTO 453',0,'1','APARTAMENTO ADULTO','453/1','O','2022-06-10 12:56:52','2023-02-15 18:20:06'),(1511,80,'2095','APTO 452',0,'1','APARTAMENTO ADULTO','452/1','O','2022-06-10 12:56:52','2023-02-15 18:20:06'),(1512,80,'2094','APTO 451',0,'1','APARTAMENTO ADULTO','451/1','L','2022-06-10 12:56:52','2023-02-15 18:20:06'),(1513,80,'2093','APTO 450',0,'1','APARTAMENTO ADULTO','450/1','O','2022-06-10 12:56:52','2023-02-15 18:20:06'),(1514,80,'1669','APTO 462',0,'1','APARTAMENTO ADULTO','462/1','V','2022-06-10 12:56:52','2023-02-15 18:20:06'),(1515,80,'1668','APTO 461',0,'1','APARTAMENTO ADULTO','461/1','V','2022-06-10 12:56:52','2023-02-15 18:20:06'),(1516,80,'1667','APTO 460',0,'1','APARTAMENTO ADULTO','460/1','V','2022-06-10 12:56:52','2023-02-15 18:20:06'),(1517,80,'1666','APTO 459',0,'1','APARTAMENTO ADULTO','459/1','V','2022-06-10 12:56:52','2023-02-15 18:20:06'),(1518,80,'1665','APTO 458',0,'1','APARTAMENTO ADULTO','458/1','V','2022-06-10 12:56:52','2023-02-15 18:20:06'),(1519,80,'1664','APTO 457',0,'1','APARTAMENTO ADULTO','457/1','V','2022-06-10 12:56:52','2023-02-15 18:20:06'),(1520,80,'1663','APTO 456',0,'1','APARTAMENTO ADULTO','456/1','V','2022-06-10 12:56:52','2023-02-15 18:20:06'),(1521,80,'1662','APTO 455',0,'1','APARTAMENTO ADULTO','455/1','V','2022-06-10 12:56:52','2023-02-15 18:20:06'),(1522,80,'1661','APTO 454',0,'1','APARTAMENTO ADULTO','454/1','V','2022-06-10 12:56:52','2023-02-15 18:20:06'),(1523,80,'1660','APTO 453',0,'1','APARTAMENTO ADULTO','453/1','V','2022-06-10 12:56:52','2023-02-15 18:20:06'),(1524,80,'1659','APTO 452',0,'1','APARTAMENTO ADULTO','452/1','V','2022-06-10 12:56:52','2023-02-15 18:20:06'),(1525,80,'1658','APTO 451',0,'1','APARTAMENTO ADULTO','451/1','V','2022-06-10 12:56:52','2023-02-15 18:20:06'),(1526,80,'1657','APTO 450',0,'1','APARTAMENTO ADULTO','450/1','V','2022-06-10 12:56:52','2023-02-15 18:20:06'),(1527,80,'2091','APTO 463',0,'1','APARTAMENTO ADULTO','463/1','V','2022-06-10 12:56:52','2023-02-15 18:20:06'),(1528,80,'213','APTO 462',0,'1','APARTAMENTO ADULTO','462/1','M','2022-06-10 12:56:52','2023-02-15 18:20:06'),(1529,80,'212','APTO 461',0,'1','APARTAMENTO ADULTO','461/1','M','2022-06-10 12:56:52','2023-02-15 18:20:06'),(1530,80,'211','APTO 460',0,'1','APARTAMENTO ADULTO','460/1','M','2022-06-10 12:56:52','2023-02-15 18:20:06'),(1531,80,'210','APTO 459',0,'1','APARTAMENTO ADULTO','459/1','M','2022-06-10 12:56:52','2023-02-15 18:20:06'),(1532,80,'209','APTO 458',0,'1','APARTAMENTO ADULTO','458/1','M','2022-06-10 12:56:52','2023-02-15 18:20:06'),(1533,80,'208','APTO 457',0,'1','APARTAMENTO ADULTO','457/1','M','2022-06-10 12:56:52','2023-02-15 18:20:06'),(1534,80,'207','APTO 456',0,'1','APARTAMENTO ADULTO','456/1','V','2022-06-10 12:56:52','2023-02-15 18:20:06'),(1535,80,'206','APTO 455',0,'1','APARTAMENTO ADULTO','455/1','M','2022-06-10 12:56:52','2023-02-15 18:20:06'),(1536,80,'205','APTO 454',0,'1','APARTAMENTO ADULTO','454/1','M','2022-06-10 12:56:52','2023-02-15 18:20:06'),(1537,80,'204','APTO 453',0,'1','APARTAMENTO ADULTO','453/1','M','2022-06-10 12:56:52','2023-02-15 18:20:06'),(1538,80,'203','APTO 452',0,'1','APARTAMENTO ADULTO','452/1','M','2022-06-10 12:56:52','2023-02-15 18:20:06'),(1539,80,'202','APTO 451',0,'1','APARTAMENTO ADULTO','451/1','M','2022-06-10 12:56:52','2023-02-15 18:20:06'),(1540,80,'201','APTO 450',0,'1','APARTAMENTO ADULTO','450/1','M','2022-06-10 12:56:52','2023-02-15 18:20:06'),(1541,81,'119','APTO 528',0,'1','APARTAMENTO ADULTO','528/1','O','2022-06-10 12:56:52','2023-02-15 18:20:06'),(1542,81,'118','APTO 527',0,'1','APARTAMENTO ADULTO','527/1','O','2022-06-10 12:56:52','2023-02-15 18:20:06'),(1543,81,'117','APTO 526',0,'1','APARTAMENTO ADULTO','526/1','L','2022-06-10 12:56:52','2023-02-15 18:20:06'),(1544,81,'116','APTO 525',0,'1','APARTAMENTO ADULTO','525/1','O','2022-06-10 12:56:52','2023-02-15 18:20:06'),(1545,81,'115','APTO 524',0,'1','APARTAMENTO ADULTO','524/1','O','2022-06-10 12:56:52','2023-02-15 18:20:06'),(1546,81,'114','APTO 523',0,'1','APARTAMENTO ADULTO','523/1','O','2022-06-10 12:56:52','2023-02-15 18:20:06'),(1547,81,'113','APTO 522',0,'1','APARTAMENTO ADULTO','522/1','O','2022-06-10 12:56:52','2023-02-15 18:20:06'),(1548,81,'112','APTO 521',0,'1','APARTAMENTO ADULTO','521/1','O','2022-06-10 12:56:52','2023-02-15 18:20:06'),(1549,81,'111','APTO 520',0,'1','APARTAMENTO ADULTO','520/1','O','2022-06-10 12:56:52','2023-02-15 18:20:06'),(1550,81,'110','APTO 519',0,'1','APARTAMENTO ADULTO','519/1','O','2022-06-10 12:56:52','2023-02-15 18:20:06'),(1551,81,'109','APTO 518',0,'1','APARTAMENTO ADULTO','518/1','O','2022-06-10 12:56:52','2023-02-15 18:20:06'),(1552,81,'108','APTO 517',0,'1','APARTAMENTO ADULTO','517/1','O','2022-06-10 12:56:52','2023-02-15 18:20:06'),(1553,81,'107','APTO 516',0,'1','APARTAMENTO ADULTO','516/1','M','2022-06-10 12:56:52','2023-02-15 18:20:06'),(1554,81,'106','APTO 515',0,'1','APARTAMENTO ADULTO','515/1','O','2022-06-10 12:56:52','2023-02-15 18:20:06'),(1555,81,'105','APTO 514',0,'1','APARTAMENTO ADULTO','514/1','L','2022-06-10 12:56:52','2023-02-15 18:20:06'),(1556,81,'104','APTO 513',0,'1','APARTAMENTO ADULTO','513/1','O','2022-06-10 12:56:52','2023-02-15 18:20:06'),(1557,81,'103','APTO 512',0,'1','APARTAMENTO ADULTO','512/1','O','2022-06-10 12:56:52','2023-02-15 18:20:06'),(1558,81,'102','APTO 511',0,'1','APARTAMENTO ADULTO','511/1','O','2022-06-10 12:56:52','2023-02-15 18:20:06'),(1559,81,'101','APTO 510',0,'1','APARTAMENTO ADULTO','510/1','O','2022-06-10 12:56:52','2023-02-15 18:20:06'),(1560,81,'100','APTO 509',0,'1','APARTAMENTO ADULTO','509/1','O','2022-06-10 12:56:52','2023-02-15 18:20:06'),(1561,81,'99','APTO 508',0,'1','APARTAMENTO ADULTO','508/1','O','2022-06-10 12:56:52','2023-02-15 18:20:06'),(1562,81,'98','APTO 507',0,'1','APARTAMENTO ADULTO','507/1','O','2022-06-10 12:56:52','2023-02-15 18:20:06'),(1563,81,'97','APTO 506',0,'1','APARTAMENTO ADULTO','506/1','L','2022-06-10 12:56:52','2023-02-15 18:20:06'),(1564,81,'96','APTO 505',0,'1','APARTAMENTO ADULTO','505/1','O','2022-06-10 12:56:52','2023-02-15 18:20:06'),(1565,81,'95','APTO 504',0,'1','APARTAMENTO ADULTO','504/1','O','2022-06-10 12:56:52','2023-02-15 18:20:06'),(1566,81,'94','APTO 503',0,'1','APARTAMENTO ADULTO','503/1','L','2022-06-10 12:56:52','2023-02-15 18:20:06'),(1567,81,'93','APTO 502',0,'1','APARTAMENTO ADULTO','502/1','L','2022-06-10 12:56:52','2023-02-15 18:20:06'),(1568,81,'92','APTO 501',0,'1','APARTAMENTO ADULTO','501/1','L','2022-06-10 12:56:52','2023-02-15 18:20:06'),(1569,81,'120','APTO 529',0,'1','APARTAMENTO ADULTO','529/1','M','2022-06-10 12:56:52','2023-02-15 18:20:06'),(1570,82,'2897','APTO 561',0,'1','APARTAMENTO ADULTO','561/1','V','2022-06-10 12:56:52','2023-02-15 18:20:06'),(1571,82,'2896','APTO 560',0,'1','APARTAMENTO ADULTO','560/1','V','2022-06-10 12:56:52','2023-02-15 18:20:06'),(1572,82,'2895','APTO 559',0,'1','APARTAMENTO ADULTO','559/1','V','2022-06-10 12:56:52','2023-02-15 18:20:06'),(1573,82,'2894','APTO 558',0,'1','APARTAMENTO ADULTO','558/1','V','2022-06-10 12:56:52','2023-02-15 18:20:06'),(1574,82,'2893','APTO 557',0,'1','APARTAMENTO ADULTO','557/1','V','2022-06-10 12:56:52','2023-02-15 18:20:06'),(1575,82,'2892','APTO 556',0,'1','APARTAMENTO ADULTO','556/1','V','2022-06-10 12:56:52','2023-02-15 18:20:06'),(1576,82,'2891','APTO 555',0,'1','APARTAMENTO ADULTO','555/1','V','2022-06-10 12:56:52','2023-02-15 18:20:06'),(1577,82,'2890','APTO 554',0,'1','APARTAMENTO ADULTO','554/1','V','2022-06-10 12:56:52','2023-02-15 18:20:06'),(1578,82,'2889','APTO 553',0,'1','APARTAMENTO ADULTO','553/1','V','2022-06-10 12:56:52','2023-02-15 18:20:06'),(1579,82,'2888','APTO 552',0,'1','APARTAMENTO ADULTO','552/1','V','2022-06-10 12:56:52','2023-02-15 18:20:06'),(1580,82,'2887','APTO 551',0,'1','APARTAMENTO ADULTO','551/1','V','2022-06-10 12:56:52','2023-02-15 18:20:06'),(1581,82,'2886','APTO 550',0,'1','APARTAMENTO ADULTO','550/1','V','2022-06-10 12:56:52','2023-02-15 18:20:06'),(1582,82,'225','APTO 561',0,'1','APARTAMENTO ADULTO','561/1','V','2022-06-10 12:56:52','2023-02-15 18:20:06'),(1583,82,'224','APTO 560',0,'1','APARTAMENTO ADULTO','560/1','V','2022-06-10 12:56:52','2023-02-15 18:20:06'),(1584,82,'223','APTO 559',0,'1','APARTAMENTO ADULTO','559/1','V','2022-06-10 12:56:52','2023-02-15 18:20:06'),(1585,82,'222','APTO 558',0,'1','APARTAMENTO ADULTO','558/1','V','2022-06-10 12:56:52','2023-02-15 18:20:06'),(1586,82,'221','APTO 557',0,'1','APARTAMENTO ADULTO','557/1','V','2022-06-10 12:56:52','2023-02-15 18:20:06'),(1587,82,'220','APTO 556',0,'1','APARTAMENTO ADULTO','556/1','V','2022-06-10 12:56:52','2023-02-15 18:20:06'),(1588,82,'219','APTO 555',0,'1','APARTAMENTO ADULTO','555/1','V','2022-06-10 12:56:52','2023-02-15 18:20:06'),(1589,82,'218','APTO 554',0,'1','APARTAMENTO ADULTO','554/1','V','2022-06-10 12:56:52','2023-02-15 18:20:06'),(1590,82,'217','APTO 553',0,'1','APARTAMENTO ADULTO','553/1','V','2022-06-10 12:56:52','2023-02-15 18:20:06'),(1591,82,'216','APTO 552',0,'1','APARTAMENTO ADULTO','552/S','V','2022-06-10 12:56:52','2023-02-15 18:20:06'),(1592,82,'215','APTO 551',0,'1','APARTAMENTO ADULTO','551/1','V','2022-06-10 12:56:52','2023-02-15 18:20:06'),(1593,82,'214','APTO 550',0,'1','APARTAMENTO ADULTO','550/1','V','2022-06-10 12:56:52','2023-02-15 18:20:06'),(1594,82,'667','UTI COR BOX  01',0,'8','UTI - CARDIOLOGICA','UCO 01','V','2022-06-10 12:56:52','2023-02-15 18:20:06'),(1595,83,'2885','APTO 629',0,'1','APARTAMENTO ADULTO','629/1','L','2022-06-10 12:56:52','2023-02-15 18:20:06'),(1596,83,'2884','APTO 628',0,'1','APARTAMENTO ADULTO','628/1','I','2022-06-10 12:56:52','2023-02-15 18:20:06'),(1597,83,'2883','APTO 627',0,'1','APARTAMENTO ADULTO','627/1','O','2022-06-10 12:56:52','2023-02-15 18:20:06'),(1598,83,'2882','APTO 626',0,'1','APARTAMENTO ADULTO','626/1','O','2022-06-10 12:56:52','2023-02-15 18:20:06'),(1599,83,'2881','APTO 625',0,'1','APARTAMENTO ADULTO','625/1','L','2022-06-10 12:56:52','2023-02-15 18:20:06'),(1600,83,'2880','APTO 624',0,'1','APARTAMENTO ADULTO','624/1','O','2022-06-10 12:56:52','2023-02-15 18:20:06'),(1601,83,'2879','APTO 623',0,'1','APARTAMENTO ADULTO','623/1','O','2022-06-10 12:56:52','2023-02-15 18:20:06'),(1602,83,'2878','APTO 622',0,'1','APARTAMENTO ADULTO','622/1','O','2022-06-10 12:56:52','2023-02-15 18:20:06'),(1603,83,'2861','APTO 605',0,'1','APARTAMENTO ADULTO','605/1','O','2022-06-10 12:56:52','2023-02-15 18:20:06'),(1604,83,'2860','APTO 604',0,'1','APARTAMENTO ADULTO','604/1','L','2022-06-10 12:56:52','2023-02-15 18:20:06'),(1605,83,'2859','APTO 603',0,'1','APARTAMENTO ADULTO','603/1','O','2022-06-10 12:56:52','2023-02-15 18:20:06'),(1606,83,'2858','APTO 602',0,'1','APARTAMENTO ADULTO','602/1','O','2022-06-10 12:56:52','2023-02-15 18:20:06'),(1607,83,'2857','APTO 601',0,'1','APARTAMENTO ADULTO','601/1','O','2022-06-10 12:56:52','2023-02-15 18:20:06'),(1608,83,'2446','APTO 629',0,'1','APARTAMENTO ADULTO','629/1','V','2022-06-10 12:56:52','2023-02-15 18:20:06'),(1609,83,'2445','APTO 628',0,'1','APARTAMENTO ADULTO','628/1','V','2022-06-10 12:56:52','2023-02-15 18:20:06'),(1610,83,'2444','APTO 627',0,'1','APARTAMENTO ADULTO','627/1','V','2022-06-10 12:56:52','2023-02-15 18:20:06'),(1611,83,'2443','APTO 626',0,'1','APARTAMENTO ADULTO','626/1','V','2022-06-10 12:56:52','2023-02-15 18:20:06'),(1612,83,'2442','APTO 625',0,'1','APARTAMENTO ADULTO','625/1','V','2022-06-10 12:56:52','2023-02-15 18:20:06'),(1613,83,'2441','APTO 624',0,'1','APARTAMENTO ADULTO','624/1','V','2022-06-10 12:56:52','2023-02-15 18:20:06'),(1614,83,'2440','APTO 623',0,'1','APARTAMENTO ADULTO','623/1','V','2022-06-10 12:56:52','2023-02-15 18:20:06'),(1615,83,'2439','APTO 622',0,'1','APARTAMENTO ADULTO','622/1','V','2022-06-10 12:56:52','2023-02-15 18:20:06'),(1616,83,'2438','APTO 621',0,'1','APARTAMENTO ADULTO','621/1','V','2022-06-10 12:56:52','2023-02-15 18:20:06'),(1617,83,'2437','APTO 620',0,'1','APARTAMENTO ADULTO','620/1','V','2022-06-10 12:56:52','2023-02-15 18:20:06'),(1618,83,'2436','APTO 619',0,'1','APARTAMENTO ADULTO','619/1','V','2022-06-10 12:56:52','2023-02-15 18:20:06'),(1619,83,'2435','APTO 618',0,'1','APARTAMENTO ADULTO','618/1','V','2022-06-10 12:56:52','2023-02-15 18:20:06'),(1620,83,'2434','APTO 617',0,'1','APARTAMENTO ADULTO','617/1','V','2022-06-10 12:56:52','2023-02-15 18:20:06'),(1621,83,'2433','APTO 616',0,'1','APARTAMENTO ADULTO','616/1','V','2022-06-10 12:56:52','2023-02-15 18:20:06'),(1622,83,'2432','APTO 615',0,'1','APARTAMENTO ADULTO','615/1','V','2022-06-10 12:56:52','2023-02-15 18:20:06'),(1623,83,'2431','APTO 614',0,'1','APARTAMENTO ADULTO','614/1','V','2022-06-10 12:56:52','2023-02-15 18:20:06'),(1624,83,'2430','APTO 613',0,'1','APARTAMENTO ADULTO','613/1','V','2022-06-10 12:56:52','2023-02-15 18:20:06'),(1625,83,'2429','APTO 612',0,'1','APARTAMENTO ADULTO','612/1','V','2022-06-10 12:56:52','2023-02-15 18:20:06'),(1626,83,'2428','APTO 611',0,'1','APARTAMENTO ADULTO','611/1','V','2022-06-10 12:56:52','2023-02-15 18:20:06'),(1627,83,'2427','APTO 610',0,'1','APARTAMENTO ADULTO','610/1','V','2022-06-10 12:56:52','2023-02-15 18:20:06'),(1628,83,'2426','APTO 609',0,'1','APARTAMENTO ADULTO','609/1','V','2022-06-10 12:56:52','2023-02-15 18:20:06'),(1629,83,'2425','APTO 608',0,'1','APARTAMENTO ADULTO','608/1','V','2022-06-10 12:56:52','2023-02-15 18:20:06'),(1630,83,'2424','APTO 607',0,'1','APARTAMENTO ADULTO','607/1','V','2022-06-10 12:56:52','2023-02-15 18:20:06'),(1631,83,'2423','APTO 606',0,'1','APARTAMENTO ADULTO','606/1','V','2022-06-10 12:56:52','2023-02-15 18:20:06'),(1632,83,'2422','APTO 605',0,'1','APARTAMENTO ADULTO','605/1','V','2022-06-10 12:56:52','2023-02-15 18:20:06'),(1633,83,'2421','APTO 604',0,'1','APARTAMENTO ADULTO','604/1','V','2022-06-10 12:56:52','2023-02-15 18:20:06'),(1634,83,'2420','APTO 603',0,'1','APARTAMENTO ADULTO','603/1','V','2022-06-10 12:56:52','2023-02-15 18:20:06'),(1635,83,'2419','APTO 602',0,'1','APARTAMENTO ADULTO','602/1','V','2022-06-10 12:56:52','2023-02-15 18:20:06'),(1636,83,'2418','APTO 601',0,'1','APARTAMENTO ADULTO','601/1','V','2022-06-10 12:56:52','2023-02-15 18:20:06'),(1637,83,'2158','APTO 614',0,'1','APARTAMENTO ADULTO','614/1','V','2022-06-10 12:56:52','2023-02-15 18:20:06'),(1638,83,'2157','APTO 613',0,'1','APARTAMENTO ADULTO','613/1','V','2022-06-10 12:56:52','2023-02-15 18:20:06'),(1639,83,'2156','APTO 612',0,'1','APARTAMENTO ADULTO','612/1','V','2022-06-10 12:56:52','2023-02-15 18:20:06'),(1640,83,'2155','APTO 611',0,'1','APARTAMENTO ADULTO','611/1','V','2022-06-10 12:56:52','2023-02-15 18:20:06'),(1641,83,'2154','APTO 610',0,'1','APARTAMENTO ADULTO','610/1','V','2022-06-10 12:56:52','2023-02-15 18:20:06'),(1642,83,'2153','APTO 609',0,'1','APARTAMENTO ADULTO','609/1','V','2022-06-10 12:56:52','2023-02-15 18:20:06'),(1643,83,'2152','APTO 608',0,'1','APARTAMENTO ADULTO','608/1','V','2022-06-10 12:56:52','2023-02-15 18:20:06'),(1644,83,'2151','APTO 607',0,'1','APARTAMENTO ADULTO','607/1','V','2022-06-10 12:56:52','2023-02-15 18:20:06'),(1645,83,'2150','APTO 606',0,'1','APARTAMENTO ADULTO','606/1','V','2022-06-10 12:56:52','2023-02-15 18:20:06'),(1646,83,'2149','APTO 605',0,'1','APARTAMENTO ADULTO','605/1','V','2022-06-10 12:56:52','2023-02-15 18:20:06'),(1647,83,'2148','APTO 604',0,'1','APARTAMENTO ADULTO','604/1','V','2022-06-10 12:56:52','2023-02-15 18:20:06'),(1648,83,'2147','APTO 603',0,'1','APARTAMENTO ADULTO','603/1','V','2022-06-10 12:56:52','2023-02-15 18:20:06'),(1649,83,'2146','APTO 602',0,'1','APARTAMENTO ADULTO','602/1','V','2022-06-10 12:56:52','2023-02-15 18:20:06'),(1650,83,'2145','APTO 601',0,'1','APARTAMENTO ADULTO','601/1','V','2022-06-10 12:56:52','2023-02-15 18:20:06'),(1651,83,'2877','APTO 621',0,'1','APARTAMENTO ADULTO','621/1','L','2022-06-10 12:56:52','2023-02-15 18:20:06'),(1652,83,'2876','APTO 620',0,'1','APARTAMENTO ADULTO','620/1','O','2022-06-10 12:56:52','2023-02-15 18:20:06'),(1653,83,'2875','APTO 619',0,'1','APARTAMENTO ADULTO','619/1','O','2022-06-10 12:56:52','2023-02-15 18:20:06'),(1654,83,'2874','APTO 618',0,'1','APARTAMENTO ADULTO','618/1','O','2022-06-10 12:56:52','2023-02-15 18:20:06'),(1655,83,'2873','APTO 617',0,'1','APARTAMENTO ADULTO','617/1','O','2022-06-10 12:56:52','2023-02-15 18:20:06'),(1656,83,'2872','APTO 616',0,'1','APARTAMENTO ADULTO','616/1','O','2022-06-10 12:56:52','2023-02-15 18:20:06'),(1657,83,'2871','APTO 615',0,'1','APARTAMENTO ADULTO','615/1','O','2022-06-10 12:56:52','2023-02-15 18:20:06'),(1658,83,'2870','APTO 614',0,'1','APARTAMENTO ADULTO','614/1','O','2022-06-10 12:56:52','2023-02-15 18:20:06'),(1659,83,'2869','APTO 613',0,'1','APARTAMENTO ADULTO','613/1','L','2022-06-10 12:56:52','2023-02-15 18:20:06'),(1660,83,'2868','APTO 612',0,'1','APARTAMENTO ADULTO','612/1','O','2022-06-10 12:56:52','2023-02-15 18:20:06'),(1661,83,'2867','APTO 611',0,'1','APARTAMENTO ADULTO','611/1','O','2022-06-10 12:56:52','2023-02-15 18:20:06'),(1662,83,'2866','APTO 610',0,'1','APARTAMENTO ADULTO','610/1','L','2022-06-10 12:56:52','2023-02-15 18:20:06'),(1663,83,'2865','APTO 609',0,'1','APARTAMENTO ADULTO','609/1','O','2022-06-10 12:56:52','2023-02-15 18:20:06'),(1664,83,'2864','APTO 608',0,'1','APARTAMENTO ADULTO','608/1','O','2022-06-10 12:56:52','2023-02-15 18:20:06'),(1665,83,'2863','APTO 607',0,'1','APARTAMENTO ADULTO','607/1','O','2022-06-10 12:56:52','2023-02-15 18:20:06'),(1666,83,'2862','APTO 606',0,'1','APARTAMENTO ADULTO','606/1','L','2022-06-10 12:56:52','2023-02-15 18:20:06'),(1667,83,'2126','APTO 614',0,'1','APARTAMENTO ADULTO','614/1','V','2022-06-10 12:56:52','2023-02-15 18:20:06'),(1668,83,'2125','APTO 613',0,'1','APARTAMENTO ADULTO','613/1','V','2022-06-10 12:56:52','2023-02-15 18:20:06'),(1669,83,'2124','APTO 612',0,'1','APARTAMENTO ADULTO','612/1','V','2022-06-10 12:56:52','2023-02-15 18:20:06'),(1670,83,'2123','APTO 611',0,'1','APARTAMENTO ADULTO','611/1','V','2022-06-10 12:56:52','2023-02-15 18:20:06'),(1671,83,'2122','APTO 610',0,'1','APARTAMENTO ADULTO','610/1','M','2022-06-10 12:56:52','2023-02-15 18:20:06'),(1672,83,'2121','APTO 609',0,'1','APARTAMENTO ADULTO','609/1','V','2022-06-10 12:56:52','2023-02-15 18:20:06'),(1673,83,'2120','APTO 608',0,'1','APARTAMENTO ADULTO','608/1','V','2022-06-10 12:56:52','2023-02-15 18:20:06'),(1674,83,'2119','APTO 607',0,'1','APARTAMENTO ADULTO','607/1','V','2022-06-10 12:56:52','2023-02-15 18:20:06'),(1675,83,'2118','APTO 606',0,'1','APARTAMENTO ADULTO','606/1','V','2022-06-10 12:56:52','2023-02-15 18:20:06'),(1676,83,'2117','APTO 605',0,'1','APARTAMENTO ADULTO','605/1','V','2022-06-10 12:56:52','2023-02-15 18:20:06'),(1677,83,'2116','APTO 604',0,'1','APARTAMENTO ADULTO','604/1','V','2022-06-10 12:56:52','2023-02-15 18:20:06'),(1678,83,'2115','APTO 603',0,'1','APARTAMENTO ADULTO','603/1','V','2022-06-10 12:56:52','2023-02-15 18:20:06'),(1679,83,'2114','APTO 602',0,'1','APARTAMENTO ADULTO','602/1','V','2022-06-10 12:56:52','2023-02-15 18:20:06'),(1680,83,'2113','APTO 601',0,'1','APARTAMENTO ADULTO','601/1','V','2022-06-10 12:56:52','2023-02-15 18:20:06'),(1681,83,'149','APTO 629',0,'1','APARTAMENTO ADULTO','629/1','V','2022-06-10 12:56:52','2023-02-15 18:20:06'),(1682,83,'148','APTO 628',0,'1','APARTAMENTO ADULTO','628/1','V','2022-06-10 12:56:52','2023-02-15 18:20:06'),(1683,83,'147','APTO 627',0,'1','APARTAMENTO ADULTO','627/1','V','2022-06-10 12:56:52','2023-02-15 18:20:06'),(1684,83,'146','APTO 626',0,'1','APARTAMENTO ADULTO','626/1','V','2022-06-10 12:56:52','2023-02-15 18:20:06'),(1685,83,'145','APTO 625',0,'1','APARTAMENTO ADULTO','625/1','V','2022-06-10 12:56:52','2023-02-15 18:20:06'),(1686,83,'144','APTO 624',0,'1','APARTAMENTO ADULTO','624/1','V','2022-06-10 12:56:52','2023-02-15 18:20:06'),(1687,83,'143','APTO 623',0,'1','APARTAMENTO ADULTO','623/1','M','2022-06-10 12:56:52','2023-02-15 18:20:06'),(1688,83,'142','APTO 622',0,'1','APARTAMENTO ADULTO','622/1','V','2022-06-10 12:56:52','2023-02-15 18:20:06'),(1689,83,'141','APTO 621',0,'1','APARTAMENTO ADULTO','621/1','V','2022-06-10 12:56:52','2023-02-15 18:20:06'),(1690,83,'140','APTO 620',0,'1','APARTAMENTO ADULTO','620/1','V','2022-06-10 12:56:52','2023-02-15 18:20:06'),(1691,83,'139','APTO 619',0,'1','APARTAMENTO ADULTO','619/1','V','2022-06-10 12:56:52','2023-02-15 18:20:06'),(1692,83,'138','APTO 618',0,'1','APARTAMENTO ADULTO','618/1','V','2022-06-10 12:56:52','2023-02-15 18:20:06'),(1693,83,'137','APTO 617',0,'1','APARTAMENTO ADULTO','617/1','V','2022-06-10 12:56:52','2023-02-15 18:20:06'),(1694,83,'136','APTO 616',0,'1','APARTAMENTO ADULTO','616/1','V','2022-06-10 12:56:52','2023-02-15 18:20:06'),(1695,83,'135','APTO 615',0,'1','APARTAMENTO ADULTO','615/1','V','2022-06-10 12:56:52','2023-02-15 18:20:06'),(1696,83,'134','APTO 614',0,'1','APARTAMENTO ADULTO','614/1','V','2022-06-10 12:56:52','2023-02-15 18:20:06'),(1697,83,'133','APTO 613',0,'1','APARTAMENTO ADULTO','613/1','V','2022-06-10 12:56:52','2023-02-15 18:20:06'),(1698,83,'132','APTO 612',0,'1','APARTAMENTO ADULTO','612/1','V','2022-06-10 12:56:52','2023-02-15 18:20:06'),(1699,83,'131','APTO 611',0,'1','APARTAMENTO ADULTO','611/1','V','2022-06-10 12:56:52','2023-02-15 18:20:06'),(1700,83,'130','APTO 610',0,'1','APARTAMENTO ADULTO','610/1','V','2022-06-10 12:56:52','2023-02-15 18:20:06'),(1701,83,'129','APTO 609',0,'1','APARTAMENTO ADULTO','609/1','V','2022-06-10 12:56:52','2023-02-15 18:20:06'),(1702,83,'128','APTO 608',0,'1','APARTAMENTO ADULTO','608/1','V','2022-06-10 12:56:52','2023-02-15 18:20:06'),(1703,83,'127','APTO 607',0,'1','APARTAMENTO ADULTO','607/1','V','2022-06-10 12:56:52','2023-02-15 18:20:06'),(1704,83,'126','APTO 606',0,'1','APARTAMENTO ADULTO','606/1','V','2022-06-10 12:56:52','2023-02-15 18:20:06'),(1705,83,'125','APTO 605',0,'1','APARTAMENTO ADULTO','605/1','V','2022-06-10 12:56:52','2023-02-15 18:20:06'),(1706,83,'124','APTO 604',0,'1','APARTAMENTO ADULTO','604/1','V','2022-06-10 12:56:52','2023-02-15 18:20:06'),(1707,83,'123','APTO 603',0,'1','APARTAMENTO ADULTO','603/1','V','2022-06-10 12:56:52','2023-02-15 18:20:06'),(1708,83,'122','APTO 602',0,'1','APARTAMENTO ADULTO','602/1','V','2022-06-10 12:56:52','2023-02-15 18:20:06'),(1709,83,'121','APTO 601',0,'1','APARTAMENTO ADULTO','601/1','V','2022-06-10 12:56:52','2023-02-15 18:20:06'),(1710,84,'2479','APTO 663',0,'1','APARTAMENTO ADULTO','663/1','O','2022-06-10 12:56:52','2023-02-15 18:20:06'),(1711,84,'2478','APTO 662',0,'1','APARTAMENTO ADULTO','662/1','O','2022-06-10 12:56:52','2023-02-15 18:20:06'),(1712,84,'2477','APTO 661',0,'1','APARTAMENTO ADULTO','661/1','O','2022-06-10 12:56:52','2023-02-15 18:20:06'),(1713,84,'2476','APTO 660',0,'1','APARTAMENTO ADULTO','660/1','O','2022-06-10 12:56:52','2023-02-15 18:20:06'),(1714,84,'2469','APTO 656',0,'1','APARTAMENTO ADULTO','656/1','O','2022-06-10 12:56:52','2023-02-15 18:20:06'),(1715,84,'2468','APTO 655',0,'1','APARTAMENTO ADULTO','655/1','O','2022-06-10 12:56:52','2023-02-15 18:20:06'),(1716,84,'2467','APTO 654',0,'1','APARTAMENTO ADULTO','654/1','O','2022-06-10 12:56:52','2023-02-15 18:20:06'),(1717,84,'2466','APTO 653',0,'1','APARTAMENTO ADULTO','653/1','L','2022-06-10 12:56:52','2023-02-15 18:20:06'),(1718,84,'2465','APTO 652',0,'1','APARTAMENTO ADULTO','652/1','O','2022-06-10 12:56:52','2023-02-15 18:20:06'),(1719,84,'2464','APTO 651',0,'1','APARTAMENTO ADULTO','651/1','O','2022-06-10 12:56:52','2023-02-15 18:20:06'),(1720,84,'2174','APTO 663',0,'1','APARTAMENTO ADULTO','663/1','V','2022-06-10 12:56:52','2023-02-15 18:20:06'),(1721,84,'2173','APTO 662',0,'1','APARTAMENTO ADULTO','662/1','V','2022-06-10 12:56:53','2023-02-15 18:20:06'),(1722,84,'2172','APTO 661',0,'1','APARTAMENTO ADULTO','661/1','V','2022-06-10 12:56:53','2023-02-15 18:20:07'),(1723,84,'2171','APTO 660',0,'1','APARTAMENTO ADULTO','660/1','V','2022-06-10 12:56:53','2023-02-15 18:20:07'),(1724,84,'2170','APTO 656',0,'1','APARTAMENTO ADULTO','656/1','V','2022-06-10 12:56:53','2023-02-15 18:20:07'),(1725,84,'2169','APTO 655',0,'1','APARTAMENTO ADULTO','655/1','V','2022-06-10 12:56:53','2023-02-15 18:20:07'),(1726,84,'2168','APTO 654',0,'1','APARTAMENTO ADULTO','654/1','V','2022-06-10 12:56:53','2023-02-15 18:20:07'),(1727,84,'2167','APTO 653',0,'1','APARTAMENTO ADULTO','653/1','V','2022-06-10 12:56:53','2023-02-15 18:20:07'),(1728,84,'2166','APTO 652',0,'1','APARTAMENTO ADULTO','652/1','V','2022-06-10 12:56:53','2023-02-15 18:20:07'),(1729,84,'2165','APTO 651',0,'1','APARTAMENTO ADULTO','651/1','V','2022-06-10 12:56:53','2023-02-15 18:20:07'),(1730,84,'239','APTO 663',0,'1','APARTAMENTO ADULTO','663/1','V','2022-06-10 12:56:53','2023-02-15 18:20:07'),(1731,84,'238','APTO 662',0,'1','APARTAMENTO ADULTO','662/1','V','2022-06-10 12:56:53','2023-02-15 18:20:07'),(1732,84,'237','APTO 661',0,'1','APARTAMENTO ADULTO','661/1','V','2022-06-10 12:56:53','2023-02-15 18:20:07'),(1733,84,'236','APTO 660',0,'1','APARTAMENTO ADULTO','660/1','V','2022-06-10 12:56:53','2023-02-15 18:20:07'),(1734,84,'235','APTO 659',0,'1','APARTAMENTO ADULTO','659/1','V','2022-06-10 12:56:53','2023-02-15 18:20:07'),(1735,84,'234','APTO 658',0,'1','APARTAMENTO ADULTO','658/1','V','2022-06-10 12:56:53','2023-02-15 18:20:07'),(1736,84,'233','APTO 657',0,'1','APARTAMENTO ADULTO','657/1','V','2022-06-10 12:56:53','2023-02-15 18:20:07'),(1737,84,'232','APTO 656',0,'1','APARTAMENTO ADULTO','656/1','V','2022-06-10 12:56:53','2023-02-15 18:20:07'),(1738,84,'231','APTO 655',0,'1','APARTAMENTO ADULTO','655/1','V','2022-06-10 12:56:53','2023-02-15 18:20:07'),(1739,84,'230','APTO 654',0,'1','APARTAMENTO ADULTO','654/1','V','2022-06-10 12:56:53','2023-02-15 18:20:07'),(1740,84,'229','APTO 653',0,'1','APARTAMENTO ADULTO','653/1','V','2022-06-10 12:56:53','2023-02-15 18:20:07'),(1741,84,'228','APTO 652',0,'1','APARTAMENTO ADULTO','652/1','V','2022-06-10 12:56:53','2023-02-15 18:20:07'),(1742,84,'227','APTO 651',0,'1','APARTAMENTO ADULTO','651/1','V','2022-06-10 12:56:53','2023-02-15 18:20:07'),(1743,84,'226','APTO 650',0,'1','APARTAMENTO ADULTO','650/1','V','2022-06-10 12:56:53','2023-02-15 18:20:07'),(1744,84,'2475','APTO 659/02',0,'20','ENFERMARIA','659/02','E','2022-06-10 12:56:53','2023-02-15 18:20:07'),(1745,84,'2474','APTO 659/01',0,'20','ENFERMARIA','659/01','O','2022-06-10 12:56:53','2023-02-15 18:20:07'),(1746,84,'2473','APTO 658/02',0,'20','ENFERMARIA','658/02','E','2022-06-10 12:56:53','2023-02-15 18:20:07'),(1747,84,'2472','APTO 658/01',0,'20','ENFERMARIA','658/01','O','2022-06-10 12:56:53','2023-02-15 18:20:07'),(1748,84,'2471','APTO 657/02',0,'20','ENFERMARIA','657/02','E','2022-06-10 12:56:53','2023-02-15 18:20:07'),(1749,84,'2470','APTO 657/01',0,'20','ENFERMARIA','657/01','O','2022-06-10 12:56:53','2023-02-15 18:20:07'),(1750,84,'2463','APTO 650/02',0,'20','ENFERMARIA','650/02','E','2022-06-10 12:56:53','2023-02-15 18:20:07'),(1751,84,'2462','APTO 650/01',0,'20','ENFERMARIA','650/01','O','2022-06-10 12:56:53','2023-02-15 18:20:07'),(1752,85,'2576','729',0,'1','APARTAMENTO ADULTO','729/1','E','2022-06-10 12:56:53','2023-02-15 18:20:07'),(1753,85,'2575','728',0,'1','APARTAMENTO ADULTO','728/1','E','2022-06-10 12:56:53','2023-02-15 18:20:07'),(1754,85,'2574','727',0,'1','APARTAMENTO ADULTO','727/1','E','2022-06-10 12:56:53','2023-02-15 18:20:07'),(1755,85,'2573','726',0,'1','APARTAMENTO ADULTO','726/1','E','2022-06-10 12:56:53','2023-02-15 18:20:07'),(1756,85,'2572','725',0,'1','APARTAMENTO ADULTO','725/1','E','2022-06-10 12:56:53','2023-02-15 18:20:07'),(1757,85,'2571','724',0,'1','APARTAMENTO ADULTO','724/1','E','2022-06-10 12:56:53','2023-02-15 18:20:07'),(1758,85,'2570','723',0,'1','APARTAMENTO ADULTO','723/1','E','2022-06-10 12:56:53','2023-02-15 18:20:07'),(1759,85,'2569','722',0,'1','APARTAMENTO ADULTO','722/1','E','2022-06-10 12:56:53','2023-02-15 18:20:07'),(1760,85,'2568','721',0,'1','APARTAMENTO ADULTO','721/1','E','2022-06-10 12:56:53','2023-02-15 18:20:07'),(1761,85,'2567','720',0,'1','APARTAMENTO ADULTO','720/1','E','2022-06-10 12:56:53','2023-02-15 18:20:07'),(1762,85,'2566','719',0,'1','APARTAMENTO ADULTO','719/1','E','2022-06-10 12:56:53','2023-02-15 18:20:07'),(1763,85,'2565','718',0,'1','APARTAMENTO ADULTO','718/1','E','2022-06-10 12:56:53','2023-02-15 18:20:07'),(1764,85,'2564','717',0,'1','APARTAMENTO ADULTO','717/1','E','2022-06-10 12:56:53','2023-02-15 18:20:07'),(1765,85,'2563','716',0,'1','APARTAMENTO ADULTO','716/1','E','2022-06-10 12:56:53','2023-02-15 18:20:07'),(1766,85,'2562','715',0,'1','APARTAMENTO ADULTO','715/1','E','2022-06-10 12:56:53','2023-02-15 18:20:07'),(1767,85,'2561','714',0,'1','APARTAMENTO ADULTO','714/1','E','2022-06-10 12:56:53','2023-02-15 18:20:07'),(1768,85,'2560','713',0,'1','APARTAMENTO ADULTO','713/1','E','2022-06-10 12:56:53','2023-02-15 18:20:07'),(1769,85,'2559','712',0,'1','APARTAMENTO ADULTO','712/1','E','2022-06-10 12:56:53','2023-02-15 18:20:07'),(1770,85,'2558','711',0,'1','APARTAMENTO ADULTO','711/1','E','2022-06-10 12:56:53','2023-02-15 18:20:07'),(1771,85,'2557','710',0,'1','APARTAMENTO ADULTO','710/1','E','2022-06-10 12:56:53','2023-02-15 18:20:07'),(1772,85,'2556','709',0,'1','APARTAMENTO ADULTO','709/1','E','2022-06-10 12:56:53','2023-02-15 18:20:07'),(1773,85,'2555','708',0,'1','APARTAMENTO ADULTO','708/1','E','2022-06-10 12:56:53','2023-02-15 18:20:07'),(1774,85,'2554','707',0,'1','APARTAMENTO ADULTO','707/1','E','2022-06-10 12:56:53','2023-02-15 18:20:07'),(1775,85,'2553','706',0,'1','APARTAMENTO ADULTO','706/1','E','2022-06-10 12:56:53','2023-02-15 18:20:07'),(1776,85,'2552','705',0,'1','APARTAMENTO ADULTO','705/1','E','2022-06-10 12:56:53','2023-02-15 18:20:07'),(1777,85,'2551','704',0,'1','APARTAMENTO ADULTO','704/1','E','2022-06-10 12:56:53','2023-02-15 18:20:07'),(1778,85,'2550','703',0,'1','APARTAMENTO ADULTO','703/1','E','2022-06-10 12:56:53','2023-02-15 18:20:07'),(1779,85,'2549','702',0,'1','APARTAMENTO ADULTO','702/1','E','2022-06-10 12:56:53','2023-02-15 18:20:07'),(1780,85,'2548','701',0,'1','APARTAMENTO ADULTO','701/1','E','2022-06-10 12:56:53','2023-02-15 18:20:07'),(1781,86,'2379','APTO 707',0,'2','APARTAMENTO PEDIATRIA','707/1','V','2022-06-10 12:56:53','2023-02-15 18:20:07'),(1782,86,'2378','APTO 706',0,'2','APARTAMENTO PEDIATRIA','706/1','V','2022-06-10 12:56:53','2023-02-15 18:20:07'),(1783,86,'2377','APTO 705',0,'2','APARTAMENTO PEDIATRIA','705/1','V','2022-06-10 12:56:53','2023-02-15 18:20:07'),(1784,86,'2376','APTO 704',0,'2','APARTAMENTO PEDIATRIA','704/1','O','2022-06-10 12:56:53','2023-02-15 18:20:07'),(1785,86,'2455','APTO 723',0,'2','APARTAMENTO PEDIATRIA','723/1','V','2022-06-10 12:56:53','2023-02-15 18:20:07'),(1786,86,'2454','APTO 722',0,'2','APARTAMENTO PEDIATRIA','722/1','V','2022-06-10 12:56:53','2023-02-15 18:20:07'),(1787,86,'2453','APTO 721',0,'2','APARTAMENTO PEDIATRIA','721/1','V','2022-06-10 12:56:53','2023-02-15 18:20:07'),(1788,86,'2452','APTO 720',0,'2','APARTAMENTO PEDIATRIA','720/1','V','2022-06-10 12:56:53','2023-02-15 18:20:07'),(1789,86,'2451','APTO 719',0,'2','APARTAMENTO PEDIATRIA','719/1','V','2022-06-10 12:56:53','2023-02-15 18:20:07'),(1790,86,'2450','APTO 708',0,'2','APARTAMENTO PEDIATRIA','708/1','V','2022-06-10 12:56:53','2023-02-15 18:20:07'),(1791,86,'2449','APTO 707',0,'2','APARTAMENTO PEDIATRIA','707/1','V','2022-06-10 12:56:53','2023-02-15 18:20:07'),(1792,86,'2448','APTO 706',0,'2','APARTAMENTO PEDIATRIA','706/1','V','2022-06-10 12:56:53','2023-02-15 18:20:07'),(1793,86,'2447','APTO 705',0,'2','APARTAMENTO PEDIATRIA','705/1','V','2022-06-10 12:56:53','2023-02-15 18:20:07'),(1794,86,'2629','APTO 723',0,'2','APARTAMENTO PEDIATRIA','723/1','O','2022-06-10 12:56:53','2023-02-15 18:20:07'),(1795,86,'2628','APTO 722',0,'2','APARTAMENTO PEDIATRIA','722/1','O','2022-06-10 12:56:53','2023-02-15 18:20:07'),(1796,86,'2627','APTO 721',0,'2','APARTAMENTO PEDIATRIA','721/1','O','2022-06-10 12:56:53','2023-02-15 18:20:07'),(1797,86,'2626','APTO 720',0,'2','APARTAMENTO PEDIATRIA','720/1','M','2022-06-10 12:56:53','2023-02-15 18:20:07'),(1798,86,'2625','APTO 719',0,'2','APARTAMENTO PEDIATRIA','719/1','O','2022-06-10 12:56:53','2023-02-15 18:20:07'),(1799,86,'2624','APTO 708',0,'2','APARTAMENTO PEDIATRIA','708/1','O','2022-06-10 12:56:53','2023-02-15 18:20:07'),(1800,86,'2623','APTO 707',0,'2','APARTAMENTO PEDIATRIA','707/1','O','2022-06-10 12:56:53','2023-02-15 18:20:07'),(1801,86,'2622','APTO 706',0,'2','APARTAMENTO PEDIATRIA','706/1','L','2022-06-10 12:56:53','2023-02-15 18:20:07'),(1802,86,'2621','APTO 705',0,'2','APARTAMENTO PEDIATRIA','705/1','O','2022-06-10 12:56:53','2023-02-15 18:20:07'),(1803,86,'2364','APTO 707',0,'2','APARTAMENTO PEDIATRIA','707/1','V','2022-06-10 12:56:53','2023-02-15 18:20:07'),(1804,86,'2363','APTO 706',0,'2','APARTAMENTO PEDIATRIA','706/1','V','2022-06-10 12:56:53','2023-02-15 18:20:07'),(1805,86,'2362','APTO 705',0,'2','APARTAMENTO PEDIATRIA','705/1','V','2022-06-10 12:56:53','2023-02-15 18:20:07'),(1806,86,'2361','APTO 704',0,'2','APARTAMENTO PEDIATRIA','704/1','V','2022-06-10 12:56:53','2023-02-15 18:20:07'),(1807,86,'178','APTO 729',0,'2','APARTAMENTO PEDIATRIA','729/1','O','2022-06-10 12:56:53','2023-02-15 18:20:07'),(1808,86,'177','APTO 728',0,'2','APARTAMENTO PEDIATRIA','728/1','O','2022-06-10 12:56:53','2023-02-15 18:20:07'),(1809,86,'176','APTO 727',0,'2','APARTAMENTO PEDIATRIA','727/1','L','2022-06-10 12:56:53','2023-02-15 18:20:07'),(1810,86,'175','APTO 726',0,'2','APARTAMENTO PEDIATRIA','726/1','O','2022-06-10 12:56:53','2023-02-15 18:20:07'),(1811,86,'174','APTO 725',0,'2','APARTAMENTO PEDIATRIA','725/1','O','2022-06-10 12:56:53','2023-02-15 18:20:07'),(1812,86,'173','APTO 724',0,'2','APARTAMENTO PEDIATRIA','724/1','O','2022-06-10 12:56:53','2023-02-15 18:20:07'),(1813,86,'172','APTO 723',0,'2','APARTAMENTO PEDIATRIA','723/1','V','2022-06-10 12:56:53','2023-02-15 18:20:07'),(1814,86,'171','APTO 722',0,'2','APARTAMENTO PEDIATRIA','722/1','V','2022-06-10 12:56:53','2023-02-15 18:20:07'),(1815,86,'170','APTO 721',0,'2','APARTAMENTO PEDIATRIA','721/1','V','2022-06-10 12:56:53','2023-02-15 18:20:07'),(1816,86,'169','APTO 720',0,'2','APARTAMENTO PEDIATRIA','720/1','V','2022-06-10 12:56:53','2023-02-15 18:20:07'),(1817,86,'168','APTO 719',0,'2','APARTAMENTO PEDIATRIA','719/1','V','2022-06-10 12:56:53','2023-02-15 18:20:07'),(1818,86,'167','APTO 718',0,'2','APARTAMENTO PEDIATRIA','718/1','L','2022-06-10 12:56:53','2023-02-15 18:20:07'),(1819,86,'166','APTO 717',0,'2','APARTAMENTO PEDIATRIA','717/1','O','2022-06-10 12:56:53','2023-02-15 18:20:07'),(1820,86,'165','APTO 716',0,'2','APARTAMENTO PEDIATRIA','716/1','O','2022-06-10 12:56:53','2023-02-15 18:20:07'),(1821,86,'164','APTO 715',0,'2','APARTAMENTO PEDIATRIA','715/1','O','2022-06-10 12:56:53','2023-02-15 18:20:07'),(1822,86,'163','APTO 714',0,'2','APARTAMENTO PEDIATRIA','714/1','L','2022-06-10 12:56:53','2023-02-15 18:20:07'),(1823,86,'162','APTO 713',0,'2','APARTAMENTO PEDIATRIA','713/1','O','2022-06-10 12:56:53','2023-02-15 18:20:07'),(1824,86,'161','APTO 712',0,'2','APARTAMENTO PEDIATRIA','712/1','O','2022-06-10 12:56:53','2023-02-15 18:20:07'),(1825,86,'160','APTO 711',0,'2','APARTAMENTO PEDIATRIA','711/1','O','2022-06-10 12:56:53','2023-02-15 18:20:07'),(1826,86,'159','APTO 710',0,'2','APARTAMENTO PEDIATRIA','710/1','L','2022-06-10 12:56:53','2023-02-15 18:20:07'),(1827,86,'158','APTO 709',0,'2','APARTAMENTO PEDIATRIA','709/1','L','2022-06-10 12:56:53','2023-02-15 18:20:07'),(1828,86,'157','APTO 708',0,'2','APARTAMENTO PEDIATRIA','708/1','V','2022-06-10 12:56:53','2023-02-15 18:20:07'),(1829,86,'156','APTO 707',0,'2','APARTAMENTO PEDIATRIA','707/1','V','2022-06-10 12:56:53','2023-02-15 18:20:07'),(1830,86,'155','APTO 706',0,'2','APARTAMENTO PEDIATRIA','706/1','V','2022-06-10 12:56:53','2023-02-15 18:20:07'),(1831,86,'154','APTO 705',0,'2','APARTAMENTO PEDIATRIA','705/1','V','2022-06-10 12:56:53','2023-02-15 18:20:07'),(1832,86,'153','APTO 704',0,'2','APARTAMENTO PEDIATRIA','704/1','V','2022-06-10 12:56:53','2023-02-15 18:20:07'),(1833,86,'152','APTO 703',0,'2','APARTAMENTO PEDIATRIA','703/1','O','2022-06-10 12:56:53','2023-02-15 18:20:07'),(1834,86,'151','APTO 702',0,'2','APARTAMENTO PEDIATRIA','702/1','O','2022-06-10 12:56:53','2023-02-15 18:20:07'),(1835,86,'150','APTO 701',0,'2','APARTAMENTO PEDIATRIA','701/1','O','2022-06-10 12:56:53','2023-02-15 18:20:07'),(1836,87,'2547','663/01',0,'2','APARTAMENTO PEDIATRIA','663/01','E','2022-06-10 12:56:53','2023-02-15 18:20:07'),(1837,87,'2546','662/01',0,'2','APARTAMENTO PEDIATRIA','662/01','E','2022-06-10 12:56:53','2023-02-15 18:20:07'),(1838,87,'2545','661/01',0,'2','APARTAMENTO PEDIATRIA','661/01','E','2022-06-10 12:56:53','2023-02-15 18:20:07'),(1839,87,'2544','660/01',0,'2','APARTAMENTO PEDIATRIA','660/01','E','2022-06-10 12:56:53','2023-02-15 18:20:07'),(1840,87,'2543','659/02',0,'2','APARTAMENTO PEDIATRIA','659/02','E','2022-06-10 12:56:53','2023-02-15 18:20:07'),(1841,87,'2542','659/01',0,'2','APARTAMENTO PEDIATRIA','659/01','E','2022-06-10 12:56:53','2023-02-15 18:20:07'),(1842,87,'2541','658/02',0,'2','APARTAMENTO PEDIATRIA','658/02','E','2022-06-10 12:56:53','2023-02-15 18:20:07'),(1843,87,'2540','658/01',0,'2','APARTAMENTO PEDIATRIA','658/01','E','2022-06-10 12:56:53','2023-02-15 18:20:07'),(1844,87,'2539','657/02',0,'2','APARTAMENTO PEDIATRIA','657/02','E','2022-06-10 12:56:53','2023-02-15 18:20:07'),(1845,87,'2538','657/01',0,'2','APARTAMENTO PEDIATRIA','657/01','E','2022-06-10 12:56:53','2023-02-15 18:20:07'),(1846,87,'2537','656/01',0,'2','APARTAMENTO PEDIATRIA','656/01','E','2022-06-10 12:56:53','2023-02-15 18:20:07'),(1847,87,'2536','655/01',0,'2','APARTAMENTO PEDIATRIA','655/01','E','2022-06-10 12:56:53','2023-02-15 18:20:07'),(1848,87,'2535','654/01',0,'2','APARTAMENTO PEDIATRIA','654/01','E','2022-06-10 12:56:53','2023-02-15 18:20:07'),(1849,87,'2534','653/01',0,'2','APARTAMENTO PEDIATRIA','653/01','E','2022-06-10 12:56:53','2023-02-15 18:20:07'),(1850,87,'2533','652/01',0,'2','APARTAMENTO PEDIATRIA','652/01','E','2022-06-10 12:56:53','2023-02-15 18:20:07'),(1851,87,'2532','651/01',0,'2','APARTAMENTO PEDIATRIA','651/01','E','2022-06-10 12:56:53','2023-02-15 18:20:07'),(1852,87,'2531','650/02',0,'2','APARTAMENTO PEDIATRIA','650/02','E','2022-06-10 12:56:53','2023-02-15 18:20:07'),(1853,87,'2530','650/01',0,'2','APARTAMENTO PEDIATRIA','650/01','E','2022-06-10 12:56:53','2023-02-15 18:20:07'),(1854,88,'538','APTO 829',0,'1','APARTAMENTO ADULTO','829/1','L','2022-06-10 12:56:53','2023-02-15 18:20:07'),(1855,88,'537','APTO 828',0,'1','APARTAMENTO ADULTO','828/1','O','2022-06-10 12:56:53','2023-02-15 18:20:07'),(1856,88,'536','APTO 827',0,'1','APARTAMENTO ADULTO','827/1','O','2022-06-10 12:56:53','2023-02-15 18:20:07'),(1857,88,'535','APTO 826',0,'1','APARTAMENTO ADULTO','826/1','L','2022-06-10 12:56:53','2023-02-15 18:20:07'),(1858,88,'534','APTO 825',0,'1','APARTAMENTO ADULTO','825/1','O','2022-06-10 12:56:53','2023-02-15 18:20:07'),(1859,88,'533','APTO 824',0,'1','APARTAMENTO ADULTO','824/1','L','2022-06-10 12:56:53','2023-02-15 18:20:07'),(1860,88,'532','APTO 823',0,'1','APARTAMENTO ADULTO','823/1','O','2022-06-10 12:56:53','2023-02-15 18:20:07'),(1861,88,'531','APTO 822',0,'1','APARTAMENTO ADULTO','822/1','O','2022-06-10 12:56:53','2023-02-15 18:20:07'),(1862,88,'530','APTO 821',0,'1','APARTAMENTO ADULTO','821/1','O','2022-06-10 12:56:53','2023-02-15 18:20:07'),(1863,88,'529','APTO 820',0,'1','APARTAMENTO ADULTO','820/1','L','2022-06-10 12:56:53','2023-02-15 18:20:07'),(1864,88,'528','APTO 819',0,'1','APARTAMENTO ADULTO','819/1','O','2022-06-10 12:56:53','2023-02-15 18:20:07'),(1865,88,'527','APTO 818',0,'1','APARTAMENTO ADULTO','818/1','O','2022-06-10 12:56:53','2023-02-15 18:20:07'),(1866,88,'526','APTO 817',0,'1','APARTAMENTO ADULTO','817/1','O','2022-06-10 12:56:53','2023-02-15 18:20:07'),(1867,88,'525','APTO 816',0,'1','APARTAMENTO ADULTO','816/1','O','2022-06-10 12:56:53','2023-02-15 18:20:07'),(1868,88,'524','APTO 815',0,'1','APARTAMENTO ADULTO','815/1','O','2022-06-10 12:56:53','2023-02-15 18:20:07'),(1869,88,'523','APTO 814',0,'1','APARTAMENTO ADULTO','814/1','O','2022-06-10 12:56:53','2023-02-15 18:20:07'),(1870,88,'522','APTO 813',0,'1','APARTAMENTO ADULTO','813/1','O','2022-06-10 12:56:53','2023-02-15 18:20:07'),(1871,88,'521','APTO 812',0,'1','APARTAMENTO ADULTO','812/1','O','2022-06-10 12:56:53','2023-02-15 18:20:07'),(1872,88,'520','APTO 811',0,'1','APARTAMENTO ADULTO','811/1','O','2022-06-10 12:56:53','2023-02-15 18:20:07'),(1873,88,'519','APTO 810',0,'1','APARTAMENTO ADULTO','810/1','V','2022-06-10 12:56:53','2023-02-15 18:20:07'),(1874,88,'517','APTO 808',0,'1','APARTAMENTO ADULTO','808/1','O','2022-06-10 12:56:53','2023-02-15 18:20:07'),(1875,88,'516','APTO 807',0,'1','APARTAMENTO ADULTO','807/1','V','2022-06-10 12:56:53','2023-02-15 18:20:07'),(1876,88,'515','APTO 806',0,'1','APARTAMENTO ADULTO','806/1','M','2022-06-10 12:56:53','2023-02-15 18:20:07'),(1877,88,'514','APTO 805',0,'1','APARTAMENTO ADULTO','805/1','V','2022-06-10 12:56:53','2023-02-15 18:20:07'),(1878,88,'513','APTO 804',0,'1','APARTAMENTO ADULTO','804/1','O','2022-06-10 12:56:53','2023-02-15 18:20:07'),(1879,88,'512','APTO 803',0,'1','APARTAMENTO ADULTO','803/1','O','2022-06-10 12:56:53','2023-02-15 18:20:07'),(1880,88,'511','APTO 802',0,'1','APARTAMENTO ADULTO','802/1','O','2022-06-10 12:56:53','2023-02-15 18:20:07'),(1881,88,'510','APTO 801',0,'1','APARTAMENTO ADULTO','801/1','O','2022-06-10 12:56:53','2023-02-15 18:20:07'),(1882,88,'518','APTO 809',0,'2','APARTAMENTO PEDIATRIA','809/1','L','2022-06-10 12:56:53','2023-02-15 18:20:07'),(1883,89,'2461','UTI ADULTO 900/16',0,'5','UTI - ADULTO','900/16','V','2022-06-10 12:56:53','2023-02-15 18:20:07'),(1884,89,'2460','UTI ADULTO 900/15',0,'5','UTI - ADULTO','900/15','V','2022-06-10 12:56:53','2023-02-15 18:20:07'),(1885,89,'2459','UTI ADULTO 900/14',0,'5','UTI - ADULTO','900/14','V','2022-06-10 12:56:53','2023-02-15 18:20:07'),(1886,89,'2458','UTI ADULTO 900/13',0,'5','UTI - ADULTO','900/13','V','2022-06-10 12:56:53','2023-02-15 18:20:07'),(1887,89,'2457','UTI ADULTO 900/12',0,'5','UTI - ADULTO','900/12','V','2022-06-10 12:56:53','2023-02-15 18:20:07'),(1888,89,'2456','UTI ADULTO 900/11',0,'5','UTI - ADULTO','900/11','V','2022-06-10 12:56:53','2023-02-15 18:20:07'),(1889,89,'2278','UTI ADULTO 900/16',0,'5','UTI - ADULTO','900/16','V','2022-06-10 12:56:53','2023-02-15 18:20:07'),(1890,89,'2277','UTI ADULTO 900/15',0,'5','UTI - ADULTO','900/15','V','2022-06-10 12:56:53','2023-02-15 18:20:07'),(1891,89,'2276','UTI ADULTO 900/14',0,'5','UTI - ADULTO','900/14','V','2022-06-10 12:56:53','2023-02-15 18:20:07'),(1892,89,'2275','UTI ADULTO 900/13',0,'5','UTI - ADULTO','900/13','V','2022-06-10 12:56:53','2023-02-15 18:20:07'),(1893,89,'2274','UTI ADULTO 900/12',0,'5','UTI - ADULTO','900/12','V','2022-06-10 12:56:53','2023-02-15 18:20:07'),(1894,89,'2273','UTI ADULTO 900/11',0,'5','UTI - ADULTO','900/11','V','2022-06-10 12:56:53','2023-02-15 18:20:07'),(1895,89,'2164','UTI ADULTO 900/16',0,'5','UTI - ADULTO','900/16','V','2022-06-10 12:56:53','2023-02-15 18:20:07'),(1896,89,'2163','UTI ADULTO 900/15',0,'5','UTI - ADULTO','900/15','V','2022-06-10 12:56:53','2023-02-15 18:20:07'),(1897,89,'2162','UTI ADULTO 900/14',0,'5','UTI - ADULTO','900/14','V','2022-06-10 12:56:53','2023-02-15 18:20:07'),(1898,89,'2161','UTI ADULTO 900/13',0,'5','UTI - ADULTO','900/13','V','2022-06-10 12:56:53','2023-02-15 18:20:07'),(1899,89,'2160','UTI ADULTO 900/12',0,'5','UTI - ADULTO','900/12','V','2022-06-10 12:56:53','2023-02-15 18:20:07'),(1900,89,'2159','UTI ADULTO 900/11',0,'5','UTI - ADULTO','900/11','V','2022-06-10 12:56:53','2023-02-15 18:20:07'),(1901,89,'471','UTI ADULTO 900/16',0,'5','UTI - ADULTO','900/16','V','2022-06-10 12:56:53','2023-02-15 18:20:07'),(1902,89,'470','UTI ADULTO 900/15',0,'5','UTI - ADULTO','900/15','V','2022-06-10 12:56:53','2023-02-15 18:20:07'),(1903,89,'469','UTI ADULTO 900/14',0,'5','UTI - ADULTO','900/14','V','2022-06-10 12:56:53','2023-02-15 18:20:07'),(1904,89,'468','UTI ADULTO 900/13',0,'5','UTI - ADULTO','900/13','V','2022-06-10 12:56:53','2023-02-15 18:20:07'),(1905,89,'467','UTI ADULTO 900/12',0,'5','UTI - ADULTO','900/12','V','2022-06-10 12:56:53','2023-02-15 18:20:07'),(1906,89,'466','UTI ADULTO 900/11',0,'5','UTI - ADULTO','900/11','V','2022-06-10 12:56:53','2023-02-15 18:20:07'),(1907,89,'465','UTI ADULTO 900/10',0,'5','UTI - ADULTO','900/10','O','2022-06-10 12:56:53','2023-02-15 18:20:07'),(1908,89,'464','UTI ADULTO 900/09',0,'5','UTI - ADULTO','900/09','O','2022-06-10 12:56:53','2023-02-15 18:20:07'),(1909,89,'463','UTI ADULTO 900/08',0,'5','UTI - ADULTO','900/08','O','2022-06-10 12:56:53','2023-02-15 18:20:07'),(1910,89,'462','UTI ADULTO 900/07',0,'5','UTI - ADULTO','900/07','O','2022-06-10 12:56:53','2023-02-15 18:20:07'),(1911,89,'461','UTI ADULTO 900/06',0,'5','UTI - ADULTO','900/06','O','2022-06-10 12:56:53','2023-02-15 18:20:07'),(1912,89,'460','UTI ADULTO 900/05',0,'5','UTI - ADULTO','900/05','O','2022-06-10 12:56:53','2023-02-15 18:20:07'),(1913,89,'459','UTI ADULTO 900/04',0,'5','UTI - ADULTO','900/04','I','2022-06-10 12:56:53','2023-02-15 18:20:07'),(1914,89,'458','UTI ADULTO 900/03',0,'5','UTI - ADULTO','900/03','O','2022-06-10 12:56:53','2023-02-15 18:20:07'),(1915,89,'457','UTI ADULTO 900/02',0,'5','UTI - ADULTO','900/02','O','2022-06-10 12:56:53','2023-02-15 18:20:07'),(1916,89,'456','UTI ADULTO 900/01',0,'5','UTI - ADULTO','900/01','O','2022-06-10 12:56:53','2023-02-15 18:20:07'),(1917,90,'2375','UTI ADULTO 800/10',0,'5','UTI - ADULTO','800/10','E','2022-06-10 12:56:53','2023-02-15 18:20:07'),(1918,90,'2374','UTI ADULTO 800/09',0,'5','UTI - ADULTO','800/09','E','2022-06-10 12:56:53','2023-02-15 18:20:07'),(1919,90,'2373','UTI ADULTO 800/08',0,'5','UTI - ADULTO','800/08','E','2022-06-10 12:56:53','2023-02-15 18:20:07'),(1920,90,'2372','UTI ADULTO 800/07',0,'5','UTI - ADULTO','800/07','E','2022-06-10 12:56:53','2023-02-15 18:20:07'),(1921,90,'2371','UTI ADULTO 800/06',0,'5','UTI - ADULTO','800/06','E','2022-06-10 12:56:53','2023-02-15 18:20:07'),(1922,90,'2370','UTI ADULTO 800/05',0,'5','UTI - ADULTO','800/05','E','2022-06-10 12:56:53','2023-02-15 18:20:07'),(1923,90,'2369','UTI ADULTO 800/04',0,'5','UTI - ADULTO','800/04','E','2022-06-10 12:56:53','2023-02-15 18:20:07'),(1924,90,'2368','UTI ADULTO 800/03',0,'5','UTI - ADULTO','800/03','E','2022-06-10 12:56:53','2023-02-15 18:20:07'),(1925,90,'2367','UTI ADULTO 800/02',0,'5','UTI - ADULTO','800/02','E','2022-06-10 12:56:53','2023-02-15 18:20:07'),(1926,90,'2366','UTI ADULTO 800/01',0,'5','UTI - ADULTO','800/01','E','2022-06-10 12:56:53','2023-02-15 18:20:07'),(1927,90,'2328','UTI ADULTO 800/10',0,'5','UTI - ADULTO','800/10','V','2022-06-10 12:56:53','2023-02-15 18:20:07'),(1928,90,'2327','UTI ADULTO 800/09',0,'5','UTI - ADULTO','800/09','V','2022-06-10 12:56:53','2023-02-15 18:20:07'),(1929,90,'2326','UTI ADULTO 800/08',0,'5','UTI - ADULTO','800/08','V','2022-06-10 12:56:53','2023-02-15 18:20:07'),(1930,90,'2325','UTI ADULTO 800/07',0,'5','UTI - ADULTO','800/07','V','2022-06-10 12:56:53','2023-02-15 18:20:07'),(1931,90,'2324','UTI ADULTO 800/06',0,'5','UTI - ADULTO','800/06','V','2022-06-10 12:56:53','2023-02-15 18:20:07'),(1932,90,'2323','UTI ADULTO 800/05',0,'5','UTI - ADULTO','800/05','V','2022-06-10 12:56:53','2023-02-15 18:20:07'),(1933,90,'2322','UTI ADULTO 800/04',0,'5','UTI - ADULTO','800/04','V','2022-06-10 12:56:53','2023-02-15 18:20:07'),(1934,90,'2321','UTI ADULTO 800/03',0,'5','UTI - ADULTO','800/03','V','2022-06-10 12:56:53','2023-02-15 18:20:07'),(1935,90,'2320','UTI ADULTO 800/02',0,'5','UTI - ADULTO','800/02','V','2022-06-10 12:56:53','2023-02-15 18:20:07'),(1936,90,'2319','UTI ADULTO 800/01',0,'5','UTI - ADULTO','800/01','V','2022-06-10 12:56:53','2023-02-15 18:20:07'),(1937,91,'2645','UTI U1000-10',0,'5','UTI - ADULTO','U1000-10','V','2022-06-10 12:56:53','2023-02-15 18:20:07'),(1938,91,'2644','UTI U1000-9',0,'5','UTI - ADULTO','U1000-9','V','2022-06-10 12:56:53','2023-02-15 18:20:07'),(1939,91,'2643','UTI U1000-8',0,'5','UTI - ADULTO','U1000-8','V','2022-06-10 12:56:53','2023-02-15 18:20:07'),(1940,91,'2642','UTI U1000-7',0,'5','UTI - ADULTO','U1000-7','V','2022-06-10 12:56:53','2023-02-15 18:20:07'),(1941,91,'2641','UTI U1000-6',0,'5','UTI - ADULTO','U1000-6','V','2022-06-10 12:56:53','2023-02-15 18:20:07'),(1942,91,'2640','UTI U1000-5',0,'5','UTI - ADULTO','U1000-5','V','2022-06-10 12:56:53','2023-02-15 18:20:07'),(1943,91,'2639','UTI U1000-4',0,'5','UTI - ADULTO','U1000-4','V','2022-06-10 12:56:53','2023-02-15 18:20:07'),(1944,91,'2638','UTI U1000-3',0,'5','UTI - ADULTO','U1000-3','V','2022-06-10 12:56:53','2023-02-15 18:20:07'),(1945,91,'2637','UTI U1000-2',0,'5','UTI - ADULTO','U1000-2','V','2022-06-10 12:56:53','2023-02-15 18:20:07'),(1946,91,'2636','UTI U1000-1',0,'5','UTI - ADULTO','U1000-1','V','2022-06-10 12:56:53','2023-02-15 18:20:07'),(1947,92,'422','UTI CARDIO 500/16',0,'8','UTI - CARDIOLOGICA','500/16','O','2022-06-10 12:56:53','2023-02-15 18:20:07'),(1948,92,'421','UTI CARDIO 500/15',0,'8','UTI - CARDIOLOGICA','500/15','I','2022-06-10 12:56:53','2023-02-15 18:20:07'),(1949,92,'420','UTI CARDIO 500/14',0,'8','UTI - CARDIOLOGICA','500/14','M','2022-06-10 12:56:53','2023-02-15 18:20:07'),(1950,92,'419','UTI CARDIO 500/13',0,'8','UTI - CARDIOLOGICA','500/13','I','2022-06-10 12:56:53','2023-02-15 18:20:07'),(1951,92,'418','UTI CARDIO 500/12',0,'8','UTI - CARDIOLOGICA','500/12','O','2022-06-10 12:56:53','2023-02-15 18:20:07'),(1952,92,'417','UTI CARDIO 500/11',0,'8','UTI - CARDIOLOGICA','500/11','O','2022-06-10 12:56:53','2023-02-15 18:20:07'),(1953,92,'416','UTI CARDIO 500/10',0,'8','UTI - CARDIOLOGICA','500/10','O','2022-06-10 12:56:53','2023-02-15 18:20:07'),(1954,92,'415','UTI CARDIO 500/09',0,'8','UTI - CARDIOLOGICA','500/09','O','2022-06-10 12:56:53','2023-02-15 18:20:07'),(1955,92,'414','UTI CARDIO 500/08',0,'8','UTI - CARDIOLOGICA','500/08','O','2022-06-10 12:56:53','2023-02-15 18:20:07'),(1956,92,'413','UTI CARDIO 500/07',0,'8','UTI - CARDIOLOGICA','500/07','O','2022-06-10 12:56:53','2023-02-15 18:20:07'),(1957,92,'412','UTI CARDIO 500/06',0,'8','UTI - CARDIOLOGICA','500/06','O','2022-06-10 12:56:53','2023-02-15 18:20:07'),(1958,92,'411','UTI CARDIO 500/05',0,'8','UTI - CARDIOLOGICA','500/05','O','2022-06-10 12:56:53','2023-02-15 18:20:07'),(1959,92,'410','UTI CARDIO 500/04',0,'8','UTI - CARDIOLOGICA','500/04','L','2022-06-10 12:56:53','2023-02-15 18:20:07'),(1960,92,'409','UTI CARDIO 500/03',0,'8','UTI - CARDIOLOGICA','500/03','V','2022-06-10 12:56:53','2023-02-15 18:20:07'),(1961,92,'408','UTI CARDIO 500/02',0,'8','UTI - CARDIOLOGICA','500/02','O','2022-06-10 12:56:53','2023-02-15 18:20:07'),(1962,92,'407','UTI CARDIO 500/01',0,'8','UTI - CARDIOLOGICA','500/01','O','2022-06-10 12:56:53','2023-02-15 18:20:07'),(1963,93,'2666','UTI 200/10',0,'5','UTI - ADULTO','200/10','E','2022-06-10 12:56:53','2023-02-15 18:20:07'),(1964,93,'2665','UTI 200/09',0,'5','UTI - ADULTO','200/09','E','2022-06-10 12:56:53','2023-02-15 18:20:07'),(1965,93,'2664','UTI 200/08',0,'5','UTI - ADULTO','200/08','E','2022-06-10 12:56:53','2023-02-15 18:20:07'),(1966,93,'2663','UTI 200/07',0,'5','UTI - ADULTO','200/07','E','2022-06-10 12:56:53','2023-02-15 18:20:07'),(1967,93,'2662','UTI 200/06',0,'5','UTI - ADULTO','200/06','E','2022-06-10 12:56:53','2023-02-15 18:20:07'),(1968,93,'2661','UTI 200/05',0,'5','UTI - ADULTO','200/05','E','2022-06-10 12:56:53','2023-02-15 18:20:07'),(1969,93,'2660','UTI 200/04',0,'5','UTI - ADULTO','200/04','E','2022-06-10 12:56:53','2023-02-15 18:20:07'),(1970,93,'2659','UTI 200/03',0,'5','UTI - ADULTO','200/03','E','2022-06-10 12:56:53','2023-02-15 18:20:07'),(1971,93,'2658','UTI 200/02',0,'5','UTI - ADULTO','200/02','E','2022-06-10 12:56:53','2023-02-15 18:20:07'),(1972,93,'2657','UTI 200/01',0,'8','UTI - CARDIOLOGICA','200/01','E','2022-06-10 12:56:53','2023-02-15 18:20:07'),(1973,94,'404','UTI ADULTO 300/20',0,'9','UTI - MULTI','300/20','O','2022-06-10 12:56:54','2023-02-15 18:20:07'),(1974,94,'403','UTI ADULTO 300/19',0,'9','UTI - MULTI','300/19','O','2022-06-10 12:56:54','2023-02-15 18:20:07'),(1975,94,'402','UTI ADULTO 300/18',0,'9','UTI - MULTI','300/18','O','2022-06-10 12:56:54','2023-02-15 18:20:07'),(1976,94,'401','UTI ADULTO 300/17',0,'9','UTI - MULTI','300/17','O','2022-06-10 12:56:54','2023-02-15 18:20:07'),(1977,94,'400','UTI ADULTO 300/16',0,'9','UTI - MULTI','300/16','O','2022-06-10 12:56:54','2023-02-15 18:20:07'),(1978,94,'399','UTI ADULTO 300/15',0,'9','UTI - MULTI','300/15','O','2022-06-10 12:56:54','2023-02-15 18:20:07'),(1979,94,'398','UTI ADULTO 300/14',0,'9','UTI - MULTI','300/14','O','2022-06-10 12:56:54','2023-02-15 18:20:07'),(1980,94,'397','UTI ADULTO 300/13',0,'9','UTI - MULTI','300/13','I','2022-06-10 12:56:54','2023-02-15 18:20:07'),(1981,94,'396','UTI ADULTO 300/12',0,'9','UTI - MULTI','300/12','O','2022-06-10 12:56:54','2023-02-15 18:20:07'),(1982,94,'395','UTI ADULTO 300/11',0,'9','UTI - MULTI','300/11','O','2022-06-10 12:56:54','2023-02-15 18:20:07'),(1983,94,'394','UTI ADULTO 300/10',0,'9','UTI - MULTI','300/10','O','2022-06-10 12:56:54','2023-02-15 18:20:07'),(1984,94,'393','UTI ADULTO 300/09',0,'9','UTI - MULTI','300/09','I','2022-06-10 12:56:54','2023-02-15 18:20:07'),(1985,94,'392','UTI ADULTO 300/08',0,'9','UTI - MULTI','300/08','O','2022-06-10 12:56:54','2023-02-15 18:20:07'),(1986,94,'391','UTI ADULTO 300/07',0,'9','UTI - MULTI','300/07','O','2022-06-10 12:56:54','2023-02-15 18:20:07'),(1987,94,'390','UTI ADULTO 300/06',0,'9','UTI - MULTI','300/06','O','2022-06-10 12:56:54','2023-02-15 18:20:07'),(1988,94,'389','UTI ADULTO 300/05',0,'9','UTI - MULTI','300/05','O','2022-06-10 12:56:54','2023-02-15 18:20:08'),(1989,94,'388','UTI ADULTO 300/04',0,'9','UTI - MULTI','300/04','O','2022-06-10 12:56:54','2023-02-15 18:20:08'),(1990,94,'387','UTI ADULTO 300/03',0,'9','UTI - MULTI','300/03','O','2022-06-10 12:56:54','2023-02-15 18:20:08'),(1991,94,'386','UTI ADULTO 300/02',0,'9','UTI - MULTI','300/02','O','2022-06-10 12:56:54','2023-02-15 18:20:08'),(1992,94,'385','UTI ADULTO 300/01',0,'9','UTI - MULTI','300/01','O','2022-06-10 12:56:54','2023-02-15 18:20:08'),(1993,95,'2343','UTI 400/29',0,'5','UTI - ADULTO','400/29','E','2022-06-10 12:56:54','2023-02-15 18:20:08'),(1994,95,'2342','UTI 400/28',0,'5','UTI - ADULTO','400/28','E','2022-06-10 12:56:54','2023-02-15 18:20:08'),(1995,95,'2341','UTI 400/27',0,'5','UTI - ADULTO','400/27','E','2022-06-10 12:56:54','2023-02-15 18:20:08'),(1996,95,'2340','UTI 400/26',0,'5','UTI - ADULTO','400/26','E','2022-06-10 12:56:54','2023-02-15 18:20:08'),(1997,95,'2339','UTI 400/25',0,'5','UTI - ADULTO','400/25','E','2022-06-10 12:56:54','2023-02-15 18:20:08'),(1998,95,'2338','UTI 400/24',0,'5','UTI - ADULTO','400/24','E','2022-06-10 12:56:54','2023-02-15 18:20:08'),(1999,95,'2337','UTI 400/23',0,'5','UTI - ADULTO','400/23','E','2022-06-10 12:56:54','2023-02-15 18:20:08'),(2000,95,'2336','UTI 400/22',0,'5','UTI - ADULTO','400/22','E','2022-06-10 12:56:54','2023-02-15 18:20:08'),(2001,95,'2335','UTI 400/21',0,'5','UTI - ADULTO','400/21','E','2022-06-10 12:56:54','2023-02-15 18:20:08'),(2002,95,'2334','UTI 400/20',0,'5','UTI - ADULTO','400/20','E','2022-06-10 12:56:54','2023-02-15 18:20:08'),(2003,95,'2333','UTI 400/19',0,'5','UTI - ADULTO','400/19','E','2022-06-10 12:56:54','2023-02-15 18:20:08'),(2004,95,'2332','UTI 400/18',0,'5','UTI - ADULTO','400/18','E','2022-06-10 12:56:54','2023-02-15 18:20:08'),(2005,95,'2331','UTI 400/17',0,'5','UTI - ADULTO','400/17','E','2022-06-10 12:56:54','2023-02-15 18:20:08'),(2006,95,'2330','UTI 400/16',0,'5','UTI - ADULTO','400/16','E','2022-06-10 12:56:54','2023-02-15 18:20:08'),(2007,95,'2329','UTI 400/15',0,'5','UTI - ADULTO','400/15','E','2022-06-10 12:56:54','2023-02-15 18:20:08'),(2008,96,'439','UTI NEURO 600/17',0,'7','UTI - NEURO','600/17','L','2022-06-10 12:56:54','2023-02-15 18:20:08'),(2009,96,'438','UTI NEURO 600/16',0,'7','UTI - NEURO','600/16','R','2022-06-10 12:56:54','2023-02-15 18:20:08'),(2010,96,'437','UTI NEURO 600/15',0,'7','UTI - NEURO','600/15','O','2022-06-10 12:56:54','2023-02-15 18:20:08'),(2011,96,'436','UTI NEURO 600/14',0,'7','UTI - NEURO','600/14','O','2022-06-10 12:56:54','2023-02-15 18:20:08'),(2012,96,'435','UTI NEURO 600/13',0,'7','UTI - NEURO','600/13','O','2022-06-10 12:56:54','2023-02-15 18:20:08'),(2013,96,'434','UTI NEURO 600/12',0,'7','UTI - NEURO','600/12','O','2022-06-10 12:56:54','2023-02-15 18:20:08'),(2014,96,'433','UTI NEURO 600/11',0,'7','UTI - NEURO','600/11','O','2022-06-10 12:56:54','2023-02-15 18:20:08'),(2015,96,'432','UTI NEURO 600/10',0,'7','UTI - NEURO','600/10','O','2022-06-10 12:56:54','2023-02-15 18:20:08'),(2016,96,'431','UTI NEURO 600/09',0,'7','UTI - NEURO','600/09','O','2022-06-10 12:56:54','2023-02-15 18:20:08'),(2017,96,'430','UTI NEURO 600/08',0,'7','UTI - NEURO','600/08','O','2022-06-10 12:56:54','2023-02-15 18:20:08'),(2018,96,'429','UTI NEURO 600/07',0,'7','UTI - NEURO','600/07','O','2022-06-10 12:56:54','2023-02-15 18:20:08'),(2019,96,'428','UTI NEURO 600/06',0,'7','UTI - NEURO','600/06','O','2022-06-10 12:56:54','2023-02-15 18:20:08'),(2020,96,'427','UTI NEURO 600/05',0,'7','UTI - NEURO','600/05','O','2022-06-10 12:56:54','2023-02-15 18:20:08'),(2021,96,'426','UTI NEURO 600/04',0,'7','UTI - NEURO','600/04','O','2022-06-10 12:56:54','2023-02-15 18:20:08'),(2022,96,'425','UTI NEURO 600/03',0,'7','UTI - NEURO','600/03','O','2022-06-10 12:56:54','2023-02-15 18:20:08'),(2023,96,'424','UTI NEURO 600/02',0,'7','UTI - NEURO','600/02','O','2022-06-10 12:56:54','2023-02-15 18:20:08'),(2024,96,'423','UTI NEURO 600/01',0,'7','UTI - NEURO','600/01','O','2022-06-10 12:56:54','2023-02-15 18:20:08'),(2025,97,'2743','UTI 700/16',0,'5','UTI - ADULTO','700/16','E','2022-06-10 12:56:54','2023-02-15 18:20:08'),(2026,97,'2742','UTI 700/15',0,'5','UTI - ADULTO','700/15','E','2022-06-10 12:56:54','2023-02-15 18:20:08'),(2027,97,'2741','UTI 700/14',0,'5','UTI - ADULTO','700/14','E','2022-06-10 12:56:54','2023-02-15 18:20:08'),(2028,97,'2740','UTI 700/13',0,'5','UTI - ADULTO','700/13','E','2022-06-10 12:56:54','2023-02-15 18:20:08'),(2029,97,'2739','UTI 700/12',0,'5','UTI - ADULTO','700/12','E','2022-06-10 12:56:54','2023-02-15 18:20:08'),(2030,97,'2738','UTI 700/11',0,'5','UTI - ADULTO','700/11','E','2022-06-10 12:56:54','2023-02-15 18:20:08'),(2031,98,'2635','UTI 1000/06',0,'5','UTI - ADULTO','1000/06','E','2022-06-10 12:56:54','2023-02-15 18:20:08'),(2032,98,'2634','UTI 1000/05',0,'5','UTI - ADULTO','1000/05','E','2022-06-10 12:56:54','2023-02-15 18:20:08'),(2033,98,'2633','UTI 1000/04',0,'5','UTI - ADULTO','1000/04','E','2022-06-10 12:56:54','2023-02-15 18:20:08'),(2034,98,'2632','UTI 1000/03',0,'5','UTI - ADULTO','1000/03','E','2022-06-10 12:56:54','2023-02-15 18:20:08'),(2035,98,'2631','UTI 1000/02',0,'5','UTI - ADULTO','1000/02','E','2022-06-10 12:56:54','2023-02-15 18:20:08'),(2036,98,'2630','UTI 1000/01',0,'5','UTI - ADULTO','1000/01','E','2022-06-10 12:56:54','2023-02-15 18:20:08'),(2037,99,'2360','UTI PED 700/10',0,'6','UTI - PEDIATRICA','700/10','V','2022-06-10 12:56:54','2023-02-15 18:20:08'),(2038,99,'2359','UTI PED 700/09',0,'6','UTI - PEDIATRICA','700/09','V','2022-06-10 12:56:54','2023-02-15 18:20:08'),(2039,99,'2358','UTI PED 700/08',0,'6','UTI - PEDIATRICA','700/08','V','2022-06-10 12:56:54','2023-02-15 18:20:08'),(2040,99,'2357','UTI PED 700/06',0,'6','UTI - PEDIATRICA','700/06','V','2022-06-10 12:56:54','2023-02-15 18:20:08'),(2041,99,'2356','UTI PED 700/02',0,'6','UTI - PEDIATRICA','700/02','V','2022-06-10 12:56:54','2023-02-15 18:20:08'),(2042,99,'2355','UTI PED 700/01',0,'6','UTI - PEDIATRICA','700/01','V','2022-06-10 12:56:54','2023-02-15 18:20:08'),(2043,99,'2385','UTI PED 700/10',0,'6','UTI - PEDIATRICA','700/10','O','2022-06-10 12:56:54','2023-02-15 18:20:08'),(2044,99,'2384','UTI PED 700/09',0,'6','UTI - PEDIATRICA','700/09','O','2022-06-10 12:56:54','2023-02-15 18:20:08'),(2045,99,'2383','UTI PED 700/08',0,'6','UTI - PEDIATRICA','700/08','O','2022-06-10 12:56:54','2023-02-15 18:20:08'),(2046,99,'2382','UTI PED 700/06',0,'6','UTI - PEDIATRICA','700/06','O','2022-06-10 12:56:54','2023-02-15 18:20:08'),(2047,99,'2381','UTI PED 700/02',0,'6','UTI - PEDIATRICA','700/02','O','2022-06-10 12:56:54','2023-02-15 18:20:08'),(2048,99,'2380','UTI PED 700/01',0,'6','UTI - PEDIATRICA','700/01','O','2022-06-10 12:56:54','2023-02-15 18:20:08'),(2049,99,'455','UTI PED 700/16',0,'6','UTI - PEDIATRICA','700/16','O','2022-06-10 12:56:54','2023-02-15 18:20:08'),(2050,99,'454','UTI PED 700/15',0,'6','UTI - PEDIATRICA','700/15','O','2022-06-10 12:56:54','2023-02-15 18:20:08'),(2051,99,'453','UTI PED 700/14',0,'6','UTI - PEDIATRICA','700/14','O','2022-06-10 12:56:54','2023-02-15 18:20:08'),(2052,99,'452','UTI PED 700/13',0,'6','UTI - PEDIATRICA','700/13','O','2022-06-10 12:56:54','2023-02-15 18:20:08'),(2053,99,'451','UTI PED 700/12',0,'6','UTI - PEDIATRICA','700/12','R','2022-06-10 12:56:54','2023-02-15 18:20:08'),(2054,99,'450','UTI PED 700/11',0,'6','UTI - PEDIATRICA','700/11','O','2022-06-10 12:56:54','2023-02-15 18:20:08'),(2055,99,'449','UTI PED 700/10',0,'6','UTI - PEDIATRICA','700/10','V','2022-06-10 12:56:54','2023-02-15 18:20:08'),(2056,99,'448','UTI PED 700/09',0,'6','UTI - PEDIATRICA','700/09','V','2022-06-10 12:56:54','2023-02-15 18:20:08'),(2057,99,'447','UTI PED 700/08',0,'6','UTI - PEDIATRICA','700/08','V','2022-06-10 12:56:54','2023-02-15 18:20:08'),(2058,99,'446','UTI PED 700/07',0,'6','UTI - PEDIATRICA','700/07','O','2022-06-10 12:56:54','2023-02-15 18:20:08'),(2059,99,'445','UTI PED 700/06',0,'6','UTI - PEDIATRICA','700/06','V','2022-06-10 12:56:54','2023-02-15 18:20:08'),(2060,99,'444','UTI PED 700/05',0,'6','UTI - PEDIATRICA','700/05','O','2022-06-10 12:56:54','2023-02-15 18:20:08'),(2061,99,'443','UTI PED 700/04',0,'6','UTI - PEDIATRICA','700/04','O','2022-06-10 12:56:54','2023-02-15 18:20:08'),(2062,99,'442','UTI PED 700/03',0,'6','UTI - PEDIATRICA','700/03','O','2022-06-10 12:56:54','2023-02-15 18:20:08'),(2063,99,'441','UTI PED 700/02',0,'6','UTI - PEDIATRICA','700/02','V','2022-06-10 12:56:54','2023-02-15 18:20:08'),(2064,99,'440','UTI PED 700/01',0,'6','UTI - PEDIATRICA','700/01','V','2022-06-10 12:56:54','2023-02-15 18:20:08'),(2065,100,'509','UTI PED 800/2',0,'1','APARTAMENTO ADULTO','800/2','V','2022-06-10 12:56:54','2023-02-15 18:20:08'),(2066,100,'487','UTI PED 800/10',0,'1','APARTAMENTO ADULTO','800/10','V','2022-06-10 12:56:54','2023-02-15 18:20:08'),(2067,100,'486','UTI PED 800/9',0,'1','APARTAMENTO ADULTO','800/9','V','2022-06-10 12:56:54','2023-02-15 18:20:08'),(2068,100,'485','UTI PED 800/8',0,'1','APARTAMENTO ADULTO','800/8','V','2022-06-10 12:56:54','2023-02-15 18:20:08'),(2069,100,'484','UTI PED 800/7',0,'1','APARTAMENTO ADULTO','800/7','V','2022-06-10 12:56:54','2023-02-15 18:20:08'),(2070,100,'483','UTI PED 800/6',0,'1','APARTAMENTO ADULTO','800/6','V','2022-06-10 12:56:54','2023-02-15 18:20:08'),(2071,100,'482','UTI PED 800/5',0,'1','APARTAMENTO ADULTO','800/5','V','2022-06-10 12:56:54','2023-02-15 18:20:08'),(2072,100,'481','UTI PED 800/4',0,'1','APARTAMENTO ADULTO','800/4','V','2022-06-10 12:56:54','2023-02-15 18:20:08'),(2073,100,'480','UTI PED 800/3',0,'1','APARTAMENTO ADULTO','800/3','V','2022-06-10 12:56:54','2023-02-15 18:20:08'),(2074,100,'508','UTI PED 800/1',0,'1','APARTAMENTO ADULTO','800/1','V','2022-06-10 12:56:54','2023-02-15 18:20:08'),(2075,100,'353','APTO 808',0,'1','APARTAMENTO ADULTO','808/1','V','2022-06-10 12:56:54','2023-02-15 18:20:08'),(2076,100,'302','APTO 809',0,'1','APARTAMENTO ADULTO','809/1','V','2022-06-10 12:56:54','2023-02-15 18:20:08'),(2077,100,'301','APTO 807',0,'1','APARTAMENTO ADULTO','807/1','V','2022-06-10 12:56:54','2023-02-15 18:20:08'),(2078,100,'300','APTO 806',0,'1','APARTAMENTO ADULTO','806/1','V','2022-06-10 12:56:54','2023-02-15 18:20:08'),(2079,100,'299','APTO 805',0,'1','APARTAMENTO ADULTO','805/1','V','2022-06-10 12:56:54','2023-02-15 18:20:08'),(2080,100,'298','APTO 804',0,'1','APARTAMENTO ADULTO','804/1','V','2022-06-10 12:56:54','2023-02-15 18:20:08'),(2081,100,'297','APTO 803',0,'1','APARTAMENTO ADULTO','803/1','V','2022-06-10 12:56:54','2023-02-15 18:20:08'),(2082,100,'296','APTO 802',0,'1','APARTAMENTO ADULTO','802/1','V','2022-06-10 12:56:54','2023-02-15 18:20:08'),(2083,100,'295','APTO 801',0,'1','APARTAMENTO ADULTO','801/1','V','2022-06-10 12:56:54','2023-02-15 18:20:08'),(2084,100,'294','APTO 800',0,'1','APARTAMENTO ADULTO','800/1','V','2022-06-10 12:56:54','2023-02-15 18:20:08'),(2085,100,'1544','UTI PED 800/10',0,'6','UTI - PEDIATRICA','800/10','N','2022-06-10 12:56:54','2023-02-15 18:20:08'),(2086,100,'1543','UTI PED 800/09',0,'6','UTI - PEDIATRICA','800/09','N','2022-06-10 12:56:54','2023-02-15 18:20:08'),(2087,100,'1542','UTI PED 800/08',0,'6','UTI - PEDIATRICA','800/08','N','2022-06-10 12:56:54','2023-02-15 18:20:08'),(2088,100,'1541','UTI PED 800/07',0,'6','UTI - PEDIATRICA','800/07','N','2022-06-10 12:56:54','2023-02-15 18:20:08'),(2089,100,'1540','UTI PED 800/06',0,'6','UTI - PEDIATRICA','800/06','N','2022-06-10 12:56:54','2023-02-15 18:20:08'),(2090,100,'1539','UTI PED 800/05',0,'6','UTI - PEDIATRICA','800/05','N','2022-06-10 12:56:54','2023-02-15 18:20:08'),(2091,100,'1538','UTI PED 800/04',0,'6','UTI - PEDIATRICA','800/04','N','2022-06-10 12:56:54','2023-02-15 18:20:08'),(2092,100,'1537','UTI PED 800/03',0,'6','UTI - PEDIATRICA','800/03','N','2022-06-10 12:56:54','2023-02-15 18:20:08'),(2093,100,'1536','UTI PED 800/02',0,'6','UTI - PEDIATRICA','800/02','N','2022-06-10 12:56:54','2023-02-15 18:20:08'),(2094,100,'1535','UTI PED 800/01',0,'6','UTI - PEDIATRICA','800/01','N','2022-06-10 12:56:54','2023-02-15 18:20:08'),(2095,101,'1555','UTI PED 800/10',0,'6','UTI - PEDIATRICA','800/10','N','2022-06-10 12:56:54','2023-02-15 18:20:08'),(2096,101,'1554','UTI PED 800/09',0,'6','UTI - PEDIATRICA','800/09','N','2022-06-10 12:56:54','2023-02-15 18:20:08'),(2097,101,'1553','UTI PED 800/08',0,'6','UTI - PEDIATRICA','800/08','N','2022-06-10 12:56:54','2023-02-15 18:20:08'),(2098,101,'1552','UTI PED 800/07',0,'6','UTI - PEDIATRICA','800/07','N','2022-06-10 12:56:54','2023-02-15 18:20:08'),(2099,101,'1551','UTI PED 800/06',0,'6','UTI - PEDIATRICA','800/06','N','2022-06-10 12:56:54','2023-02-15 18:20:08'),(2100,101,'1549','UTI PED 800/04',0,'6','UTI - PEDIATRICA','800/04','N','2022-06-10 12:56:54','2023-02-15 18:20:08'),(2101,101,'1550','UTI PED 800/05',0,'6','UTI - PEDIATRICA','800/05','N','2022-06-10 12:56:54','2023-02-15 18:20:08'),(2102,101,'1548','UTI PED 800/03',0,'6','UTI - PEDIATRICA','800/03','N','2022-06-10 12:56:54','2023-02-15 18:20:08'),(2103,101,'1547','UTI PED 800/02',0,'6','UTI - PEDIATRICA','800/02','N','2022-06-10 12:56:54','2023-02-15 18:20:08'),(2104,101,'1546','UTI PED 800/01',0,'6','UTI - PEDIATRICA','800/01','N','2022-06-10 12:56:54','2023-02-15 18:20:08'),(2105,102,'340','CC38',0,'3','DAY CLINIC ADULTO APARTAMENTO','CC38','V','2022-06-10 12:56:54','2023-02-15 18:20:08'),(2106,102,'339','CC37',0,'3','DAY CLINIC ADULTO APARTAMENTO','CC37','V','2022-06-10 12:56:54','2023-02-15 18:20:08'),(2107,102,'338','CC36',0,'3','DAY CLINIC ADULTO APARTAMENTO','CC36','V','2022-06-10 12:56:54','2023-02-15 18:20:08'),(2108,102,'337','CC35',0,'3','DAY CLINIC ADULTO APARTAMENTO','CC35','V','2022-06-10 12:56:54','2023-02-15 18:20:08'),(2109,102,'336','CC34',0,'3','DAY CLINIC ADULTO APARTAMENTO','CC34','V','2022-06-10 12:56:54','2023-02-15 18:20:08'),(2110,102,'335','CC33',0,'3','DAY CLINIC ADULTO APARTAMENTO','CC33','O','2022-06-10 12:56:54','2023-02-15 18:20:08'),(2111,102,'334','CC32',0,'3','DAY CLINIC ADULTO APARTAMENTO','CC32','V','2022-06-10 12:56:54','2023-02-15 18:20:08'),(2112,102,'333','CC31',0,'3','DAY CLINIC ADULTO APARTAMENTO','CC31','V','2022-06-10 12:56:54','2023-02-15 18:20:08'),(2113,102,'332','CC30',0,'3','DAY CLINIC ADULTO APARTAMENTO','CC30','V','2022-06-10 12:56:54','2023-02-15 18:20:08'),(2114,102,'331','CC29',0,'3','DAY CLINIC ADULTO APARTAMENTO','CC29','V','2022-06-10 12:56:54','2023-02-15 18:20:08'),(2115,102,'330','CC28',0,'3','DAY CLINIC ADULTO APARTAMENTO','CC28','V','2022-06-10 12:56:54','2023-02-15 18:20:08'),(2116,102,'329','CC27',0,'3','DAY CLINIC ADULTO APARTAMENTO','CC27','V','2022-06-10 12:56:54','2023-02-15 18:20:08'),(2117,102,'328','CC26',0,'3','DAY CLINIC ADULTO APARTAMENTO','CC26','O','2022-06-10 12:56:54','2023-02-15 18:20:08'),(2118,102,'327','CC25',0,'3','DAY CLINIC ADULTO APARTAMENTO','CC25','O','2022-06-10 12:56:54','2023-02-15 18:20:08'),(2119,102,'326','CC24',0,'3','DAY CLINIC ADULTO APARTAMENTO','CC24','V','2022-06-10 12:56:54','2023-02-15 18:20:08'),(2120,102,'325','CC23',0,'3','DAY CLINIC ADULTO APARTAMENTO','CC23','V','2022-06-10 12:56:54','2023-02-15 18:20:08'),(2121,102,'324','CC22',0,'3','DAY CLINIC ADULTO APARTAMENTO','CC22','V','2022-06-10 12:56:54','2023-02-15 18:20:08'),(2122,102,'323','CC21',0,'3','DAY CLINIC ADULTO APARTAMENTO','CC21','O','2022-06-10 12:56:54','2023-02-15 18:20:08'),(2123,102,'322','CC20',0,'3','DAY CLINIC ADULTO APARTAMENTO','CC20','O','2022-06-10 12:56:54','2023-02-15 18:20:08'),(2124,102,'321','CC19',0,'3','DAY CLINIC ADULTO APARTAMENTO','CC19','O','2022-06-10 12:56:54','2023-02-15 18:20:08'),(2125,102,'320','CC18',0,'3','DAY CLINIC ADULTO APARTAMENTO','CC18','V','2022-06-10 12:56:54','2023-02-15 18:20:08'),(2126,102,'319','CC17',0,'3','DAY CLINIC ADULTO APARTAMENTO','CC17','O','2022-06-10 12:56:54','2023-02-15 18:20:08'),(2127,102,'318','CC16',0,'3','DAY CLINIC ADULTO APARTAMENTO','CC16','V','2022-06-10 12:56:54','2023-02-15 18:20:08'),(2128,102,'317','CC15',0,'3','DAY CLINIC ADULTO APARTAMENTO','CC15','O','2022-06-10 12:56:54','2023-02-15 18:20:08'),(2129,102,'316','CC14',0,'3','DAY CLINIC ADULTO APARTAMENTO','CC14','V','2022-06-10 12:56:54','2023-02-15 18:20:08'),(2130,102,'315','CC13',0,'3','DAY CLINIC ADULTO APARTAMENTO','CC13','V','2022-06-10 12:56:54','2023-02-15 18:20:08'),(2131,102,'314','CC12',0,'3','DAY CLINIC ADULTO APARTAMENTO','CC12','O','2022-06-10 12:56:54','2023-02-15 18:20:08'),(2132,102,'313','CC11',0,'3','DAY CLINIC ADULTO APARTAMENTO','CC11','O','2022-06-10 12:56:54','2023-02-15 18:20:08'),(2133,102,'312','CC10',0,'3','DAY CLINIC ADULTO APARTAMENTO','CC10','O','2022-06-10 12:56:54','2023-02-15 18:20:08'),(2134,102,'311','CC09',0,'3','DAY CLINIC ADULTO APARTAMENTO','CC09','V','2022-06-10 12:56:54','2023-02-15 18:20:08'),(2135,102,'310','CC08',0,'3','DAY CLINIC ADULTO APARTAMENTO','CC08','V','2022-06-10 12:56:54','2023-02-15 18:20:08'),(2136,102,'309','CC07',0,'3','DAY CLINIC ADULTO APARTAMENTO','CC07','O','2022-06-10 12:56:54','2023-02-15 18:20:08'),(2137,102,'308','CC06',0,'3','DAY CLINIC ADULTO APARTAMENTO','CC06','O','2022-06-10 12:56:54','2023-02-15 18:20:08'),(2138,102,'307','CC05',0,'3','DAY CLINIC ADULTO APARTAMENTO','CC05','V','2022-06-10 12:56:54','2023-02-15 18:20:08'),(2139,102,'306','CC04',0,'3','DAY CLINIC ADULTO APARTAMENTO','CC04','O','2022-06-10 12:56:54','2023-02-15 18:20:08'),(2140,102,'305','CC03',0,'3','DAY CLINIC ADULTO APARTAMENTO','CC03','O','2022-06-10 12:56:54','2023-02-15 18:20:08'),(2141,102,'304','CC02',0,'3','DAY CLINIC ADULTO APARTAMENTO','CC02','V','2022-06-10 12:56:54','2023-02-15 18:20:08'),(2142,102,'303','CC01',0,'3','DAY CLINIC ADULTO APARTAMENTO','CC01','V','2022-06-10 12:56:54','2023-02-15 18:20:08'),(2143,103,'1141','551-00 APARTAMENTO',NULL,'1','APARTAMENTO ADULTO','551','O','2022-06-15 22:38:35','2022-06-15 22:44:25'),(2144,104,'1064','205 02 ENFERMARIA',NULL,'20','ENFERMARIA','205/2','O','2022-06-21 13:46:42','2022-06-21 13:48:17'),(2145,105,'1137','453-02 ENFERMARIA',NULL,'20','ENFERMARIA','453/2','O','2022-06-23 11:15:30','2022-11-01 01:41:30'),(2146,104,'1068','210-01 ENFERMARIA',NULL,'20','ENFERMARIA','210/1','O','2022-06-25 18:28:22','2022-07-01 21:10:46'),(2147,104,'1313','209-02 ENFERMARIA',NULL,'20','ENFERMARIA','209/2','I','2022-06-29 12:09:51','2022-06-29 21:06:52'),(2148,106,'1363','218-00 APARTAMENTO',NULL,'1','APARTAMENTO ADULTO','218','O','2022-06-29 20:58:36','2022-11-23 12:23:50'),(2149,105,'1124','451-00 APARTAMENTO',NULL,'1','APARTAMENTO ADULTO','451','O','2022-07-02 10:46:34','2022-11-29 18:10:01'),(2150,107,'1296','412-01 ENFERMARIA',NULL,'20','ENFERMARIA','412/1','O','2022-07-09 16:34:55','2022-07-25 23:38:11'),(2151,108,'1196','SUR-01 CADEIRA',NULL,'20','ENFERMARIA','SUR-01 C','O','2022-07-09 23:16:22','2022-09-07 14:00:23'),(2152,109,'1321','212 APARTAMENTO',NULL,'1','APARTAMENTO ADULTO','212','O','2022-07-10 11:15:50','2022-07-10 11:17:40'),(2153,108,'2083','SUR-04 CADEIRA',NULL,'20','ENFERMARIA','SUR-04 C','O','2022-07-13 19:24:55','2022-09-19 18:29:49'),(2154,106,'1348','216-00 APARTAMENTO',NULL,'1','APARTAMENTO ADULTO','216','O','2022-07-15 11:35:53','2022-11-06 10:55:07'),(2155,110,'1280','410-02 ENFERMARIA',NULL,'20','ENFERMARIA','410/2','O','2022-07-18 00:07:03','2022-07-18 00:10:11'),(2156,106,'1364','219-00 APARTAMENTO',NULL,'1','APARTAMENTO ADULTO','219','O','2022-07-21 00:28:18','2022-07-21 00:30:10'),(2157,103,'1149','559-01 ENFERMARIA',NULL,'20','ENFERMARIA','559/1','O','2022-07-21 23:24:18','2022-08-26 11:13:26'),(2158,110,'1291','407-00 APARTAMENTO',NULL,'1','APARTAMENTO ADULTO','407','O','2022-07-23 05:46:46','2022-07-23 05:47:44'),(2159,110,'1290','406-00 APARTAMENTO',NULL,'1','APARTAMENTO ADULTO','406','O','2022-07-23 11:19:37','2022-07-23 11:21:10'),(2160,109,'1316','213-02 ENFERMARIA',NULL,'20','ENFERMARIA','213/2','O','2022-07-23 15:51:17','2022-07-23 16:10:19'),(2161,106,'1368','224-00 APARTAMENTO',NULL,'1','APARTAMENTO ADULTO','224','O','2022-07-23 16:41:02','2022-11-23 01:59:51'),(2162,103,'1148','558-00 APARTAMENTO',NULL,'1','APARTAMENTO ADULTO','558','O','2022-07-25 21:27:39','2022-07-25 21:28:31'),(2163,111,'1215','357-01 ENFERMARIA',NULL,'20','ENFERMARIA','357/1','O','2022-07-30 11:08:28','2022-08-01 11:24:14'),(2164,103,'1147','557-02 ENFERMARIA',NULL,'20','ENFERMARIA','557/2','O','2022-08-11 11:03:04','2022-12-09 17:23:41'),(2165,107,'1304','417-01 ENFERMARIA',NULL,'20','ENFERMARIA','417/1','O','2022-08-11 16:49:06','2022-09-03 11:04:30'),(2166,112,'2058','UTI PED 2',NULL,'6','UTI - PEDIATRICA','PED 2','O','2022-08-19 16:31:31','2022-08-19 16:32:50'),(2167,111,'1221','355-02 ENFERMARIA',NULL,'20','ENFERMARIA','355/2','O','2022-08-19 22:20:08','2022-08-20 00:49:30'),(2168,113,'2563',NULL,NULL,'2','APARTAMENTO','APT 1304','O','2022-08-24 10:40:59','2022-08-24 10:40:59'),(2169,114,'506',NULL,NULL,'2','APARTAMENTO','APT 915C','O','2022-08-24 16:08:10','2022-08-24 16:08:10'),(2170,106,'1365','221-00 APARTAMENTO',NULL,'1','APARTAMENTO ADULTO','221','O','2022-08-25 23:15:21','2022-08-25 23:16:41'),(2171,103,'1144','555-01 ENFERMARIA',NULL,'20','ENFERMARIA','555/1','O','2022-08-30 14:09:09','2022-11-23 09:33:20'),(2172,107,'1301','415-01 ENFERMARIA',NULL,'20','ENFERMARIA','415/1','O','2022-09-03 00:19:21','2022-09-04 18:04:38'),(2173,110,'1282','411-02 ENFERMARIA',NULL,'20','ENFERMARIA','411/2','O','2022-09-05 22:19:13','2022-09-05 22:21:31'),(2174,110,'1278','409-02 ENFERMARIA',NULL,'20','ENFERMARIA','409/2','O','2022-09-07 15:20:42','2022-09-12 02:06:11'),(2175,110,'1277','409-01 ENFERMARIA',NULL,'20','ENFERMARIA','409/1','O','2022-09-13 22:56:51','2022-09-13 22:57:55'),(2176,108,'2085','SUR-06 CADEIRA',NULL,'20','ENFERMARIA','SUR-06 C','O','2022-09-19 22:04:29','2022-09-19 22:04:29'),(2177,109,'1318','215-02 ENFERMARIA',NULL,'20','ENFERMARIA','215/2','O','2022-09-19 22:05:49','2022-09-19 22:10:02'),(2178,111,'1209','350-00 APARTAMENTO',NULL,'1','APARTAMENTO ADULTO','350','O','2022-09-19 22:08:53','2022-09-19 22:10:30'),(2179,115,'482',NULL,NULL,'N','APART/ENF PEDIATRICO VIRTUAL','VPAPED03','O','2022-09-20 17:59:45','2022-09-20 19:00:16'),(2180,104,'1058','201-00 APARTAMENTO',NULL,'1','APARTAMENTO ADULTO','201','O','2022-09-20 20:53:08','2022-09-22 14:05:50'),(2181,116,'439',NULL,NULL,'N','APARTAMENTO STANDARD','PED203','O','2022-09-21 14:17:09','2022-09-23 14:10:11'),(2182,117,'1463',NULL,NULL,'N','APART/ENF ADULTO VIRTUAL','ORTOP 06','O','2022-09-21 21:15:22','2022-09-21 21:17:48'),(2183,118,'2078',NULL,NULL,'N','APARTAMENTO STANDARD','CP6-2','O','2022-09-23 21:00:57','2023-01-10 14:08:13'),(2184,103,'1152','555-02 ENFERMARIA',NULL,'20','ENFERMARIA','555/2','O','2022-09-27 17:37:44','2022-11-22 18:28:31'),(2185,106,'1369','222-01 ENFERMARIA',NULL,'20','ENFERMARIA','222/1','O','2022-09-27 19:27:18','2022-11-13 18:11:51'),(2186,118,'1780',NULL,NULL,'N','APARTAMENTO STANDARD','CP6-3','O','2022-09-28 20:56:53','2022-12-22 13:56:49'),(2187,107,'1303','416-02 ENFERMARIA',NULL,'20','ENFERMARIA','416/2','O','2022-09-28 23:36:49','2022-12-03 18:19:24'),(2188,105,'1125','452-00 APARTAMENTO',NULL,'1','APARTAMENTO ADULTO','452','O','2022-09-29 01:32:49','2022-09-29 01:33:41'),(2189,118,'1839',NULL,NULL,'N','APARTAMENTO STANDARD','CP6-11','O','2022-09-29 13:34:41','2022-11-01 23:27:01'),(2190,103,'1142','552-00 APARTAMENTO',NULL,'1','APARTAMENTO ADULTO','552','O','2022-09-29 22:42:55','2022-10-15 09:01:50'),(2191,112,'2059','UTI PED 3',NULL,'6','UTI - PEDIATRICA','PED 3','O','2022-10-01 19:35:34','2022-10-07 11:26:12'),(2192,112,'2075','UTI PED 4',NULL,'6','UTI - PEDIATRICA','PED 4','O','2022-10-02 02:06:00','2022-10-02 02:08:06'),(2193,109,'1314','211-01 ENFERMARIA',NULL,'20','ENFERMARIA','211/1','O','2022-10-04 23:01:12','2022-10-04 23:03:34'),(2194,118,'1788',NULL,NULL,'N','ENFERMARIA 2 LEITOS','CP6-7A','O','2022-10-05 00:51:56','2023-02-04 17:32:00'),(2195,118,'1789',NULL,NULL,'N','APARTAMENTO STANDARD','CP6-10','O','2022-10-05 16:45:48','2022-12-08 20:24:58'),(2196,119,'286',NULL,NULL,'N','ENFERMARIA 3 LEITOS','JN304B','O','2022-10-06 12:54:20','2023-01-18 01:13:50'),(2197,119,'295',NULL,NULL,'N','ENFERMARIA 3 LEITOS','JN307B','O','2022-10-08 03:27:58','2023-02-07 20:57:03'),(2198,107,'1298','413-00 ISOLAMENTO',NULL,'10','ISOLAMENTO APTO ADULTO','413','O','2022-10-08 19:56:31','2022-10-08 19:58:31'),(2199,119,'290',NULL,NULL,'N','ENFERMARIA 3 LEITOS','JN305C','O','2022-10-09 16:33:48','2023-01-06 04:45:44'),(2200,118,'1790',NULL,NULL,'N','APARTAMENTO STANDARD','CP6-9','O','2022-10-17 17:49:54','2023-01-24 13:23:42'),(2201,107,'1300','414-02 ENFERMARIA',NULL,'20','ENFERMARIA','414/2','O','2022-10-17 23:41:55','2022-10-17 23:42:51'),(2202,119,'2068',NULL,NULL,'N','ENFERMARIA 3 LEITOS','JN301A','O','2022-10-18 14:29:48','2022-11-16 23:36:34'),(2203,120,'271',NULL,NULL,'N','APARTAMENTO STANDARD','JN333','O','2022-10-18 16:17:15','2023-01-24 21:17:39'),(2204,119,'2070',NULL,NULL,'N','ENFERMARIA 3 LEITOS','JN302A','O','2022-10-19 15:46:52','2022-12-12 17:30:33'),(2205,119,'1594',NULL,NULL,'N','ENFERMARIA 3 LEITOS','JN305A','O','2022-10-20 00:27:03','2023-01-23 23:14:07'),(2206,118,'2077',NULL,NULL,'N','APARTAMENTO STANDARD','CP6-1','O','2022-10-20 18:56:27','2023-02-06 23:08:52'),(2207,106,'1375','220-01 ENFERMARIA',NULL,'20','ENFERMARIA','220/1','O','2022-10-21 10:04:52','2022-10-27 00:28:12'),(2208,109,'1322','211-02 ENFERMARIA',NULL,'20','ENFERMARIA','211/2','O','2022-10-22 14:11:00','2022-10-22 14:11:00'),(2209,119,'2076',NULL,NULL,'N','ENFERMARIA 3 LEITOS','JN306C','O','2022-10-24 18:29:41','2022-12-06 13:24:06'),(2210,115,'1360',NULL,NULL,'N','APART/ENF PEDIATRICO VIRTUAL','PEDMACA2','O','2022-10-25 14:44:28','2022-10-25 14:45:03'),(2211,118,'1784',NULL,NULL,'N','APARTAMENTO STANDARD','CP6-5','O','2022-10-25 22:21:06','2022-12-12 16:38:53'),(2212,118,'1782',NULL,NULL,'N','APARTAMENTO STANDARD','CP6-4','O','2022-10-26 10:57:11','2022-12-23 20:53:14'),(2213,119,'283',NULL,NULL,'N','ENFERMARIA 3 LEITOS','JN303B','O','2022-10-27 20:20:54','2022-12-15 21:17:28'),(2214,103,'1145','556-00 APARTAMENTO',NULL,'1','APARTAMENTO ADULTO','556','O','2022-10-27 21:23:47','2022-12-15 18:56:20'),(2215,119,'1735',NULL,NULL,'N','ENFERMARIA 3 LEITOS','JN307C','O','2022-10-28 22:50:06','2023-01-30 21:37:16'),(2216,120,'259',NULL,NULL,'N','APARTAMENTO STANDARD','JN321','O','2022-10-30 05:04:21','2022-11-12 15:47:27'),(2217,120,'1375',NULL,NULL,'N','APARTAMENTO STANDARD','JN3-P03','O','2022-11-02 00:38:21','2022-11-16 19:19:14'),(2218,118,'1838',NULL,NULL,'N','APARTAMENTO STANDARD','CP6-8','O','2022-11-03 00:04:40','2023-02-14 00:49:42'),(2219,121,'2911','DAY CLINIC - 12',NULL,'61','DAY CLINIC ENFERMARIA','DC-12','O','2022-11-03 11:21:36','2022-11-03 11:22:46'),(2220,111,'1214','356-00 APARTAMENTO',NULL,'1','APARTAMENTO ADULTO','356','O','2022-11-03 20:17:50','2022-11-03 20:17:50'),(2221,119,'2073',NULL,NULL,'N','ENFERMARIA 3 LEITOS','JN303C','O','2022-11-04 04:59:02','2022-11-04 14:15:55'),(2222,116,'668',NULL,NULL,'N','ENFERMARIA 3 LEITOS','PED215A','O','2022-11-04 15:25:39','2022-11-04 15:26:15'),(2223,118,'1786',NULL,NULL,'N','APARTAMENTO STANDARD','CP6-6','O','2022-11-05 00:23:22','2022-11-05 01:06:56'),(2224,116,'449',NULL,NULL,'N','APARTAMENTO STANDARD','PED212','O','2022-11-05 02:12:12','2022-11-05 11:15:46'),(2225,120,'273',NULL,NULL,'N','APARTAMENTO STANDARD','JN335','O','2022-11-06 09:25:00','2022-11-15 12:44:24'),(2226,108,'1185','SUR-05 LEITO',NULL,'20','ENFERMARIA','SUR-05 L','O','2022-11-07 01:16:07','2022-11-07 01:17:45'),(2227,103,'1151','553-02 ENFERMARIA',NULL,'2','APARTAMENTO PEDIATRIA','553/2','O','2022-11-10 00:39:13','2022-11-10 00:41:10'),(2228,122,'1917',NULL,NULL,'N','APARTAMENTO STANDARD','EL 02','O','2022-11-11 17:01:36','2022-11-11 17:31:09'),(2229,107,'1302','416-01 ENFERMARIA',NULL,'20','ENFERMARIA','416/1','O','2022-11-12 00:33:53','2022-11-16 16:07:25'),(2230,120,'269',NULL,NULL,'N','APARTAMENTO STANDARD','JN331','O','2022-11-12 01:27:52','2022-11-12 01:29:55'),(2231,103,'1150','559-02 ENFERMARIA',NULL,'20','ENFERMARIA','559/2','O','2022-11-16 11:01:44','2022-11-16 11:02:48'),(2232,106,'1904','222-02 ENFERMARIA',NULL,'20','ENFERMARIA','222/2','O','2022-11-17 11:56:42','2022-11-17 11:57:40'),(2233,108,'1197','SUR-02 CADEIRA',NULL,'20','ENFERMARIA','SUR-02 C','O','2022-11-21 11:04:12','2022-11-21 11:05:56'),(2234,123,'1168','HEM-01 LEITO',NULL,'1','APARTAMENTO ADULTO','HEM 01','O','2022-11-23 10:36:58','2022-11-23 10:37:26'),(2235,124,'557',NULL,NULL,'N','ENFERMARIA 4 LEITOS','CP3-10D','O','2022-11-24 15:08:40','2022-11-24 15:59:51'),(2236,120,'266',NULL,NULL,'N','APARTAMENTO STANDARD','JN328','O','2022-11-25 16:59:09','2023-02-05 18:28:42'),(2237,125,'45',NULL,NULL,'N','ENFERMARIA 4 LEITOS','CP4-7B','O','2022-11-26 23:46:01','2022-11-26 23:48:23'),(2238,119,'280',NULL,NULL,'N','ENFERMARIA 3 LEITOS','JN302B','O','2022-11-27 21:06:15','2022-11-28 08:43:51'),(2239,119,'1734',NULL,NULL,'N','ENFERMARIA 3 LEITOS','JN307A','O','2022-11-29 00:28:38','2023-02-03 13:34:04'),(2240,126,'468',NULL,NULL,'N','ENFERMARIA 2 LEITOS','CP5-6B','O','2022-11-29 13:34:42','2022-11-29 18:54:40'),(2241,127,'2311',NULL,NULL,'N','ENFERMARIA 2 LEITOS','PED312A','O','2022-11-29 14:52:34','2022-11-29 18:34:27'),(2242,126,'459',NULL,NULL,'N','ENFERMARIA 2 LEITOS','CP5-2A','O','2022-11-30 15:27:09','2022-12-01 13:24:09'),(2243,105,'1136','455-02 ENFERMARIA',NULL,'20','ENFERMARIA','455/2','O','2022-12-03 15:16:26','2022-12-03 15:22:19'),(2244,128,'217',NULL,NULL,'N','APARTAMENTO STANDARD','JN229','O','2022-12-03 20:18:22','2022-12-07 14:05:26'),(2245,119,'1593',NULL,NULL,'N','ENFERMARIA 3 LEITOS','JN304A','O','2022-12-07 22:38:25','2022-12-21 19:41:21'),(2246,129,'2422',NULL,NULL,'U','SEMI-INTENSIVA ADULTO','SEMI 21','O','2022-12-08 15:36:33','2022-12-08 15:36:58'),(2247,119,'2071',NULL,NULL,'N','ENFERMARIA 3 LEITOS','JN302C','O','2022-12-09 21:07:20','2023-02-06 19:52:30'),(2248,130,'135',NULL,NULL,'N','APARTAMENTO STANDARD','JN141','I','2022-12-12 17:20:22','2022-12-12 20:24:04'),(2249,131,'247','A100-8',NULL,'1','APARTAMENTO ADULTO','A100-8','O','2022-12-13 14:37:42','2022-12-13 15:20:19'),(2250,132,'247','A100-8',NULL,'1','APARTAMENTO ADULTO','A100-8','O','2022-12-13 15:05:45','2022-12-13 15:20:14'),(2251,133,'2458','UTI ADULTO 900/13',NULL,'5','UTI - ADULTO','900/13','O','2022-12-15 18:49:04','2022-12-15 18:49:09'),(2252,133,'458','UTI ADULTO 900/03',NULL,'5','UTI - ADULTO','900/03','O','2022-12-16 02:43:20','2022-12-16 18:51:41'),(2253,134,'390','UTI ADULTO 300/06',NULL,'9','UTI - MULTI','300/06','O','2022-12-17 22:39:31','2022-12-23 12:41:57'),(2254,119,'2072',NULL,NULL,'N','ENFERMARIA 3 LEITOS','JN303A','O','2022-12-18 21:28:01','2022-12-29 12:43:22'),(2255,135,'2139',NULL,NULL,'N','ENFERMARIA 4 LEITOS','CP1-5C','O','2022-12-20 12:32:34','2022-12-20 20:08:44'),(2256,130,'125',NULL,NULL,'N','APARTAMENTO STANDARD','JN137','O','2022-12-21 21:58:11','2022-12-21 23:17:55'),(2257,120,'261',NULL,NULL,'N','APARTAMENTO STANDARD','JN323','O','2022-12-22 23:51:01','2022-12-23 19:15:42'),(2258,120,'265',NULL,NULL,'N','APARTAMENTO STANDARD','JN327','O','2022-12-26 11:24:10','2023-01-12 17:27:20'),(2259,130,'108',NULL,NULL,'N','APARTAMENTO STANDARD','JN131','O','2022-12-27 21:53:15','2022-12-28 21:48:47'),(2260,127,'2298',NULL,NULL,'N','ENFERMARIA 2 LEITOS','PED302A','O','2022-12-29 10:38:44','2022-12-29 10:39:52'),(2261,127,'2260',NULL,NULL,'N','ENFERMARIA 2 LEITOS','PED301A','O','2022-12-29 14:21:42','2022-12-29 14:22:28'),(2262,89,'3143','UTI ADULTO 900/16',0,'5','UTI - ADULTO','900/16','O','2023-01-05 20:20:06','2023-02-15 18:20:07'),(2263,89,'3142','UTI ADULTO 900/15',0,'5','UTI - ADULTO','900/15','V','2023-01-05 20:20:06','2023-02-15 18:20:07'),(2264,89,'3141','UTI ADULTO 900/14',0,'5','UTI - ADULTO','900/14','R','2023-01-05 20:20:06','2023-02-15 18:20:07'),(2265,89,'3140','UTI ADULTO 900/13',0,'5','UTI - ADULTO','900/13','O','2023-01-05 20:20:06','2023-02-15 18:20:07'),(2266,89,'3139','UTI ADULTO 900/12',0,'5','UTI - ADULTO','900/12','V','2023-01-05 20:20:06','2023-02-15 18:20:07'),(2267,89,'3138','UTI ADULTO 900/11',0,'5','UTI - ADULTO','900/11','O','2023-01-05 20:20:06','2023-02-15 18:20:07'),(2268,82,'3155','APTO 561',0,'1','APARTAMENTO ADULTO','561/1','L','2023-01-05 21:20:05','2023-02-15 18:20:06'),(2269,82,'3154','APTO 560',0,'1','APARTAMENTO ADULTO','560/1','O','2023-01-05 21:20:05','2023-02-15 18:20:06'),(2270,82,'3153','APTO 559',0,'1','APARTAMENTO ADULTO','559/1','O','2023-01-05 21:20:05','2023-02-15 18:20:06'),(2271,82,'3152','APTO 558',0,'1','APARTAMENTO ADULTO','558/1','I','2023-01-05 21:20:05','2023-02-15 18:20:06'),(2272,82,'3151','APTO 557',0,'1','APARTAMENTO ADULTO','557/1','O','2023-01-05 21:20:05','2023-02-15 18:20:06'),(2273,82,'3150','APTO 556',0,'1','APARTAMENTO ADULTO','556/1','L','2023-01-05 21:20:05','2023-02-15 18:20:06'),(2274,82,'3149','APTO 555',0,'1','APARTAMENTO ADULTO','555/1','O','2023-01-05 21:20:05','2023-02-15 18:20:06'),(2275,82,'3148','APTO 554',0,'1','APARTAMENTO ADULTO','554/1','O','2023-01-05 21:20:05','2023-02-15 18:20:06'),(2276,82,'3147','APTO 553',0,'1','APARTAMENTO ADULTO','553/1','O','2023-01-05 21:20:05','2023-02-15 18:20:06'),(2277,82,'3146','APTO 552',0,'1','APARTAMENTO ADULTO','552/1','O','2023-01-05 21:20:05','2023-02-15 18:20:06'),(2278,82,'3145','APTO 551',0,'1','APARTAMENTO ADULTO','551/1','O','2023-01-05 21:20:05','2023-02-15 18:20:06'),(2279,82,'3144','APTO 550',0,'1','APARTAMENTO ADULTO','550/1','O','2023-01-05 21:20:05','2023-02-15 18:20:06'),(2280,130,'139',NULL,NULL,'N','APARTAMENTO STANDARD','JN145','O','2023-01-07 01:46:39','2023-01-09 11:59:41'),(2281,136,'2300',NULL,NULL,'N','APARTAMENTO STANDARD','JN1B-C02','O','2023-01-12 15:23:30','2023-01-13 10:06:48'),(2282,136,'2301',NULL,NULL,'N','APARTAMENTO STANDARD','JN1B-C03','O','2023-01-12 22:26:02','2023-01-30 22:30:05'),(2283,130,'142',NULL,NULL,'N','APARTAMENTO STANDARD','JN148','O','2023-01-13 15:12:12','2023-01-13 15:14:54'),(2284,120,'1374',NULL,NULL,'N','APARTAMENTO STANDARD','JN3-P02','O','2023-01-14 10:50:37','2023-01-15 11:45:44'),(2285,120,'275',NULL,NULL,'N','APARTAMENTO STANDARD','JN337','O','2023-01-18 13:39:28','2023-01-19 12:22:42'),(2286,136,'2302',NULL,NULL,'N','APARTAMENTO STANDARD','JN1B-C04','O','2023-01-18 23:34:46','2023-01-19 13:59:41'),(2287,119,'277',NULL,NULL,'N','ENFERMARIA 3 LEITOS','JN301B','O','2023-01-22 18:51:24','2023-02-02 15:22:00'),(2288,130,'107',NULL,NULL,'N','APARTAMENTO STANDARD','JN130','O','2023-01-23 01:25:05','2023-01-25 16:08:27'),(2289,119,'2069',NULL,NULL,'N','ENFERMARIA 3 LEITOS','JN301C','O','2023-01-23 19:35:52','2023-01-23 20:40:06'),(2290,130,'92',NULL,NULL,'N','APARTAMENTO STANDARD','JN122','O','2023-01-24 15:20:34','2023-01-24 15:21:29'),(2291,126,'564',NULL,NULL,'N','ENFERMARIA 3 LEITOS','CP5-11C','O','2023-01-30 15:03:08','2023-01-30 16:22:54'),(2292,116,'1932',NULL,NULL,'N','ENFERMARIA 2 LEITOS','PED214A','O','2023-01-30 19:46:36','2023-01-31 11:03:55'),(2293,130,'91',NULL,NULL,'N','APARTAMENTO STANDARD','JN121','O','2023-01-31 12:54:23','2023-02-04 13:54:08'),(2294,116,'441',NULL,NULL,'N','APARTAMENTO STANDARD','PED205','O','2023-02-01 12:05:32','2023-02-01 12:07:18'),(2295,116,'448',NULL,NULL,'N','APARTAMENTO STANDARD','PED211','O','2023-02-02 18:15:11','2023-02-02 18:18:39'),(2296,130,'123',NULL,NULL,'N','APARTAMENTO STANDARD','JN135','O','2023-02-03 16:33:52','2023-02-03 16:33:52'),(2297,131,'240','A100-1',NULL,'1','APARTAMENTO ADULTO','A100-1','O','2023-02-05 02:27:38','2023-02-05 02:28:42'),(2298,127,'2309',NULL,NULL,'N','APARTAMENTO STANDARD','PED313','O','2023-02-05 09:20:53','2023-02-05 09:22:42'),(2299,137,'1461','103-3 MATERNIDADE',NULL,'20','ENFERMARIA','103-3 MA','O','2023-02-05 23:38:28','2023-02-06 00:36:36'),(2300,138,'837','202-2 CLINICA MEDICA',NULL,'20','ENFERMARIA','202-2MED','O','2023-02-08 21:43:46','2023-02-08 21:46:11'),(2301,127,'502',NULL,NULL,'N','APARTAMENTO STANDARD','PED307','O','2023-02-08 22:36:58','2023-02-08 22:41:51'),(2302,120,'262',NULL,NULL,'N','APARTAMENTO STANDARD','JN324','O','2023-02-09 13:12:56','2023-02-09 13:12:56'),(2303,118,'2431',NULL,NULL,'N','ENFERMARIA 2 LEITOS','CP6-3B','O','2023-02-13 19:23:17','2023-02-13 19:25:23'),(2304,116,'670',NULL,NULL,'N','ENFERMARIA 3 LEITOS','PED215C','O','2023-02-14 19:33:27','2023-02-14 19:34:14'),(2305,139,'1698','I100-6',NULL,'2','APARTAMENTO PEDIATRIA','I100-6','O','2023-02-14 19:52:12','2023-02-14 23:01:04'),(2306,139,'1694','I100-2',NULL,'2','APARTAMENTO PEDIATRIA','I100-2','O','2023-02-14 22:56:48','2023-02-14 23:01:44'),(2307,116,'446',NULL,NULL,'N','ENFERMARIA 1 LEITO','PED209A','O','2023-02-15 14:42:37','2023-02-15 14:44:22'),(2308,130,'2409',NULL,NULL,'N','APARTAMENTO STANDARD','JN140','O','2023-02-15 17:20:18','2023-02-15 17:22:05'),(2309,127,'505',NULL,NULL,'N','APARTAMENTO STANDARD','PED310','O','2023-02-15 18:15:49','2023-02-15 18:17:55');
/*!40000 ALTER TABLE `hospital_beds` ENABLE KEYS */;
UNLOCK TABLES;

--
-- Table structure for table `inpatient_units`
--

DROP TABLE IF EXISTS `inpatient_units`;
/*!40101 SET @saved_cs_client     = @@character_set_client */;
/*!40101 SET character_set_client = utf8 */;
CREATE TABLE `inpatient_units` (
  `id` int(10) unsigned NOT NULL AUTO_INCREMENT,
  `i_code` varchar(255) DEFAULT NULL,
  `sector_id` int(10) unsigned DEFAULT NULL,
  `description` varchar(255) DEFAULT NULL,
  `is_active` tinyint(1) DEFAULT '1',
  `created_at` timestamp NOT NULL DEFAULT CURRENT_TIMESTAMP,
  `updated_at` timestamp NOT NULL DEFAULT CURRENT_TIMESTAMP,
  PRIMARY KEY (`id`),
  KEY `inpatient_units_sector_id_foreign` (`sector_id`),
  CONSTRAINT `inpatient_units_sector_id_foreign` FOREIGN KEY (`sector_id`) REFERENCES `sectors` (`id`)
) ENGINE=InnoDB AUTO_INCREMENT=140 DEFAULT CHARSET=utf8mb4;
/*!40101 SET character_set_client = @saved_cs_client */;

--
-- Dumping data for table `inpatient_units`
--

LOCK TABLES `inpatient_units` WRITE;
/*!40000 ALTER TABLE `inpatient_units` DISABLE KEYS */;
INSERT INTO `inpatient_units` VALUES (76,'1',76,'2 A CLIN/CIRUR ONCOLOGICO',1,'2022-06-10 12:56:51','2023-02-15 18:20:05'),(77,'2',77,'3 A CLINICO ADULTO',1,'2022-06-10 12:56:51','2023-02-15 18:20:05'),(78,'19',78,'3 C CLINICO ADULTO',1,'2022-06-10 12:56:51','2023-02-15 18:20:05'),(79,'3',79,'4 A CLIN/CIR GERAL',1,'2022-06-10 12:56:51','2023-02-15 18:20:05'),(80,'7',80,'4 B CLIN/CIR ADULTO',1,'2022-06-10 12:56:51','2023-02-15 18:20:05'),(81,'47',81,'5 A CLIN/CIR CARDIOLOGICO',1,'2022-06-10 12:56:51','2023-02-15 18:20:05'),(82,'48',82,'5 B CLIN/CIR ADULTO',1,'2022-06-10 12:56:51','2023-02-15 18:20:05'),(83,'36',83,'6 A CLIN/CIR NEURO/ORTOPEDIA',1,'2022-06-10 12:56:51','2023-02-15 18:20:05'),(84,'50',84,'6 B CIR NEURO/ORTOPEDIA',1,'2022-06-10 12:56:51','2023-02-15 18:20:05'),(85,'984',84,'7 A CLIN/CIR ADULTO',1,'2022-06-10 12:56:51','2023-02-15 18:20:05'),(86,'38',85,'7 A CLIN/CIR PEDIATRIA',1,'2022-06-10 12:56:51','2023-02-15 18:20:05'),(87,'964',85,'6B CLIN/CIR PEDIATRIA',1,'2022-06-10 12:56:51','2023-02-15 18:20:05'),(88,'64',86,'8 A CLIN/CIR AD/PED',1,'2022-06-10 12:56:51','2023-02-15 18:20:05'),(89,'14',87,'UTI 9 F GERAL',1,'2022-06-10 12:56:51','2023-02-15 18:20:05'),(90,'884',87,'UTI 8 F GERAL',1,'2022-06-10 12:56:51','2023-02-15 18:20:05'),(91,'1025',87,'PA ADULTO-UTI',1,'2022-06-10 12:56:51','2023-02-15 18:20:05'),(92,'13',88,'UTI 5 F CARDIOLOGIA',1,'2022-06-10 12:56:51','2023-02-15 18:20:05'),(93,'1064',88,'UTI 2F',1,'2022-06-10 12:56:51','2023-02-15 18:20:05'),(94,'56',89,'UTI 3 F MULTIDISCIPLINAR',1,'2022-06-10 12:56:51','2023-02-15 18:20:05'),(95,'904',89,'UTI 4 A-15E',1,'2022-06-10 12:56:51','2023-02-15 18:20:05'),(96,'15',90,'UTI 6 F NEUROLOGICA',1,'2022-06-10 12:56:51','2023-02-15 18:20:05'),(97,'1164',90,'UTI 7F ADULTO',1,'2022-06-10 12:56:51','2023-02-15 18:20:05'),(98,'1024',90,'UTI 10 F',1,'2022-06-10 12:56:51','2023-02-15 18:20:05'),(99,'9',91,'UTI 7 F PEDIATRIA',1,'2022-06-10 12:56:51','2023-02-15 18:20:05'),(100,'63',91,'UTI 8 F ADULTO/PEDIATRIA',0,'2022-06-10 12:56:51','2023-02-15 18:20:05'),(101,'564',91,'UTI 8 F PEDIATRIA',1,'2022-06-10 12:56:51','2023-02-15 18:20:05'),(102,'31',92,'PRE CIRURGICO',1,'2022-06-10 12:56:51','2023-02-15 18:20:05'),(103,'404',93,'U.I. NOSSA SRA. DE FATIMA',1,'2022-06-15 22:38:35','2022-12-15 18:56:20'),(104,'364',94,'U.I SANTA CATARINA',1,'2022-06-21 13:46:42','2022-09-22 14:05:50'),(105,'386',95,'U.I SANTA ISABEL',1,'2022-06-23 11:15:30','2022-12-03 15:22:19'),(106,'506',96,'U.I. MADRE REGINA UNID. MULHER',1,'2022-06-29 20:58:36','2022-11-23 12:23:50'),(107,'484',97,'U.I PEDIATRIA',1,'2022-07-09 16:34:55','2022-12-03 18:19:24'),(108,'407',98,'PLANTAO MEDICO 24 HS',1,'2022-07-09 23:16:22','2022-11-21 11:05:56'),(109,'485',99,'U.I SANTA CATARINA-A',1,'2022-07-10 11:15:50','2022-10-22 14:11:00'),(110,'464',100,'U.I. IRMA GREGORIA',1,'2022-07-18 00:07:03','2022-09-13 22:57:55'),(111,'410',101,'U.I NOSSA SRA. DA PIEDADE',1,'2022-07-30 11:08:28','2022-11-03 20:17:50'),(112,'764',102,'UTI NEO E PEDIATRICA HST',1,'2022-08-19 16:31:31','2022-10-07 11:26:12'),(113,'30',103,'RHC 13 - APARTAMENTO',1,'2022-08-24 10:40:59','2022-08-24 10:40:59'),(114,'26',104,'RHC 09 - APARTAMENTO',1,'2022-08-24 16:08:10','2022-08-24 16:08:10'),(115,'41',105,'PA PEDIATRICO VIRTUAL',1,'2022-09-20 17:59:45','2022-10-25 14:45:03'),(116,'37',106,'PEDIATRIA 2 ANDAR',1,'2022-09-21 14:17:09','2023-02-15 14:44:22'),(117,'53',107,'PA ORTOPEDICO',1,'2022-09-21 21:15:22','2022-09-21 21:17:48'),(118,'34',108,'6 UNID DE INTERN CONDE PEREIRA',1,'2022-09-23 21:00:57','2023-02-14 00:49:42'),(119,'26',109,'JOAQUIM NETO 3 ANDAR - ALA B',1,'2022-10-06 12:54:20','2023-02-07 20:57:03'),(120,'25',110,'JOAQUIM NETO 3 ANDAR - ALA A',1,'2022-10-18 16:17:15','2023-02-09 13:12:56'),(121,'1244',111,'UNID INT DAY CLINIC-1 B',1,'2022-11-03 11:21:36','2022-11-03 11:22:46'),(122,'158',112,'ERICK LOEFF',1,'2022-11-11 17:01:36','2022-11-11 17:31:09'),(123,'406',113,'HEMODINAMICA',1,'2022-11-23 10:36:58','2022-11-23 10:37:26'),(124,'45',114,'3 UNID DE INTERN CONDE PEREIRA',1,'2022-11-24 15:08:40','2022-11-24 15:59:51'),(125,'11',115,'4 UNID DE INTERN CONDE PEREIRA',1,'2022-11-26 23:46:01','2022-11-26 23:48:23'),(126,'39',116,'5 UNID DE INTERN CONDE PEREIRA',1,'2022-11-29 13:34:42','2023-01-30 16:22:54'),(127,'42',117,'PEDIATRIA 3 ANDAR',1,'2022-11-29 14:52:34','2023-02-15 18:17:55'),(128,'23',118,'JOAQUIM NETO 2 ANDAR',1,'2022-12-03 20:18:22','2022-12-07 14:05:26'),(129,'164',119,'UNIDADE SEMI-INTENSIVA',1,'2022-12-08 15:36:33','2022-12-08 15:36:58'),(130,'15',120,'JOAQUIM NETO 1 ANDAR - ALA A',1,'2022-12-12 17:20:22','2023-02-15 17:22:05'),(131,'23',121,'PA ADULTO-UI',1,'2022-12-13 14:37:42','2023-02-05 02:28:42'),(132,'23',122,'PA ADULTO-UI',1,'2022-12-13 15:05:45','2022-12-13 15:20:14'),(133,'14',123,'UTI 9 F GERAL',1,'2022-12-15 18:49:04','2022-12-16 18:51:41'),(134,'56',124,'UTI 3 F MULTIDISCIPLINAR',1,'2022-12-17 22:39:31','2022-12-23 12:41:57'),(135,'7',125,'1 UNID DE INTERN CONDE PEREIRA',1,'2022-12-20 12:32:34','2022-12-20 20:08:44'),(136,'20',126,'JOAQUIM NETO 1 ANDAR - ALA B',1,'2023-01-12 15:23:30','2023-01-30 22:30:05'),(137,'544',127,'MATERNIDADE',1,'2023-02-05 23:38:28','2023-02-06 00:36:36'),(138,'225',128,'SUS FEMININO',1,'2023-02-08 21:43:46','2023-02-08 21:46:11'),(139,'624',129,'PA INFANTIL-BLOCO B',1,'2023-02-14 19:52:12','2023-02-14 23:01:44');
/*!40000 ALTER TABLE `inpatient_units` ENABLE KEYS */;
UNLOCK TABLES;

--
-- Table structure for table `jobs`
--

DROP TABLE IF EXISTS `jobs`;
/*!40101 SET @saved_cs_client     = @@character_set_client */;
/*!40101 SET character_set_client = utf8 */;
CREATE TABLE `jobs` (
  `id` int(10) unsigned NOT NULL AUTO_INCREMENT,
  `company_id` int(10) unsigned DEFAULT NULL,
  `i_code` varchar(255) DEFAULT NULL,
  `consult` varchar(255) DEFAULT NULL,
  `is_active` tinyint(1) DEFAULT '1',
  `created_at` timestamp NOT NULL DEFAULT CURRENT_TIMESTAMP,
  `updated_at` timestamp NOT NULL DEFAULT CURRENT_TIMESTAMP,
  PRIMARY KEY (`id`),
  KEY `jobs_company_id_foreign` (`company_id`),
  CONSTRAINT `jobs_company_id_foreign` FOREIGN KEY (`company_id`) REFERENCES `companies` (`id`)
) ENGINE=InnoDB AUTO_INCREMENT=3 DEFAULT CHARSET=utf8mb4;
/*!40101 SET character_set_client = @saved_cs_client */;

--
-- Dumping data for table `jobs`
--

LOCK TABLES `jobs` WRITE;
/*!40000 ALTER TABLE `jobs` DISABLE KEYS */;
INSERT INTO `jobs` VALUES (1,2,'1','tables',0,'2022-02-14 14:15:11','2022-02-14 14:15:11'),(2,1,'7','tables',1,'2022-02-14 14:15:11','2022-02-14 14:15:11');
/*!40000 ALTER TABLE `jobs` ENABLE KEYS */;
UNLOCK TABLES;

--
-- Table structure for table `origins`
--

DROP TABLE IF EXISTS `origins`;
/*!40101 SET @saved_cs_client     = @@character_set_client */;
/*!40101 SET character_set_client = utf8 */;
CREATE TABLE `origins` (
  `id` int(10) unsigned NOT NULL AUTO_INCREMENT,
  `i_code` varchar(255) DEFAULT NULL,
  `type` varchar(255) DEFAULT NULL,
  `description` varchar(255) DEFAULT NULL,
  `is_active` tinyint(1) DEFAULT '1',
  `company_id` int(10) unsigned DEFAULT NULL,
  `created_at` timestamp NOT NULL DEFAULT CURRENT_TIMESTAMP,
  `updated_at` timestamp NOT NULL DEFAULT CURRENT_TIMESTAMP,
  PRIMARY KEY (`id`),
  KEY `origins_company_id_foreign` (`company_id`),
  CONSTRAINT `origins_company_id_foreign` FOREIGN KEY (`company_id`) REFERENCES `companies` (`id`)
) ENGINE=InnoDB AUTO_INCREMENT=22 DEFAULT CHARSET=utf8mb4;
/*!40101 SET character_set_client = @saved_cs_client */;

--
-- Dumping data for table `origins`
--

LOCK TABLES `origins` WRITE;
/*!40000 ALTER TABLE `origins` DISABLE KEYS */;
INSERT INTO `origins` VALUES (1,'2','U','RECEP REAL VIDA EMERGENCIA',1,2,'2022-02-14 18:41:23','2022-02-14 18:41:23'),(2,'26','I','INT URGENCIA ADULTO',1,1,'2022-02-14 18:44:44','2022-02-14 18:44:44'),(3,'27','I','INT URGENCIA INFANTIL',1,1,'2022-02-16 18:35:57','2022-02-16 18:35:57'),(4,'281','I','INTERNACAO CONVENIOS',1,3,'2022-06-15 22:38:35','2022-06-15 22:38:35'),(5,'283','U','PLANTAO MEDICO 24 H',1,3,'2022-06-21 13:46:42','2022-06-21 13:46:42'),(6,'462','U','PLANTAO MEDICO PEDIATRICO',1,3,'2022-07-09 16:34:55','2022-07-09 16:34:55'),(7,'107','I','RECEP RHC ELETIVO  ',1,2,'2022-08-24 10:40:57','2022-08-24 10:40:57'),(8,'73','I','PA PEDIATRICO (INTERNACAO)',1,4,'2022-09-20 17:59:45','2022-09-20 17:59:45'),(9,'131','I','PA ORTOPEDICO (INTERNACAO)',1,4,'2022-09-21 21:15:22','2022-09-21 21:15:22'),(10,'12','I','INTERNACAO',1,4,'2022-09-23 21:00:57','2022-09-23 21:00:57'),(11,'75','I','PA ADULTO (INTERNACAO)',1,4,'2022-10-09 16:33:48','2022-10-09 16:33:48'),(12,'122','I','TRANSFERENCIA EXTERNA',1,4,'2022-11-15 14:49:06','2022-11-15 14:49:06'),(13,'26','I','INT URGENCIA ADULTO',1,3,'2022-12-13 15:05:45','2022-12-13 15:05:45'),(14,'7','I','INT ELETIVA ADULTO',1,1,'2022-12-21 17:27:41','2022-12-21 17:27:41'),(15,'9','U','PA ADULTO',1,1,'2023-01-01 22:04:02','2023-01-01 22:04:02'),(16,'8','I','INT ELETIVA INFANTIL',1,1,'2023-01-05 01:39:57','2023-01-05 01:39:57'),(17,'10','U','PA INFANTIL',1,1,'2023-01-13 23:25:51','2023-01-13 23:25:51'),(18,'123','I','CONSULTORIO MEDICO',1,4,'2023-01-23 19:35:52','2023-01-23 19:35:52'),(19,'41','I','INT HEMODINAMICA',1,1,'2023-01-24 17:49:44','2023-01-24 17:49:44'),(20,'188','U','INTERNACAO URGENCIA',1,1,'2023-02-05 23:38:28','2023-02-05 23:38:28'),(21,'665','U','INTERNACAO URGENCIA',1,1,'2023-02-08 21:43:46','2023-02-08 21:43:46');
/*!40000 ALTER TABLE `origins` ENABLE KEYS */;
UNLOCK TABLES;

--
-- Table structure for table `sectors`
--

DROP TABLE IF EXISTS `sectors`;
/*!40101 SET @saved_cs_client     = @@character_set_client */;
/*!40101 SET character_set_client = utf8 */;
CREATE TABLE `sectors` (
  `id` int(10) unsigned NOT NULL AUTO_INCREMENT,
  `i_code` varchar(255) DEFAULT NULL,
  `description` varchar(255) DEFAULT NULL,
  `is_active` tinyint(1) DEFAULT '1',
  `company_id` int(10) unsigned DEFAULT NULL,
  `created_at` timestamp NOT NULL DEFAULT CURRENT_TIMESTAMP,
  `updated_at` timestamp NOT NULL DEFAULT CURRENT_TIMESTAMP,
  PRIMARY KEY (`id`),
  KEY `sectors_company_id_foreign` (`company_id`),
  CONSTRAINT `sectors_company_id_foreign` FOREIGN KEY (`company_id`) REFERENCES `companies` (`id`)
) ENGINE=InnoDB AUTO_INCREMENT=130 DEFAULT CHARSET=utf8mb4;
/*!40101 SET character_set_client = @saved_cs_client */;

--
-- Dumping data for table `sectors`
--

LOCK TABLES `sectors` WRITE;
/*!40000 ALTER TABLE `sectors` DISABLE KEYS */;
INSERT INTO `sectors` VALUES (75,'24','CENTRO CIRURGICO HSC',1,1,'2022-06-10 12:56:51','2023-02-15 18:20:05'),(76,'2','UNID INT 2 A HSC',1,1,'2022-06-10 12:56:51','2023-02-15 18:20:05'),(77,'3','UNID INT 3 A HSC',1,1,'2022-06-10 12:56:51','2023-02-15 18:20:05'),(78,'106','UNID INT 3 C HSC',1,1,'2022-06-10 12:56:51','2023-02-15 18:20:05'),(79,'4','UNID INT 4 A HSC',1,1,'2022-06-10 12:56:51','2023-02-15 18:20:05'),(80,'10','UNID INT 4 B HSC',1,1,'2022-06-10 12:56:51','2023-02-15 18:20:05'),(81,'235','UNID INT 5 A HSC',1,1,'2022-06-10 12:56:51','2023-02-15 18:20:05'),(82,'236','UNID INT 5 B HSC',1,1,'2022-06-10 12:56:51','2023-02-15 18:20:05'),(83,'175','UNID INT 6 A HSC',1,1,'2022-06-10 12:56:51','2023-02-15 18:20:05'),(84,'211','UNID INT 6 B HSC',1,1,'2022-06-10 12:56:51','2023-02-15 18:20:05'),(85,'12','UNID INT 7 A HSC',1,1,'2022-06-10 12:56:51','2023-02-15 18:20:05'),(86,'311','UNID INT 8 A HSC',1,1,'2022-06-10 12:56:51','2023-02-15 18:20:05'),(87,'200','UTI GERAL HSC',1,1,'2022-06-10 12:56:51','2023-02-15 18:20:05'),(88,'183','UTI CARDIO HSC',1,1,'2022-06-10 12:56:51','2023-02-15 18:20:05'),(89,'237','UTI MULTIDISCIPLINAR HSC',1,1,'2022-06-10 12:56:51','2023-02-15 18:20:05'),(90,'208','UTI NEUROLOGICA HSC',1,1,'2022-06-10 12:56:51','2023-02-15 18:20:05'),(91,'18','UTI PEDIATRICA HSC',1,1,'2022-06-10 12:56:51','2023-02-15 18:20:05'),(92,'105','PRE CIRURGICO',1,1,'2022-06-10 12:56:51','2023-02-15 18:20:05'),(93,'1181','UNID INT N. SRA. FATIMA HST',1,3,'2022-06-15 22:38:35','2022-12-15 18:56:20'),(94,'1185','UNID INT SANTA CATARINA HST',1,3,'2022-06-21 13:46:42','2022-09-22 14:05:50'),(95,'1187','UNID INT SANTA ISABEL HST',1,3,'2022-06-23 11:15:30','2022-12-03 15:22:19'),(96,'1180','UNID INT MADRE REGINA-MULHER HST',1,3,'2022-06-29 20:58:36','2022-11-23 12:23:50'),(97,'1183','UNID INT PEDIATRIA HST',1,3,'2022-07-09 16:34:55','2022-12-03 18:19:24'),(98,'1173','PA CONVENIO HST',1,3,'2022-07-09 23:16:22','2022-11-21 11:05:56'),(99,'1186','UNID INT SANTA CATARINA A HST',1,3,'2022-07-10 11:15:50','2022-10-22 14:11:00'),(100,'1179','UNID INT IRMA GREGORIA HST',1,3,'2022-07-18 00:07:03','2022-09-13 22:57:55'),(101,'1182','UNID INT N. SRA. PIEDADE HST',1,3,'2022-07-30 11:08:28','2022-11-03 20:17:50'),(102,'3159','UTI NEO E PEDIATRICA HST',1,3,'2022-08-19 16:31:31','2022-10-07 11:26:12'),(103,'279','ERHC 13 AND - APARTAMENTO',1,2,'2022-08-24 10:40:58','2022-08-24 10:40:58'),(104,'273','ERHC 09 AND - APARTAMENTO',1,2,'2022-08-24 16:08:09','2022-08-24 16:08:09'),(105,'239','PA PEDIATRICO',1,4,'2022-09-20 17:59:45','2022-10-25 14:45:03'),(106,'250','UI 2 ANDAR PEDIATRIA',1,4,'2022-09-21 14:17:09','2023-02-15 14:44:22'),(107,'300','PA ORTOPEDICO',1,4,'2022-09-21 21:15:22','2022-09-21 21:17:48'),(108,'227','UI CONDE 6',1,4,'2022-09-23 21:00:57','2023-02-14 00:49:42'),(109,'248','UI - J.NETO 3 AND B',1,4,'2022-10-06 12:54:19','2023-02-07 20:57:03'),(110,'247','UI - J.NETO 3 AND A',1,4,'2022-10-18 16:17:15','2023-02-09 13:12:56'),(111,'3778','UNIDADE DAY CLINIC HST',1,3,'2022-11-03 11:21:36','2022-11-03 11:22:46'),(112,'109','UI ERICK LOEF PEDIATRIA',1,4,'2022-11-11 17:01:36','2022-11-11 17:31:09'),(113,'1168','HEMODINAMICA HST',1,3,'2022-11-23 10:36:58','2022-11-23 10:37:26'),(114,'241','UI CONDE 3',1,4,'2022-11-24 15:08:40','2022-11-24 15:59:51'),(115,'243','UI CONDE 4',1,4,'2022-11-26 23:46:01','2022-11-26 23:48:23'),(116,'228','UI CONDE 5',1,4,'2022-11-29 13:34:42','2023-01-30 16:22:54'),(117,'238','UI 3 ANDAR PEDIATRIA',1,4,'2022-11-29 14:52:34','2023-02-15 18:17:55'),(118,'252','UI - J.NETO 2 AND',1,4,'2022-12-03 20:18:22','2022-12-07 14:05:26'),(119,'1119','UNIDADE SEMI-INTENSIVA',1,4,'2022-12-08 15:36:33','2022-12-08 15:36:58'),(120,'251','UI - J.NETO 1 AND A',1,4,'2022-12-12 17:20:22','2023-02-15 17:22:05'),(121,'37','PA ADULTO HSC',1,1,'2022-12-13 14:37:42','2023-02-05 02:28:42'),(122,'37','PA ADULTO HSC',1,3,'2022-12-13 15:05:45','2022-12-13 15:20:14'),(123,'200','UTI GERAL HSC',1,3,'2022-12-15 18:49:04','2022-12-16 18:51:41'),(124,'237','UTI MULTIDISCIPLINAR HSC',1,3,'2022-12-17 22:39:31','2022-12-23 12:41:57'),(125,'244','UI CONDE 1',1,4,'2022-12-20 12:32:34','2022-12-20 20:08:44'),(126,'246','UI - J.NETO 1 AND B',1,4,'2023-01-12 15:23:30','2023-01-30 22:30:05'),(127,'2463','UNID INT MATERNIDADE HCNSC',1,1,'2023-02-05 23:38:28','2023-02-06 00:36:36'),(128,'2465','UNID INT SUS FEMININO HCNSC',1,1,'2023-02-08 21:43:46','2023-02-08 21:46:11'),(129,'147','PA PEDIATRICO HSC',1,1,'2023-02-14 19:52:12','2023-02-14 23:01:44');
/*!40000 ALTER TABLE `sectors` ENABLE KEYS */;
UNLOCK TABLES;
/*!40103 SET TIME_ZONE=@OLD_TIME_ZONE */;

/*!40101 SET SQL_MODE=@OLD_SQL_MODE */;
/*!40014 SET FOREIGN_KEY_CHECKS=@OLD_FOREIGN_KEY_CHECKS */;
/*!40014 SET UNIQUE_CHECKS=@OLD_UNIQUE_CHECKS */;
/*!40101 SET CHARACTER_SET_CLIENT=@OLD_CHARACTER_SET_CLIENT */;
/*!40101 SET CHARACTER_SET_RESULTS=@OLD_CHARACTER_SET_RESULTS */;
/*!40101 SET COLLATION_CONNECTION=@OLD_COLLATION_CONNECTION */;
/*!40111 SET SQL_NOTES=@OLD_SQL_NOTES */;

-- Dump completed on 2023-02-15 18:23:15
